-- 批次匯入客戶資料
BEGIN;
INSERT INTO "customers" ("id", "customer_number", "notes", "is_deleted", "created_at", "updated_at") VALUES ('a1e1f5b2-a76e-49cf-ac26-51f7bb5f1288', '20160307-C01', '原始報價編號: 20160307-006
報價紀錄: 20160307-006, 20240926-003
歷史成交數: 2', false, '2026-03-05 16:13:20', '2026-03-05 16:13:20');
INSERT INTO "company_names" ("id", "customer_id", "company_name", "is_primary", "sort_order", "created_at", "updated_at") VALUES ('9bc67891-519d-419f-b28b-ec286cd99e74', 'a1e1f5b2-a76e-49cf-ac26-51f7bb5f1288', '元太慈愛人文推廣協進會', true, 1, '2026-03-05 16:13:20', '2026-03-05 16:13:20');
INSERT INTO "company_names" ("id", "customer_id", "company_name", "is_primary", "sort_order", "created_at", "updated_at") VALUES ('3174f90f-04eb-4eac-9292-499800ca08a4', 'a1e1f5b2-a76e-49cf-ac26-51f7bb5f1288', '元太道堂弘道總會', false, 2, '2026-03-05 16:13:20', '2026-03-05 16:13:20');
INSERT INTO "locations" ("id", "customer_id", "name", "address", "is_primary", "sort_order", "created_at", "updated_at") VALUES ('4236f213-98b2-4420-a511-0f30cead62e4', 'a1e1f5b2-a76e-49cf-ac26-51f7bb5f1288', '主要地址', '台北市文山區秀明路二段112巷11號1樓', true, 1, '2026-03-05 16:13:20', '2026-03-05 16:13:20');
INSERT INTO "locations" ("id", "customer_id", "name", "address", "is_primary", "sort_order", "created_at", "updated_at") VALUES ('5f22944c-11c0-4f48-bfbc-40358d8d0710', 'a1e1f5b2-a76e-49cf-ac26-51f7bb5f1288', '分支地址2', '台北市文山區秀明路二段112巷9號1樓', false, 2, '2026-03-05 16:13:20', '2026-03-05 16:13:20');
INSERT INTO "contacts" ("id", "customer_id", "name", "phone", "mobile", "email", "fax", "is_primary", "sort_order", "created_at", "updated_at") VALUES ('acc15445-3a59-4c5e-b423-9f0241a0c2d4', 'a1e1f5b2-a76e-49cf-ac26-51f7bb5f1288', '廖宗典 先生', NULL, '0928-230-018', NULL, NULL, true, 1, '2026-03-05 16:13:20', '2026-03-05 16:13:20');
INSERT INTO "customers" ("id", "customer_number", "notes", "is_deleted", "created_at", "updated_at") VALUES ('dfc47663-6a2d-4718-ba75-c794b669c781', '20170802-C01', '原始報價編號: 20170802-005
報價紀錄: 20170802-005, 20210603-005, 20210706-003
歷史成交數: 3', false, '2026-03-05 16:13:20', '2026-03-05 16:13:20');
INSERT INTO "company_names" ("id", "customer_id", "company_name", "is_primary", "sort_order", "created_at", "updated_at") VALUES ('4406533a-cdb2-4267-b8bf-4893419e2c48', 'dfc47663-6a2d-4718-ba75-c794b669c781', '社團法人臺北市幼托協會', true, 1, '2026-03-05 16:13:20', '2026-03-05 16:13:20');
INSERT INTO "company_names" ("id", "customer_id", "company_name", "is_primary", "sort_order", "created_at", "updated_at") VALUES ('d71629fa-5121-43bc-bdeb-6fcdb4d4ccf3', 'dfc47663-6a2d-4718-ba75-c794b669c781', '臺北市私立星雲非營利幼兒園', false, 2, '2026-03-05 16:13:20', '2026-03-05 16:13:20');
INSERT INTO "locations" ("id", "customer_id", "name", "address", "is_primary", "sort_order", "created_at", "updated_at") VALUES ('cf9921d5-b965-4b96-b68b-53660ee6f43b', 'dfc47663-6a2d-4718-ba75-c794b669c781', '主要地址', '台北市內湖區星雲街161巷3號2樓', true, 1, '2026-03-05 16:13:20', '2026-03-05 16:13:20');
INSERT INTO "locations" ("id", "customer_id", "name", "address", "is_primary", "sort_order", "created_at", "updated_at") VALUES ('ba5657e5-1623-48c1-9dd9-b24fcf8ce0dc', 'dfc47663-6a2d-4718-ba75-c794b669c781', '分支地址2', '台北市信義區忠孝東路五段790巷27號1樓', false, 2, '2026-03-05 16:13:20', '2026-03-05 16:13:20');
INSERT INTO "contacts" ("id", "customer_id", "name", "phone", "mobile", "email", "fax", "is_primary", "sort_order", "created_at", "updated_at") VALUES ('8f01deb4-a3f7-42fe-a1f6-c288bfdc6dcd', 'dfc47663-6a2d-4718-ba75-c794b669c781', '陳幸碧 小姐', '02-8791-8776', '0962-070-803', NULL, NULL, true, 1, '2026-03-05 16:13:20', '2026-03-05 16:13:20');
INSERT INTO "contacts" ("id", "customer_id", "name", "phone", "mobile", "email", "fax", "is_primary", "sort_order", "created_at", "updated_at") VALUES ('c852531e-70c5-4fd7-a3a0-3c0bf9be1e77', 'dfc47663-6a2d-4718-ba75-c794b669c781', '黃小姐', NULL, '0920-075-991', NULL, NULL, false, 2, '2026-03-05 16:13:20', '2026-03-05 16:13:20');
INSERT INTO "customers" ("id", "customer_number", "notes", "is_deleted", "created_at", "updated_at") VALUES ('2424c26f-4f24-4536-a90d-0c066134b2e9', '20200106-C01', '原始報價編號: 20200106-009
報價紀錄: 20200106-009, 20200106-010
歷史成交數: 2', false, '2026-03-05 16:13:20', '2026-03-05 16:13:20');
INSERT INTO "locations" ("id", "customer_id", "name", "address", "is_primary", "sort_order", "created_at", "updated_at") VALUES ('7240b8fb-8954-4d19-9953-62bb923c2930', '2424c26f-4f24-4536-a90d-0c066134b2e9', '主要地址', '新北市新店區中正路154巷10之1號1樓', true, 1, '2026-03-05 16:13:20', '2026-03-05 16:13:20');
INSERT INTO "contacts" ("id", "customer_id", "name", "phone", "mobile", "email", "fax", "is_primary", "sort_order", "created_at", "updated_at") VALUES ('a82691f6-d7f9-4187-aa0a-d9b69b0c7330', '2424c26f-4f24-4536-a90d-0c066134b2e9', '馬菁伶 小姐', '02-2219-2258', '0975-510-747', NULL, NULL, true, 1, '2026-03-05 16:13:20', '2026-03-05 16:13:20');
INSERT INTO "customers" ("id", "customer_number", "notes", "is_deleted", "created_at", "updated_at") VALUES ('3f61589d-df27-41ba-a3a5-4748939adf0e', '20200110-C01', '原始報價編號: 20200110-008
報價紀錄: 20200110-008
歷史成交數: 1', false, '2026-03-05 16:13:20', '2026-03-05 16:13:20');
INSERT INTO "company_names" ("id", "customer_id", "company_name", "is_primary", "sort_order", "created_at", "updated_at") VALUES ('bc411bd8-c0f0-4ad6-90b6-b2b0419576a7', '3f61589d-df27-41ba-a3a5-4748939adf0e', '實理材料股份有限公司', true, 1, '2026-03-05 16:13:20', '2026-03-05 16:13:20');
INSERT INTO "locations" ("id", "customer_id", "name", "address", "is_primary", "sort_order", "created_at", "updated_at") VALUES ('88b6b007-718b-4dad-8e33-4638009c2e6f', '3f61589d-df27-41ba-a3a5-4748939adf0e', '主要地址', '新北市汐止區大同路二段143號2樓', true, 1, '2026-03-05 16:13:20', '2026-03-05 16:13:20');
INSERT INTO "contacts" ("id", "customer_id", "name", "phone", "mobile", "email", "fax", "is_primary", "sort_order", "created_at", "updated_at") VALUES ('23dadbfc-ddc9-44ed-a92b-498b1fecf1f7', '3f61589d-df27-41ba-a3a5-4748939adf0e', '謝小姐', '02-8692-6511', NULL, NULL, NULL, true, 1, '2026-03-05 16:13:20', '2026-03-05 16:13:20');
INSERT INTO "customers" ("id", "customer_number", "notes", "is_deleted", "created_at", "updated_at") VALUES ('7ce1b8d7-730f-4be4-a340-382d75d1a4c2', '20200122-C01', '原始報價編號: 20200122-003
報價紀錄: 20200122-003, 20220513-005
歷史成交數: 2', false, '2026-03-05 16:13:20', '2026-03-05 16:13:20');
INSERT INTO "company_names" ("id", "customer_id", "company_name", "is_primary", "sort_order", "created_at", "updated_at") VALUES ('9dba3054-e743-4b2d-8f18-e4d40ecb3a0b', '7ce1b8d7-730f-4be4-a340-382d75d1a4c2', '全國教師工會總聯合會', true, 1, '2026-03-05 16:13:20', '2026-03-05 16:13:20');
INSERT INTO "locations" ("id", "customer_id", "name", "address", "is_primary", "sort_order", "created_at", "updated_at") VALUES ('234cae53-0cc5-49d4-8b26-00cde9731308', '7ce1b8d7-730f-4be4-a340-382d75d1a4c2', '主要地址', '台北市中山區民權西路27號2樓', true, 1, '2026-03-05 16:13:20', '2026-03-05 16:13:20');
INSERT INTO "contacts" ("id", "customer_id", "name", "phone", "mobile", "email", "fax", "is_primary", "sort_order", "created_at", "updated_at") VALUES ('38993b2b-2580-4430-bd4c-096c498e4a6c', '7ce1b8d7-730f-4be4-a340-382d75d1a4c2', '游小姐', '02-2585-7528 ＃303', '0989-351-418', NULL, NULL, true, 1, '2026-03-05 16:13:20', '2026-03-05 16:13:20');
INSERT INTO "customers" ("id", "customer_number", "notes", "is_deleted", "created_at", "updated_at") VALUES ('96dfd40a-43ac-45de-aebb-34176dc7f937', '20200130-C01', '原始報價編號: 20200130-006
報價紀錄: 20200130-006
歷史成交數: 1', false, '2026-03-05 16:13:20', '2026-03-05 16:13:20');
INSERT INTO "company_names" ("id", "customer_id", "company_name", "is_primary", "sort_order", "created_at", "updated_at") VALUES ('c2e2ff59-f150-4513-89ca-561769ecec62', '96dfd40a-43ac-45de-aebb-34176dc7f937', '達云光電股份有限公司', true, 1, '2026-03-05 16:13:20', '2026-03-05 16:13:20');
INSERT INTO "locations" ("id", "customer_id", "name", "address", "is_primary", "sort_order", "created_at", "updated_at") VALUES ('4dd0d7cd-5f6c-4d97-85be-e52d09618313', '96dfd40a-43ac-45de-aebb-34176dc7f937', '主要地址', '新北市汐止區大同路一段181號13樓之2', true, 1, '2026-03-05 16:13:20', '2026-03-05 16:13:20');
INSERT INTO "contacts" ("id", "customer_id", "name", "phone", "mobile", "email", "fax", "is_primary", "sort_order", "created_at", "updated_at") VALUES ('c3260544-a44b-41a7-ac6b-2b3dbe487ca3', '96dfd40a-43ac-45de-aebb-34176dc7f937', '林先生', '02-2690-3972 #66', '0985-296-561', NULL, NULL, true, 1, '2026-03-05 16:13:20', '2026-03-05 16:13:20');
INSERT INTO "customers" ("id", "customer_number", "notes", "is_deleted", "created_at", "updated_at") VALUES ('d60d19fd-ce85-4240-83b7-40d46aeff68f', '20200131-C01', '原始報價編號: 20200131-003
報價紀錄: 20200131-003
歷史成交數: 1', false, '2026-03-05 16:13:20', '2026-03-05 16:13:20');
INSERT INTO "company_names" ("id", "customer_id", "company_name", "is_primary", "sort_order", "created_at", "updated_at") VALUES ('c19a66d3-11a0-41b6-8c65-51d77fc22f23', 'd60d19fd-ce85-4240-83b7-40d46aeff68f', '台山川科技股份有限公司', true, 1, '2026-03-05 16:13:20', '2026-03-05 16:13:20');
INSERT INTO "locations" ("id", "customer_id", "name", "address", "is_primary", "sort_order", "created_at", "updated_at") VALUES ('f4cf16d5-7307-479c-b5e0-1e1dec0ea0a5', 'd60d19fd-ce85-4240-83b7-40d46aeff68f', '主要地址', '台北巿中山北路二段23號3樓', true, 1, '2026-03-05 16:13:20', '2026-03-05 16:13:20');
INSERT INTO "contacts" ("id", "customer_id", "name", "phone", "mobile", "email", "fax", "is_primary", "sort_order", "created_at", "updated_at") VALUES ('47a7af15-6b2a-4147-80d9-904667ccbf15', 'd60d19fd-ce85-4240-83b7-40d46aeff68f', '賴冠均 先生', '02-2561-6918', '0922-666-818', NULL, NULL, true, 1, '2026-03-05 16:13:20', '2026-03-05 16:13:20');
INSERT INTO "customers" ("id", "customer_number", "notes", "is_deleted", "created_at", "updated_at") VALUES ('dbc0a792-439a-4f11-9748-4298a5f45023', '20200161-C01', '原始報價編號: 202001619-008
報價紀錄: 202001619-008, 20200619-007
歷史成交數: 2', false, '2026-03-05 16:13:20', '2026-03-05 16:13:20');
INSERT INTO "company_names" ("id", "customer_id", "company_name", "is_primary", "sort_order", "created_at", "updated_at") VALUES ('cbaf1e89-e4df-49a0-847f-1611af9e8345', 'dbc0a792-439a-4f11-9748-4298a5f45023', '伈創資訊股份有限公司', true, 1, '2026-03-05 16:13:20', '2026-03-05 16:13:20');
INSERT INTO "locations" ("id", "customer_id", "name", "address", "is_primary", "sort_order", "created_at", "updated_at") VALUES ('132e1819-be98-4fbf-b814-ebaef14578a6', 'dbc0a792-439a-4f11-9748-4298a5f45023', '主要地址', '台北市中山區松江路101號9樓', true, 1, '2026-03-05 16:13:20', '2026-03-05 16:13:20');
INSERT INTO "contacts" ("id", "customer_id", "name", "phone", "mobile", "email", "fax", "is_primary", "sort_order", "created_at", "updated_at") VALUES ('799dcf83-21e8-432e-9edd-ede7b0e02089', 'dbc0a792-439a-4f11-9748-4298a5f45023', '張碧真 小姐', '02-2550-6119 #203', NULL, NULL, NULL, true, 1, '2026-03-05 16:13:20', '2026-03-05 16:13:20');
INSERT INTO "customers" ("id", "customer_number", "notes", "is_deleted", "created_at", "updated_at") VALUES ('010fb2f6-bb8a-433a-a176-e65e714b4e8a', '20200207-C01', '原始報價編號: 20200207-009
報價紀錄: 20200207-009, 20210601-003, 20230829-005
歷史成交數: 3', false, '2026-03-05 16:13:20', '2026-03-05 16:13:20');
INSERT INTO "company_names" ("id", "customer_id", "company_name", "is_primary", "sort_order", "created_at", "updated_at") VALUES ('b2e9c291-671e-4bbd-ba13-57add2eae69d', '010fb2f6-bb8a-433a-a176-e65e714b4e8a', '財團法人無國界醫生基金會', true, 1, '2026-03-05 16:13:20', '2026-03-05 16:13:20');
INSERT INTO "locations" ("id", "customer_id", "name", "address", "is_primary", "sort_order", "created_at", "updated_at") VALUES ('6a840b6f-6902-4669-b1cc-88bc8beef309', '010fb2f6-bb8a-433a-a176-e65e714b4e8a', '主要地址', '台北市中山區民權東路三段35號7樓', true, 1, '2026-03-05 16:13:20', '2026-03-05 16:13:20');
INSERT INTO "contacts" ("id", "customer_id", "name", "phone", "mobile", "email", "fax", "is_primary", "sort_order", "created_at", "updated_at") VALUES ('ff91f282-d664-4734-9124-e53d953fdc91', '010fb2f6-bb8a-433a-a176-e65e714b4e8a', 'Jennifer', '02 2709-1313 #112', '0908-206-122', NULL, NULL, true, 1, '2026-03-05 16:13:20', '2026-03-05 16:13:20');
INSERT INTO "customers" ("id", "customer_number", "notes", "is_deleted", "created_at", "updated_at") VALUES ('87fe2f4f-b164-4846-91e5-771c25a09b84', '20200210-C01', '原始報價編號: 20200210-010
報價紀錄: 20200210-010
歷史成交數: 1', false, '2026-03-05 16:13:20', '2026-03-05 16:13:20');
INSERT INTO "company_names" ("id", "customer_id", "company_name", "is_primary", "sort_order", "created_at", "updated_at") VALUES ('bc73aa05-c714-468b-b199-ab7b081f71cc', '87fe2f4f-b164-4846-91e5-771c25a09b84', '信文法律事務所', true, 1, '2026-03-05 16:13:20', '2026-03-05 16:13:20');
INSERT INTO "locations" ("id", "customer_id", "name", "address", "is_primary", "sort_order", "created_at", "updated_at") VALUES ('fde8babb-6ae1-434e-917d-224265dd39db', '87fe2f4f-b164-4846-91e5-771c25a09b84', '主要地址', '台北市敦化南路二段267號11樓', true, 1, '2026-03-05 16:13:20', '2026-03-05 16:13:20');
INSERT INTO "contacts" ("id", "customer_id", "name", "phone", "mobile", "email", "fax", "is_primary", "sort_order", "created_at", "updated_at") VALUES ('49624dcd-2e99-4e81-8b0b-53a27a6ba09e', '87fe2f4f-b164-4846-91e5-771c25a09b84', '李秘書', '02-2377-8077', NULL, NULL, NULL, true, 1, '2026-03-05 16:13:20', '2026-03-05 16:13:20');
INSERT INTO "customers" ("id", "customer_number", "notes", "is_deleted", "created_at", "updated_at") VALUES ('b1ae11d2-70f9-4ebc-877a-550cb5033eb1', '20200211-C01', '原始報價編號: 20200211-007
報價紀錄: 20200211-007, 20210415-003, 20241028-008, 20250905-004
歷史成交數: 4', false, '2026-03-05 16:13:20', '2026-03-05 16:13:20');
INSERT INTO "company_names" ("id", "customer_id", "company_name", "is_primary", "sort_order", "created_at", "updated_at") VALUES ('af4c4222-e160-4d4f-9674-280b7d23d9f9', 'b1ae11d2-70f9-4ebc-877a-550cb5033eb1', '中經合股份有限公司', true, 1, '2026-03-05 16:13:20', '2026-03-05 16:13:20');
INSERT INTO "locations" ("id", "customer_id", "name", "address", "is_primary", "sort_order", "created_at", "updated_at") VALUES ('a6ed133c-d754-452a-8285-287ebdd68642', 'b1ae11d2-70f9-4ebc-877a-550cb5033eb1', '主要地址', '台北市大安區敦化南路二段76號10樓之2', true, 1, '2026-03-05 16:13:20', '2026-03-05 16:13:20');
INSERT INTO "contacts" ("id", "customer_id", "name", "phone", "mobile", "email", "fax", "is_primary", "sort_order", "created_at", "updated_at") VALUES ('ca3358f7-8548-4bb0-9925-00ec9aad4f43', 'b1ae11d2-70f9-4ebc-877a-550cb5033eb1', '林小姐', '02-2755-6033 #111', NULL, NULL, NULL, true, 1, '2026-03-05 16:13:20', '2026-03-05 16:13:20');
INSERT INTO "contacts" ("id", "customer_id", "name", "phone", "mobile", "email", "fax", "is_primary", "sort_order", "created_at", "updated_at") VALUES ('9dae875d-dcc2-4f30-aca8-21c5c0965727', 'b1ae11d2-70f9-4ebc-877a-550cb5033eb1', '楊景嵐 小姐', NULL, NULL, NULL, NULL, false, 2, '2026-03-05 16:13:20', '2026-03-05 16:13:20');
INSERT INTO "customers" ("id", "customer_number", "notes", "is_deleted", "created_at", "updated_at") VALUES ('a15950c3-4d99-4a07-b2f7-80da7a8735c1', '20200212-C01', '原始報價編號: 20200212-007
報價紀錄: 20200212-007
歷史成交數: 1', false, '2026-03-05 16:13:20', '2026-03-05 16:13:20');
INSERT INTO "company_names" ("id", "customer_id", "company_name", "is_primary", "sort_order", "created_at", "updated_at") VALUES ('b08005af-af54-4678-a9f0-eb2591b3797d', 'a15950c3-4d99-4a07-b2f7-80da7a8735c1', '欣訊科技股份有限公司', true, 1, '2026-03-05 16:13:20', '2026-03-05 16:13:20');
INSERT INTO "locations" ("id", "customer_id", "name", "address", "is_primary", "sort_order", "created_at", "updated_at") VALUES ('8e154155-6d90-4112-9e38-8224b3b9fe3a', 'a15950c3-4d99-4a07-b2f7-80da7a8735c1', '主要地址', '新北市汐止區大同路二段173號10樓', true, 1, '2026-03-05 16:13:20', '2026-03-05 16:13:20');
INSERT INTO "contacts" ("id", "customer_id", "name", "phone", "mobile", "email", "fax", "is_primary", "sort_order", "created_at", "updated_at") VALUES ('37d17ec4-eb80-47fa-aa71-d0a2b8551352', 'a15950c3-4d99-4a07-b2f7-80da7a8735c1', '簡先生', '02-8692-6267', NULL, NULL, NULL, true, 1, '2026-03-05 16:13:20', '2026-03-05 16:13:20');
INSERT INTO "customers" ("id", "customer_number", "notes", "is_deleted", "created_at", "updated_at") VALUES ('7488c0d4-c66d-4717-80dc-b58a230454e6', '20200213-C01', '原始報價編號: 20200213-006
報價紀錄: 20200213-006
歷史成交數: 1', false, '2026-03-05 16:13:20', '2026-03-05 16:13:20');
INSERT INTO "company_names" ("id", "customer_id", "company_name", "is_primary", "sort_order", "created_at", "updated_at") VALUES ('8e808a7a-5954-4cf4-9689-18ac544b21d3', '7488c0d4-c66d-4717-80dc-b58a230454e6', '文德福網絡服務有限公司', true, 1, '2026-03-05 16:13:20', '2026-03-05 16:13:20');
INSERT INTO "locations" ("id", "customer_id", "name", "address", "is_primary", "sort_order", "created_at", "updated_at") VALUES ('c4da3776-9dcd-4193-af4c-b17f5882247e', '7488c0d4-c66d-4717-80dc-b58a230454e6', '主要地址', '台北市中山區松江路273號5樓', true, 1, '2026-03-05 16:13:20', '2026-03-05 16:13:20');
INSERT INTO "contacts" ("id", "customer_id", "name", "phone", "mobile", "email", "fax", "is_primary", "sort_order", "created_at", "updated_at") VALUES ('e27fade9-9517-4c84-9a2d-3028a116ba9f', '7488c0d4-c66d-4717-80dc-b58a230454e6', '許小姐', '02-2503-2502', NULL, NULL, NULL, true, 1, '2026-03-05 16:13:20', '2026-03-05 16:13:20');
INSERT INTO "customers" ("id", "customer_number", "notes", "is_deleted", "created_at", "updated_at") VALUES ('9f559300-ca20-4d4b-a329-5fd1b997f6eb', '20200217-C01', '原始報價編號: 20200217-012
報價紀錄: 20200217-012, 20230508-010
歷史成交數: 2', false, '2026-03-05 16:13:20', '2026-03-05 16:13:20');
INSERT INTO "company_names" ("id", "customer_id", "company_name", "is_primary", "sort_order", "created_at", "updated_at") VALUES ('1ae2db5c-f061-4567-af98-3c6d09228480', '9f559300-ca20-4d4b-a329-5fd1b997f6eb', '說書人數位行銷有限公司', true, 1, '2026-03-05 16:13:20', '2026-03-05 16:13:20');
INSERT INTO "locations" ("id", "customer_id", "name", "address", "is_primary", "sort_order", "created_at", "updated_at") VALUES ('0afb1080-2226-4f33-8a81-73d641f7af3d', '9f559300-ca20-4d4b-a329-5fd1b997f6eb', '主要地址', '台北市中山區新生北路二段31之1號10樓之3', true, 1, '2026-03-05 16:13:20', '2026-03-05 16:13:20');
INSERT INTO "contacts" ("id", "customer_id", "name", "phone", "mobile", "email", "fax", "is_primary", "sort_order", "created_at", "updated_at") VALUES ('b08028af-08dd-4b98-8a8f-eb0b7598e72f', '9f559300-ca20-4d4b-a329-5fd1b997f6eb', '蘇英傑 先生', '02-2531-1328 #108', '0989-637-958', NULL, NULL, true, 1, '2026-03-05 16:13:20', '2026-03-05 16:13:20');
INSERT INTO "customers" ("id", "customer_number", "notes", "is_deleted", "created_at", "updated_at") VALUES ('929ea585-22b0-4004-ba3e-6ce0051568da', '20200217-C02', '原始報價編號: 20200217-015
報價紀錄: 20200217-015
歷史成交數: 1', false, '2026-03-05 16:13:20', '2026-03-05 16:13:20');
INSERT INTO "company_names" ("id", "customer_id", "company_name", "is_primary", "sort_order", "created_at", "updated_at") VALUES ('5aa36499-b0cc-49ac-9769-b5bf365ca1ca', '929ea585-22b0-4004-ba3e-6ce0051568da', '米蘭營銷策劃股份有限公司', true, 1, '2026-03-05 16:13:20', '2026-03-05 16:13:20');
INSERT INTO "locations" ("id", "customer_id", "name", "address", "is_primary", "sort_order", "created_at", "updated_at") VALUES ('b02000a3-1e4a-464c-b12d-5f0fc6f738de', '929ea585-22b0-4004-ba3e-6ce0051568da', '主要地址', '台北市信義區信義路五段150巷2號20樓之2', true, 1, '2026-03-05 16:13:20', '2026-03-05 16:13:20');
INSERT INTO "contacts" ("id", "customer_id", "name", "phone", "mobile", "email", "fax", "is_primary", "sort_order", "created_at", "updated_at") VALUES ('11096ed4-6e85-427e-a560-e3a4c744be08', '929ea585-22b0-4004-ba3e-6ce0051568da', '周先生', '02-2739-0000', NULL, NULL, NULL, true, 1, '2026-03-05 16:13:20', '2026-03-05 16:13:20');
INSERT INTO "customers" ("id", "customer_number", "notes", "is_deleted", "created_at", "updated_at") VALUES ('bc9d87a0-669b-411c-bcae-8bd624d18620', '20200219-C01', '原始報價編號: 20200219-008
報價紀錄: 20200219-008
歷史成交數: 1', false, '2026-03-05 16:13:20', '2026-03-05 16:13:20');
INSERT INTO "company_names" ("id", "customer_id", "company_name", "is_primary", "sort_order", "created_at", "updated_at") VALUES ('6f88b109-461b-42ee-ad8d-babcf403b7db', 'bc9d87a0-669b-411c-bcae-8bd624d18620', '擎力科技股份有限公司', true, 1, '2026-03-05 16:13:20', '2026-03-05 16:13:20');
INSERT INTO "locations" ("id", "customer_id", "name", "address", "is_primary", "sort_order", "created_at", "updated_at") VALUES ('c754278b-4031-4231-be5e-520c20a8e124', 'bc9d87a0-669b-411c-bcae-8bd624d18620', '主要地址', '台北市南港區園區街3之1號7樓之2', true, 1, '2026-03-05 16:13:20', '2026-03-05 16:13:20');
INSERT INTO "contacts" ("id", "customer_id", "name", "phone", "mobile", "email", "fax", "is_primary", "sort_order", "created_at", "updated_at") VALUES ('274c339c-9ce7-49d3-b5ba-9f2abd0f18c7', 'bc9d87a0-669b-411c-bcae-8bd624d18620', '徐小姐', '02-2655-8178 #222', NULL, NULL, NULL, true, 1, '2026-03-05 16:13:20', '2026-03-05 16:13:20');
INSERT INTO "customers" ("id", "customer_number", "notes", "is_deleted", "created_at", "updated_at") VALUES ('ee3938a8-b29d-467d-9f0b-3ab7a6e67d3d', '20200221-C01', '原始報價編號: 20200221-003
報價紀錄: 20200221-003, 20210910-016, 20210922-012
歷史成交數: 3', false, '2026-03-05 16:13:20', '2026-03-05 16:13:20');
INSERT INTO "company_names" ("id", "customer_id", "company_name", "is_primary", "sort_order", "created_at", "updated_at") VALUES ('4dcad774-fe28-4606-919c-faf81f04d38d', 'ee3938a8-b29d-467d-9f0b-3ab7a6e67d3d', '國立臺灣大學', true, 1, '2026-03-05 16:13:20', '2026-03-05 16:13:20');
INSERT INTO "company_names" ("id", "customer_id", "company_name", "is_primary", "sort_order", "created_at", "updated_at") VALUES ('1b4421b2-59fc-4790-98ba-d9c00853d4f6', 'ee3938a8-b29d-467d-9f0b-3ab7a6e67d3d', '國立台灣大學-台大語言所', false, 2, '2026-03-05 16:13:20', '2026-03-05 16:13:20');
INSERT INTO "company_names" ("id", "customer_id", "company_name", "is_primary", "sort_order", "created_at", "updated_at") VALUES ('c1ddc28f-e324-452c-9229-9bfa406643c2', 'ee3938a8-b29d-467d-9f0b-3ab7a6e67d3d', '台大語言學研究所 樂學館3樓', false, 3, '2026-03-05 16:13:20', '2026-03-05 16:13:20');
INSERT INTO "locations" ("id", "customer_id", "name", "address", "is_primary", "sort_order", "created_at", "updated_at") VALUES ('77c27914-e853-4cb4-a541-4d829f190bb2', 'ee3938a8-b29d-467d-9f0b-3ab7a6e67d3d', '主要地址', '台北市羅斯福路四段1號思亮館101室', true, 1, '2026-03-05 16:13:20', '2026-03-05 16:13:20');
INSERT INTO "contacts" ("id", "customer_id", "name", "phone", "mobile", "email", "fax", "is_primary", "sort_order", "created_at", "updated_at") VALUES ('2a867d2d-6f40-4a47-a4d2-ab9aaf19fa21', 'ee3938a8-b29d-467d-9f0b-3ab7a6e67d3d', '吳柏霖 先生', '02-3366-4104 #301', '0910-857-986', NULL, NULL, true, 1, '2026-03-05 16:13:20', '2026-03-05 16:13:20');
INSERT INTO "contacts" ("id", "customer_id", "name", "phone", "mobile", "email", "fax", "is_primary", "sort_order", "created_at", "updated_at") VALUES ('c68c3803-0ba5-4918-8419-89a7eab15635', 'ee3938a8-b29d-467d-9f0b-3ab7a6e67d3d', '劉美玲 小姐', '02-3366-2804', NULL, NULL, NULL, false, 2, '2026-03-05 16:13:20', '2026-03-05 16:13:20');
INSERT INTO "customers" ("id", "customer_number", "notes", "is_deleted", "created_at", "updated_at") VALUES ('acb52700-56b4-42a0-92fb-e09296eb7bd8', '20200303-C01', '原始報價編號: 20200303-016
報價紀錄: 20200303-016, 20210514-007
歷史成交數: 2', false, '2026-03-05 16:13:20', '2026-03-05 16:13:20');
INSERT INTO "company_names" ("id", "customer_id", "company_name", "is_primary", "sort_order", "created_at", "updated_at") VALUES ('bb91ad03-c279-4492-be9e-7aa3af362977', 'acb52700-56b4-42a0-92fb-e09296eb7bd8', '睿世軟體科技股份有限公司', true, 1, '2026-03-05 16:13:20', '2026-03-05 16:13:20');
INSERT INTO "locations" ("id", "customer_id", "name", "address", "is_primary", "sort_order", "created_at", "updated_at") VALUES ('fa9c67e7-9751-4e9a-b5df-28905f96772d', 'acb52700-56b4-42a0-92fb-e09296eb7bd8', '主要地址', '台北市內湖區洲子街57號6樓', true, 1, '2026-03-05 16:13:20', '2026-03-05 16:13:20');
INSERT INTO "contacts" ("id", "customer_id", "name", "phone", "mobile", "email", "fax", "is_primary", "sort_order", "created_at", "updated_at") VALUES ('202f974d-6429-4994-876e-2e9b160867ba', 'acb52700-56b4-42a0-92fb-e09296eb7bd8', '張妤瑄 小姐', '02-2797-0062', NULL, NULL, NULL, true, 1, '2026-03-05 16:13:20', '2026-03-05 16:13:20');
INSERT INTO "contacts" ("id", "customer_id", "name", "phone", "mobile", "email", "fax", "is_primary", "sort_order", "created_at", "updated_at") VALUES ('585bc562-4d9e-4aa9-9595-b8ab0742ff76', 'acb52700-56b4-42a0-92fb-e09296eb7bd8', '鄭秀慧 小姐', '02-2797-0058 #101', NULL, NULL, NULL, false, 2, '2026-03-05 16:13:20', '2026-03-05 16:13:20');
INSERT INTO "customers" ("id", "customer_number", "notes", "is_deleted", "created_at", "updated_at") VALUES ('2f658f46-b371-4d80-a114-9ebd4dd4bbed', '20200304-C01', '原始報價編號: 20200304-003
報價紀錄: 20200304-003, 20200507-005, 20210615-003, 20210806-008, 20220426-005
歷史成交數: 5', false, '2026-03-05 16:13:20', '2026-03-05 16:13:20');
INSERT INTO "company_names" ("id", "customer_id", "company_name", "is_primary", "sort_order", "created_at", "updated_at") VALUES ('d4281b77-7d06-47fd-a563-38799c2ace38', '2f658f46-b371-4d80-a114-9ebd4dd4bbed', '智擎數位科技股份有限公司', true, 1, '2026-03-05 16:13:20', '2026-03-05 16:13:20');
INSERT INTO "locations" ("id", "customer_id", "name", "address", "is_primary", "sort_order", "created_at", "updated_at") VALUES ('c1081486-638d-4df9-8585-0cf2ee8601c1', '2f658f46-b371-4d80-a114-9ebd4dd4bbed', '主要地址', '台北市中山區松江路266號9樓', true, 1, '2026-03-05 16:13:20', '2026-03-05 16:13:20');
INSERT INTO "locations" ("id", "customer_id", "name", "address", "is_primary", "sort_order", "created_at", "updated_at") VALUES ('453410de-835d-4a78-8cb0-958197ce307d', '2f658f46-b371-4d80-a114-9ebd4dd4bbed', '分支地址2', '台北市中山區松江路266號4、9樓', false, 2, '2026-03-05 16:13:20', '2026-03-05 16:13:20');
INSERT INTO "contacts" ("id", "customer_id", "name", "phone", "mobile", "email", "fax", "is_primary", "sort_order", "created_at", "updated_at") VALUES ('a6772a65-7991-4344-aa31-9877ab91cbf7', '2f658f46-b371-4d80-a114-9ebd4dd4bbed', '劉俊廷 先生', '02-7752-0700 #8001', '0922-886-991', NULL, NULL, true, 1, '2026-03-05 16:13:20', '2026-03-05 16:13:20');
INSERT INTO "contacts" ("id", "customer_id", "name", "phone", "mobile", "email", "fax", "is_primary", "sort_order", "created_at", "updated_at") VALUES ('b0d3be57-c39d-4a80-9b07-8525a3be6267', '2f658f46-b371-4d80-a114-9ebd4dd4bbed', '蕭小姐', '02-2523-9777 #7005', NULL, NULL, NULL, false, 2, '2026-03-05 16:13:20', '2026-03-05 16:13:20');
INSERT INTO "contacts" ("id", "customer_id", "name", "phone", "mobile", "email", "fax", "is_primary", "sort_order", "created_at", "updated_at") VALUES ('38dffe92-bbdd-4018-af21-72a4ab8bc15b', '2f658f46-b371-4d80-a114-9ebd4dd4bbed', '聯絡人3', '02-2523-9777 #202', NULL, NULL, NULL, false, 3, '2026-03-05 16:13:20', '2026-03-05 16:13:20');
INSERT INTO "customers" ("id", "customer_number", "notes", "is_deleted", "created_at", "updated_at") VALUES ('3d7dfa0d-ca4c-45e3-bb8e-013c50275761', '20200306-C01', '原始報價編號: 20200306-006
報價紀錄: 20200306-006
歷史成交數: 1', false, '2026-03-05 16:13:20', '2026-03-05 16:13:20');
INSERT INTO "company_names" ("id", "customer_id", "company_name", "is_primary", "sort_order", "created_at", "updated_at") VALUES ('68981451-e4e5-4d00-acc9-7093f9447e78', '3d7dfa0d-ca4c-45e3-bb8e-013c50275761', '和心清酒教育顧問股份有限公司', true, 1, '2026-03-05 16:13:20', '2026-03-05 16:13:20');
INSERT INTO "locations" ("id", "customer_id", "name", "address", "is_primary", "sort_order", "created_at", "updated_at") VALUES ('287ca57b-3cfb-4d78-901b-96d7ce0ad57b', '3d7dfa0d-ca4c-45e3-bb8e-013c50275761', '主要地址', '台北市大安區復興南路二段268號4樓', true, 1, '2026-03-05 16:13:20', '2026-03-05 16:13:20');
INSERT INTO "contacts" ("id", "customer_id", "name", "phone", "mobile", "email", "fax", "is_primary", "sort_order", "created_at", "updated_at") VALUES ('d966f07f-da8f-45fc-92d4-945a56954eaa', '3d7dfa0d-ca4c-45e3-bb8e-013c50275761', '陳先生', '02-2738-1888', NULL, NULL, NULL, true, 1, '2026-03-05 16:13:20', '2026-03-05 16:13:20');
INSERT INTO "customers" ("id", "customer_number", "notes", "is_deleted", "created_at", "updated_at") VALUES ('303235c5-c08e-449a-8248-8b58795e6f78', '20200309-C01', '原始報價編號: 20200309-009
報價紀錄: 20200309-009
歷史成交數: 1', false, '2026-03-05 16:13:20', '2026-03-05 16:13:20');
INSERT INTO "company_names" ("id", "customer_id", "company_name", "is_primary", "sort_order", "created_at", "updated_at") VALUES ('7805c9ca-27e4-4a15-af5f-3e38d369ee01', '303235c5-c08e-449a-8248-8b58795e6f78', '新州電腦股份有限公司', true, 1, '2026-03-05 16:13:20', '2026-03-05 16:13:20');
INSERT INTO "locations" ("id", "customer_id", "name", "address", "is_primary", "sort_order", "created_at", "updated_at") VALUES ('54502106-2048-4ca9-8124-110ff164f72b', '303235c5-c08e-449a-8248-8b58795e6f78', '主要地址', '台北市復興南路一段380號11樓', true, 1, '2026-03-05 16:13:20', '2026-03-05 16:13:20');
INSERT INTO "contacts" ("id", "customer_id", "name", "phone", "mobile", "email", "fax", "is_primary", "sort_order", "created_at", "updated_at") VALUES ('1df54d40-22f3-471b-a9ec-7b59e3e9cc87', '303235c5-c08e-449a-8248-8b58795e6f78', '翁志和 先生', '02-2754-8988 #125', NULL, NULL, NULL, true, 1, '2026-03-05 16:13:20', '2026-03-05 16:13:20');
INSERT INTO "customers" ("id", "customer_number", "notes", "is_deleted", "created_at", "updated_at") VALUES ('404c23fb-4283-4ca3-97f0-d0032d58258a', '20200317-C01', '原始報價編號: 20200317-009
報價紀錄: 20200317-009
歷史成交數: 1', false, '2026-03-05 16:13:20', '2026-03-05 16:13:20');
INSERT INTO "company_names" ("id", "customer_id", "company_name", "is_primary", "sort_order", "created_at", "updated_at") VALUES ('ce144645-f23a-4afd-b12e-a6ded1778d55', '404c23fb-4283-4ca3-97f0-d0032d58258a', '錦鴻精密科技', true, 1, '2026-03-05 16:13:20', '2026-03-05 16:13:20');
INSERT INTO "locations" ("id", "customer_id", "name", "address", "is_primary", "sort_order", "created_at", "updated_at") VALUES ('a8483e1c-3349-4ba7-a1da-47605cf51c28', '404c23fb-4283-4ca3-97f0-d0032d58258a', '主要地址', '新北市新店區北新路三段217號8樓', true, 1, '2026-03-05 16:13:20', '2026-03-05 16:13:20');
INSERT INTO "contacts" ("id", "customer_id", "name", "phone", "mobile", "email", "fax", "is_primary", "sort_order", "created_at", "updated_at") VALUES ('a0452ab3-03e9-484b-909f-e43dd401a26e', '404c23fb-4283-4ca3-97f0-d0032d58258a', '張容齊 小姐', '02-2913-8552', '0986-298-618', NULL, NULL, true, 1, '2026-03-05 16:13:20', '2026-03-05 16:13:20');
INSERT INTO "customers" ("id", "customer_number", "notes", "is_deleted", "created_at", "updated_at") VALUES ('6d16a8c8-dd04-4fdc-8d20-e31a8a80c929', '20200413-C01', '原始報價編號: 20200413-005
報價紀錄: 20200413-005
歷史成交數: 1', false, '2026-03-05 16:13:20', '2026-03-05 16:13:20');
INSERT INTO "company_names" ("id", "customer_id", "company_name", "is_primary", "sort_order", "created_at", "updated_at") VALUES ('702c9a10-e548-4ec3-ab24-4d2207954000', '6d16a8c8-dd04-4fdc-8d20-e31a8a80c929', '樂愷國際有限公司', true, 1, '2026-03-05 16:13:20', '2026-03-05 16:13:20');
INSERT INTO "locations" ("id", "customer_id", "name", "address", "is_primary", "sort_order", "created_at", "updated_at") VALUES ('930bbbff-6304-4bc6-a928-fd086dd3436d', '6d16a8c8-dd04-4fdc-8d20-e31a8a80c929', '主要地址', '台北市忠孝東路四段248巷23號1樓', true, 1, '2026-03-05 16:13:20', '2026-03-05 16:13:20');
INSERT INTO "contacts" ("id", "customer_id", "name", "phone", "mobile", "email", "fax", "is_primary", "sort_order", "created_at", "updated_at") VALUES ('cca41fe2-66e7-4e5c-84ab-087862e83ade', '6d16a8c8-dd04-4fdc-8d20-e31a8a80c929', '郭文貴 先生', NULL, '0936-932-096', NULL, NULL, true, 1, '2026-03-05 16:13:20', '2026-03-05 16:13:20');
INSERT INTO "customers" ("id", "customer_number", "notes", "is_deleted", "created_at", "updated_at") VALUES ('ff1ed756-88a9-4a94-b200-80aeb6d636fe', '20200421-C01', '原始報價編號: 20200421-003
報價紀錄: 20200421-003
歷史成交數: 1', false, '2026-03-05 16:13:20', '2026-03-05 16:13:20');
INSERT INTO "company_names" ("id", "customer_id", "company_name", "is_primary", "sort_order", "created_at", "updated_at") VALUES ('4a893bee-77e8-4ce1-9473-2a1ad80842ca', 'ff1ed756-88a9-4a94-b200-80aeb6d636fe', '主意室內裝修設計有限公司', true, 1, '2026-03-05 16:13:20', '2026-03-05 16:13:20');
INSERT INTO "locations" ("id", "customer_id", "name", "address", "is_primary", "sort_order", "created_at", "updated_at") VALUES ('2adb9e86-fef3-417e-8edf-21007e4ada12', 'ff1ed756-88a9-4a94-b200-80aeb6d636fe', '主要地址', '新北市新店區華城三路101號', true, 1, '2026-03-05 16:13:20', '2026-03-05 16:13:20');
INSERT INTO "locations" ("id", "customer_id", "name", "address", "is_primary", "sort_order", "created_at", "updated_at") VALUES ('a61ae613-49b4-4d6f-9ee0-c645efea70b2', 'ff1ed756-88a9-4a94-b200-80aeb6d636fe', '分支地址2', '新北市新店區華城路99巷2號1樓', false, 2, '2026-03-05 16:13:20', '2026-03-05 16:13:20');
INSERT INTO "contacts" ("id", "customer_id", "name", "phone", "mobile", "email", "fax", "is_primary", "sort_order", "created_at", "updated_at") VALUES ('d950dab9-6c8b-47cc-bb1b-74ee67a35f86', 'ff1ed756-88a9-4a94-b200-80aeb6d636fe', '姚儀儀 小姐', '02-2216-1196', '0936-187-889', NULL, NULL, true, 1, '2026-03-05 16:13:20', '2026-03-05 16:13:20');
INSERT INTO "customers" ("id", "customer_number", "notes", "is_deleted", "created_at", "updated_at") VALUES ('76ee1294-56c9-4364-918a-f4b1e9c67ca3', '20200421-C02', '原始報價編號: 20200421-005
報價紀錄: 20200421-005, 20201214-005, 20201215-009, 20220419-007, 20221021-012
歷史成交數: 5', false, '2026-03-05 16:13:20', '2026-03-05 16:13:20');
INSERT INTO "company_names" ("id", "customer_id", "company_name", "is_primary", "sort_order", "created_at", "updated_at") VALUES ('b2ecda5e-4bba-455a-938e-3b0effa673b9', '76ee1294-56c9-4364-918a-f4b1e9c67ca3', '翔輝運通股份有限公司', true, 1, '2026-03-05 16:13:20', '2026-03-05 16:13:20');
INSERT INTO "company_names" ("id", "customer_id", "company_name", "is_primary", "sort_order", "created_at", "updated_at") VALUES ('dcea6f4e-685c-4712-8d52-4de23e9ffddb', '76ee1294-56c9-4364-918a-f4b1e9c67ca3', '翔輝運通有限公司', false, 2, '2026-03-05 16:13:20', '2026-03-05 16:13:20');
INSERT INTO "locations" ("id", "customer_id", "name", "address", "is_primary", "sort_order", "created_at", "updated_at") VALUES ('0cf55f87-d465-4e86-a025-dcec455142d1', '76ee1294-56c9-4364-918a-f4b1e9c67ca3', '主要地址', '台北市內湖區行善路120號1樓', true, 1, '2026-03-05 16:13:20', '2026-03-05 16:13:20');
INSERT INTO "locations" ("id", "customer_id", "name", "address", "is_primary", "sort_order", "created_at", "updated_at") VALUES ('82fe732b-5eb4-485b-9567-7d33d3c3b544', '76ee1294-56c9-4364-918a-f4b1e9c67ca3', '分支地址2', '台北市內湖區行善路128號1樓(118門禁)', false, 2, '2026-03-05 16:13:20', '2026-03-05 16:13:20');
INSERT INTO "locations" ("id", "customer_id", "name", "address", "is_primary", "sort_order", "created_at", "updated_at") VALUES ('5e0f0913-a14b-4316-bd74-b60a8fe9da6a', '76ee1294-56c9-4364-918a-f4b1e9c67ca3', '分支地址3', '台北市內湖區行善路132號1樓', false, 3, '2026-03-05 16:13:20', '2026-03-05 16:13:20');
INSERT INTO "contacts" ("id", "customer_id", "name", "phone", "mobile", "email", "fax", "is_primary", "sort_order", "created_at", "updated_at") VALUES ('8a66c628-d5e3-4739-b8f4-0ea0e7809aca', '76ee1294-56c9-4364-918a-f4b1e9c67ca3', '湛玉萍 小姐', '02-5582-8000 #605', '0933-727-042', NULL, NULL, true, 1, '2026-03-05 16:13:20', '2026-03-05 16:13:20');
INSERT INTO "customers" ("id", "customer_number", "notes", "is_deleted", "created_at", "updated_at") VALUES ('74fb67fc-0f51-4b5c-a715-bcf178d427e5', '20200422-C01', '原始報價編號: 20200422-008
報價紀錄: 20200422-008
歷史成交數: 1', false, '2026-03-05 16:13:20', '2026-03-05 16:13:20');
INSERT INTO "company_names" ("id", "customer_id", "company_name", "is_primary", "sort_order", "created_at", "updated_at") VALUES ('9d11477a-a21b-4534-b25b-15cd7b2d106d', '74fb67fc-0f51-4b5c-a715-bcf178d427e5', '海極創意代理股份有限公司', true, 1, '2026-03-05 16:13:20', '2026-03-05 16:13:20');
INSERT INTO "locations" ("id", "customer_id", "name", "address", "is_primary", "sort_order", "created_at", "updated_at") VALUES ('7b8e10c9-d723-4e64-bb3c-6f96c38eecde', '74fb67fc-0f51-4b5c-a715-bcf178d427e5', '主要地址', '台北市松山區光復南路1號11樓之1', true, 1, '2026-03-05 16:13:20', '2026-03-05 16:13:20');
INSERT INTO "contacts" ("id", "customer_id", "name", "phone", "mobile", "email", "fax", "is_primary", "sort_order", "created_at", "updated_at") VALUES ('b6abae81-783e-4554-9f3e-36bf592f8388', '74fb67fc-0f51-4b5c-a715-bcf178d427e5', '賴俠帆 小姐', '02-2748-0372', NULL, NULL, NULL, true, 1, '2026-03-05 16:13:20', '2026-03-05 16:13:20');
INSERT INTO "customers" ("id", "customer_number", "notes", "is_deleted", "created_at", "updated_at") VALUES ('e7a055b6-c03f-40bd-8d54-a45fc9e98ffd', '20200424-C01', '原始報價編號: 20200424-005
報價紀錄: 20200424-005, 20200424-008, 20200424-009, 20221114-015, 20240819-005, 20241227-005
歷史成交數: 6', false, '2026-03-05 16:13:20', '2026-03-05 16:13:20');
INSERT INTO "company_names" ("id", "customer_id", "company_name", "is_primary", "sort_order", "created_at", "updated_at") VALUES ('3e945a41-e691-4885-9abc-86c7321af10d', 'e7a055b6-c03f-40bd-8d54-a45fc9e98ffd', '甄明法律事務所', true, 1, '2026-03-05 16:13:20', '2026-03-05 16:13:20');
INSERT INTO "locations" ("id", "customer_id", "name", "address", "is_primary", "sort_order", "created_at", "updated_at") VALUES ('5d3b8761-fe8a-4802-9774-69a344f136df', 'e7a055b6-c03f-40bd-8d54-a45fc9e98ffd', '主要地址', '台北市中正區仁愛路二段99號16A', true, 1, '2026-03-05 16:13:20', '2026-03-05 16:13:20');
INSERT INTO "locations" ("id", "customer_id", "name", "address", "is_primary", "sort_order", "created_at", "updated_at") VALUES ('5dd56cd5-6b3c-40fb-a7db-94d6dab22464', 'e7a055b6-c03f-40bd-8d54-a45fc9e98ffd', '分支地址2', '台北市中正區仁愛路二段99號16樓 A', false, 2, '2026-03-05 16:13:20', '2026-03-05 16:13:20');
INSERT INTO "locations" ("id", "customer_id", "name", "address", "is_primary", "sort_order", "created_at", "updated_at") VALUES ('8e1dc30d-1bb9-4039-8afa-c3501de960b9', 'e7a055b6-c03f-40bd-8d54-a45fc9e98ffd', '分支地址3', '台北市中正區仁愛路二段99號16樓A', false, 3, '2026-03-05 16:13:20', '2026-03-05 16:13:20');
INSERT INTO "contacts" ("id", "customer_id", "name", "phone", "mobile", "email", "fax", "is_primary", "sort_order", "created_at", "updated_at") VALUES ('d16942b2-8af7-40cc-a4c1-12da2d72c894', 'e7a055b6-c03f-40bd-8d54-a45fc9e98ffd', '蔡沛珊 小姐', '02-3393-1806 #121', '0920-380-829', NULL, NULL, true, 1, '2026-03-05 16:13:20', '2026-03-05 16:13:20');
INSERT INTO "contacts" ("id", "customer_id", "name", "phone", "mobile", "email", "fax", "is_primary", "sort_order", "created_at", "updated_at") VALUES ('17e397db-fa8b-48d8-bf65-6d3b18fb4039', 'e7a055b6-c03f-40bd-8d54-a45fc9e98ffd', '聯絡人2', '02-3393-6058 #121', NULL, NULL, NULL, false, 2, '2026-03-05 16:13:20', '2026-03-05 16:13:20');
INSERT INTO "customers" ("id", "customer_number", "notes", "is_deleted", "created_at", "updated_at") VALUES ('8dcfaa84-64e8-43bc-bc34-badc4bd42302', '20200512-C01', '原始報價編號: 20200512-003
報價紀錄: 20200512-003
歷史成交數: 1', false, '2026-03-05 16:13:20', '2026-03-05 16:13:20');
INSERT INTO "company_names" ("id", "customer_id", "company_name", "is_primary", "sort_order", "created_at", "updated_at") VALUES ('0ba594a9-3bad-4b3f-84b3-eabfb691217f', '8dcfaa84-64e8-43bc-bc34-badc4bd42302', '大順保全股份有限公司', true, 1, '2026-03-05 16:13:20', '2026-03-05 16:13:20');
INSERT INTO "locations" ("id", "customer_id", "name", "address", "is_primary", "sort_order", "created_at", "updated_at") VALUES ('5e08a624-404b-434e-bc1a-6dd6157a9d1b', '8dcfaa84-64e8-43bc-bc34-badc4bd42302', '主要地址', '台北市松山區光復南路1號13樓', true, 1, '2026-03-05 16:13:20', '2026-03-05 16:13:20');
INSERT INTO "contacts" ("id", "customer_id", "name", "phone", "mobile", "email", "fax", "is_primary", "sort_order", "created_at", "updated_at") VALUES ('e67d762f-175c-4a2b-8e49-77682af72263', '8dcfaa84-64e8-43bc-bc34-badc4bd42302', '駱經理', '02-2747-6222', NULL, NULL, NULL, true, 1, '2026-03-05 16:13:20', '2026-03-05 16:13:20');
INSERT INTO "customers" ("id", "customer_number", "notes", "is_deleted", "created_at", "updated_at") VALUES ('7f784918-fdcd-47bc-9d4a-a981d86d7b72', '20200518-C01', '原始報價編號: 20200518-003
報價紀錄: 20200518-003
歷史成交數: 1', false, '2026-03-05 16:13:20', '2026-03-05 16:13:20');
INSERT INTO "company_names" ("id", "customer_id", "company_name", "is_primary", "sort_order", "created_at", "updated_at") VALUES ('f2086f8f-d39b-4f46-89be-bee0d700832d', '7f784918-fdcd-47bc-9d4a-a981d86d7b72', '睿迪工程科技有限公司', true, 1, '2026-03-05 16:13:20', '2026-03-05 16:13:20');
INSERT INTO "locations" ("id", "customer_id", "name", "address", "is_primary", "sort_order", "created_at", "updated_at") VALUES ('92e55a43-ddee-45b7-b697-93580bec1faf', '7f784918-fdcd-47bc-9d4a-a981d86d7b72', '主要地址', '台北市南港區松河街384號8樓', true, 1, '2026-03-05 16:13:20', '2026-03-05 16:13:20');
INSERT INTO "contacts" ("id", "customer_id", "name", "phone", "mobile", "email", "fax", "is_primary", "sort_order", "created_at", "updated_at") VALUES ('a5672e80-3e66-4274-9618-901aa7e24114', '7f784918-fdcd-47bc-9d4a-a981d86d7b72', '楊逸婷 小姐', '02-2786-5016', '0928-575-153', NULL, NULL, true, 1, '2026-03-05 16:13:20', '2026-03-05 16:13:20');
INSERT INTO "customers" ("id", "customer_number", "notes", "is_deleted", "created_at", "updated_at") VALUES ('953b7793-5eb0-4b6d-a43d-2bb8f023dc4f', '20200519-C01', '原始報價編號: 20200519-008
報價紀錄: 20200519-008, 20210121-008, 20210303-007, 20210629-003, 20230925-005, 20240502-006, 20250716-003
歷史成交數: 7', false, '2026-03-05 16:13:20', '2026-03-05 16:13:20');
INSERT INTO "company_names" ("id", "customer_id", "company_name", "is_primary", "sort_order", "created_at", "updated_at") VALUES ('a63f2dea-9083-4e18-8865-f841fb4cbf33', '953b7793-5eb0-4b6d-a43d-2bb8f023dc4f', '晨宏國際股份有限公司', true, 1, '2026-03-05 16:13:20', '2026-03-05 16:13:20');
INSERT INTO "locations" ("id", "customer_id", "name", "address", "is_primary", "sort_order", "created_at", "updated_at") VALUES ('997e7d64-af18-4093-82a2-4861b6c9cb1b', '953b7793-5eb0-4b6d-a43d-2bb8f023dc4f', '主要地址', '新北市中和區橋和路13號3樓', true, 1, '2026-03-05 16:13:20', '2026-03-05 16:13:20');
INSERT INTO "locations" ("id", "customer_id", "name", "address", "is_primary", "sort_order", "created_at", "updated_at") VALUES ('22cec446-691f-4c24-9b38-851c9e07b10d', '953b7793-5eb0-4b6d-a43d-2bb8f023dc4f', '分支地址2', '新北市中和區橋和路13號3樓', false, 2, '2026-03-05 16:13:20', '2026-03-05 16:13:20');
INSERT INTO "locations" ("id", "customer_id", "name", "address", "is_primary", "sort_order", "created_at", "updated_at") VALUES ('bd3858b5-73f9-45e2-8687-a7ec6aa3f74a', '953b7793-5eb0-4b6d-a43d-2bb8f023dc4f', '分支地址3', '新北市中和區健康路176號5樓', false, 3, '2026-03-05 16:13:20', '2026-03-05 16:13:20');
INSERT INTO "locations" ("id", "customer_id", "name", "address", "is_primary", "sort_order", "created_at", "updated_at") VALUES ('fb66cf9d-b685-4221-9bf6-f9c112a57787', '953b7793-5eb0-4b6d-a43d-2bb8f023dc4f', '分支地址4', '新北市新店區中興路三段70號6樓(5-2櫃位)', false, 4, '2026-03-05 16:13:20', '2026-03-05 16:13:20');
INSERT INTO "locations" ("id", "customer_id", "name", "address", "is_primary", "sort_order", "created_at", "updated_at") VALUES ('6096fb51-3163-421e-a946-d459df19a6c0', '953b7793-5eb0-4b6d-a43d-2bb8f023dc4f', '分支地址5', '新北市中和區橋和路13號5樓', false, 5, '2026-03-05 16:13:20', '2026-03-05 16:13:20');
INSERT INTO "contacts" ("id", "customer_id", "name", "phone", "mobile", "email", "fax", "is_primary", "sort_order", "created_at", "updated_at") VALUES ('0d6b034b-6cfd-4c99-a462-43d29a9ac996', '953b7793-5eb0-4b6d-a43d-2bb8f023dc4f', '鄭逸嫻 小姐', '02-2225-1355', NULL, NULL, NULL, true, 1, '2026-03-05 16:13:20', '2026-03-05 16:13:20');
INSERT INTO "customers" ("id", "customer_number", "notes", "is_deleted", "created_at", "updated_at") VALUES ('ab9f3952-5dc4-40aa-ba8a-9ad24af065f0', '20200519-C02', '原始報價編號: 20200519-011
報價紀錄: 20200519-011
歷史成交數: 1', false, '2026-03-05 16:13:20', '2026-03-05 16:13:20');
INSERT INTO "company_names" ("id", "customer_id", "company_name", "is_primary", "sort_order", "created_at", "updated_at") VALUES ('0f8e62f2-88a7-4d21-adf0-619afdc17c4a', 'ab9f3952-5dc4-40aa-ba8a-9ad24af065f0', '舒果農企業有限公司', true, 1, '2026-03-05 16:13:20', '2026-03-05 16:13:20');
INSERT INTO "locations" ("id", "customer_id", "name", "address", "is_primary", "sort_order", "created_at", "updated_at") VALUES ('fb351c2f-1540-432e-8b99-26e948b84491', 'ab9f3952-5dc4-40aa-ba8a-9ad24af065f0', '主要地址', '台北市復興南路一段205號6樓', true, 1, '2026-03-05 16:13:20', '2026-03-05 16:13:20');
INSERT INTO "contacts" ("id", "customer_id", "name", "phone", "mobile", "email", "fax", "is_primary", "sort_order", "created_at", "updated_at") VALUES ('d39791ac-ee3d-4274-9002-6c75dd50a20f', 'ab9f3952-5dc4-40aa-ba8a-9ad24af065f0', '曾逸峰 先生', '02-2771-2900', '0935-921-058', NULL, NULL, true, 1, '2026-03-05 16:13:20', '2026-03-05 16:13:20');
INSERT INTO "customers" ("id", "customer_number", "notes", "is_deleted", "created_at", "updated_at") VALUES ('976684e0-2982-41f0-96b5-06b9f6c56677', '20200520-C01', '原始報價編號: 20200520-002
報價紀錄: 20200520-002, 20220302-009, 20230530-003
歷史成交數: 3', false, '2026-03-05 16:13:20', '2026-03-05 16:13:20');
INSERT INTO "company_names" ("id", "customer_id", "company_name", "is_primary", "sort_order", "created_at", "updated_at") VALUES ('079436e4-9a6e-4d7d-b509-eb226c20596e', '976684e0-2982-41f0-96b5-06b9f6c56677', '盛泰科技股份有限公司', true, 1, '2026-03-05 16:13:20', '2026-03-05 16:13:20');
INSERT INTO "locations" ("id", "customer_id", "name", "address", "is_primary", "sort_order", "created_at", "updated_at") VALUES ('6bafe36b-e516-4f87-ba94-559c214b4bb9', '976684e0-2982-41f0-96b5-06b9f6c56677', '主要地址', '台北市內湖區洲子街112號6樓', true, 1, '2026-03-05 16:13:20', '2026-03-05 16:13:20');
INSERT INTO "contacts" ("id", "customer_id", "name", "phone", "mobile", "email", "fax", "is_primary", "sort_order", "created_at", "updated_at") VALUES ('034b9962-0081-4614-97f9-51d7f4ff0463', '976684e0-2982-41f0-96b5-06b9f6c56677', '許瀛海 先生', '02-8797-1297 #609', '0928-822-867', NULL, NULL, true, 1, '2026-03-05 16:13:20', '2026-03-05 16:13:20');
INSERT INTO "customers" ("id", "customer_number", "notes", "is_deleted", "created_at", "updated_at") VALUES ('7c13e585-820b-404a-908a-e652717cc8aa', '20200520-C02', '原始報價編號: 20200520-003
報價紀錄: 20200520-003, 20200521-005, 20210312-005, 20230309-010
歷史成交數: 4', false, '2026-03-05 16:13:20', '2026-03-05 16:13:20');
INSERT INTO "company_names" ("id", "customer_id", "company_name", "is_primary", "sort_order", "created_at", "updated_at") VALUES ('ca1a9ec1-4fd7-4a06-ae66-78cd83a46100', '7c13e585-820b-404a-908a-e652717cc8aa', '有樂資訊有限公司', true, 1, '2026-03-05 16:13:20', '2026-03-05 16:13:20');
INSERT INTO "company_names" ("id", "customer_id", "company_name", "is_primary", "sort_order", "created_at", "updated_at") VALUES ('beaf7650-4c18-413c-b468-c7f61d4edeb8', '7c13e585-820b-404a-908a-e652717cc8aa', '智維國際有限公司', false, 2, '2026-03-05 16:13:20', '2026-03-05 16:13:20');
INSERT INTO "locations" ("id", "customer_id", "name", "address", "is_primary", "sort_order", "created_at", "updated_at") VALUES ('13d41c99-d224-4f0b-9d03-9addb0d70243', '7c13e585-820b-404a-908a-e652717cc8aa', '主要地址', '台北市南港區成功路一段32號9樓之1', true, 1, '2026-03-05 16:13:20', '2026-03-05 16:13:20');
INSERT INTO "locations" ("id", "customer_id", "name", "address", "is_primary", "sort_order", "created_at", "updated_at") VALUES ('0f961cfa-b86b-4945-991b-6ffb52e930d8', '7c13e585-820b-404a-908a-e652717cc8aa', '分支地址2', '台北市大安區忠孝東路四段142號8樓之11', false, 2, '2026-03-05 16:13:20', '2026-03-05 16:13:20');
INSERT INTO "locations" ("id", "customer_id", "name", "address", "is_primary", "sort_order", "created_at", "updated_at") VALUES ('e4e27c3d-e38f-44de-a8d6-4427b310f6e5', '7c13e585-820b-404a-908a-e652717cc8aa', '分支地址3', '台北市信義區松德路171號10樓之7', false, 3, '2026-03-05 16:13:20', '2026-03-05 16:13:20');
INSERT INTO "contacts" ("id", "customer_id", "name", "phone", "mobile", "email", "fax", "is_primary", "sort_order", "created_at", "updated_at") VALUES ('0ace3491-cf0e-49c4-b85f-0192300b303e', '7c13e585-820b-404a-908a-e652717cc8aa', '蔡宛臻 小姐', NULL, '0936-913-389', NULL, NULL, true, 1, '2026-03-05 16:13:20', '2026-03-05 16:13:20');
INSERT INTO "customers" ("id", "customer_number", "notes", "is_deleted", "created_at", "updated_at") VALUES ('25955031-c055-4a7c-8b9d-09f94d0748f8', '20200618-C01', '原始報價編號: 20200618-005
報價紀錄: 20200618-005, 20210406-008
歷史成交數: 2', false, '2026-03-05 16:13:20', '2026-03-05 16:13:20');
INSERT INTO "company_names" ("id", "customer_id", "company_name", "is_primary", "sort_order", "created_at", "updated_at") VALUES ('153e8257-ff31-4721-9a54-d3712d0cf56c', '25955031-c055-4a7c-8b9d-09f94d0748f8', '格睿科技有限公司', true, 1, '2026-03-05 16:13:20', '2026-03-05 16:13:20');
INSERT INTO "locations" ("id", "customer_id", "name", "address", "is_primary", "sort_order", "created_at", "updated_at") VALUES ('2ccf5c09-30d0-4933-98c1-de88f0aec2a9', '25955031-c055-4a7c-8b9d-09f94d0748f8', '主要地址', '台北市內湖區基湖路35巷49號2樓', true, 1, '2026-03-05 16:13:20', '2026-03-05 16:13:20');
INSERT INTO "locations" ("id", "customer_id", "name", "address", "is_primary", "sort_order", "created_at", "updated_at") VALUES ('14dfba70-beed-43dc-a7fc-dad5c18c81a8', '25955031-c055-4a7c-8b9d-09f94d0748f8', '分支地址2', '台北市中山區植福路308號9樓之6', false, 2, '2026-03-05 16:13:20', '2026-03-05 16:13:20');
INSERT INTO "contacts" ("id", "customer_id", "name", "phone", "mobile", "email", "fax", "is_primary", "sort_order", "created_at", "updated_at") VALUES ('40bef243-2cbf-4b6a-9e80-7152b008d376', '25955031-c055-4a7c-8b9d-09f94d0748f8', '宋先生', '02-8502-5011', NULL, NULL, NULL, true, 1, '2026-03-05 16:13:20', '2026-03-05 16:13:20');
INSERT INTO "contacts" ("id", "customer_id", "name", "phone", "mobile", "email", "fax", "is_primary", "sort_order", "created_at", "updated_at") VALUES ('a46ab377-539f-4c48-8117-62070f1170eb', '25955031-c055-4a7c-8b9d-09f94d0748f8', 'Bonnie', NULL, NULL, NULL, NULL, false, 2, '2026-03-05 16:13:20', '2026-03-05 16:13:20');
INSERT INTO "customers" ("id", "customer_number", "notes", "is_deleted", "created_at", "updated_at") VALUES ('1178ceb6-17a9-4002-b18b-56d000a9f774', '20200619-C01', '原始報價編號: 20200619-009
報價紀錄: 20200619-009
歷史成交數: 1', false, '2026-03-05 16:13:20', '2026-03-05 16:13:20');
INSERT INTO "company_names" ("id", "customer_id", "company_name", "is_primary", "sort_order", "created_at", "updated_at") VALUES ('3d74a4a3-f04e-4a63-9a4b-6c3f45b64f36', '1178ceb6-17a9-4002-b18b-56d000a9f774', '紅石攀岩有限公司', true, 1, '2026-03-05 16:13:20', '2026-03-05 16:13:20');
INSERT INTO "locations" ("id", "customer_id", "name", "address", "is_primary", "sort_order", "created_at", "updated_at") VALUES ('15950267-de56-4ace-84f8-5b7336b6ff4d', '1178ceb6-17a9-4002-b18b-56d000a9f774', '主要地址', '台北市士林區承德路四段261號B1', true, 1, '2026-03-05 16:13:20', '2026-03-05 16:13:20');
INSERT INTO "contacts" ("id", "customer_id", "name", "phone", "mobile", "email", "fax", "is_primary", "sort_order", "created_at", "updated_at") VALUES ('249cf554-9941-466b-838f-3cd673f1decb', '1178ceb6-17a9-4002-b18b-56d000a9f774', '朱小姐', '02-2883-7591', '0939-898-964', NULL, NULL, true, 1, '2026-03-05 16:13:20', '2026-03-05 16:13:20');
INSERT INTO "customers" ("id", "customer_number", "notes", "is_deleted", "created_at", "updated_at") VALUES ('56a6ef70-9b3e-447d-a4c8-6386507afeb5', '20200620-C01', '原始報價編號: 20200620-010
報價紀錄: 20200620-010, 20200620-012
歷史成交數: 2', false, '2026-03-05 16:13:20', '2026-03-05 16:13:20');
INSERT INTO "locations" ("id", "customer_id", "name", "address", "is_primary", "sort_order", "created_at", "updated_at") VALUES ('9c81d9d9-3673-434c-b21a-2929026d4421', '56a6ef70-9b3e-447d-a4c8-6386507afeb5', '主要地址', '台北市松山區復興北路309號3樓', true, 1, '2026-03-05 16:13:20', '2026-03-05 16:13:20');
INSERT INTO "contacts" ("id", "customer_id", "name", "phone", "mobile", "email", "fax", "is_primary", "sort_order", "created_at", "updated_at") VALUES ('1697825e-b8d3-4d98-9e12-035b7a1aad1f', '56a6ef70-9b3e-447d-a4c8-6386507afeb5', '謝先生', NULL, '0906-188-538', NULL, NULL, true, 1, '2026-03-05 16:13:20', '2026-03-05 16:13:20');
INSERT INTO "customers" ("id", "customer_number", "notes", "is_deleted", "created_at", "updated_at") VALUES ('42c7dd45-4908-4b5e-bf8d-9edaba7f9ee0', '20200702-C01', '原始報價編號: 20200702-003
報價紀錄: 20200702-003, 20201102-003, 20210218-005, 20210317-009, 20210616-011, 20210925-005, 20210925-005, 20211122-003, 20220705-007, 20220912-007, 20220913-006, 20220915-015, 20230321-010, 20230327-003, 20230911-007
歷史成交數: 15', false, '2026-03-05 16:13:20', '2026-03-05 16:13:20');
INSERT INTO "company_names" ("id", "customer_id", "company_name", "is_primary", "sort_order", "created_at", "updated_at") VALUES ('cdd4bb29-ad2b-4af5-ae1c-43cc3b815252', '42c7dd45-4908-4b5e-bf8d-9edaba7f9ee0', '粕石設計工程有限公司', true, 1, '2026-03-05 16:13:20', '2026-03-05 16:13:20');
INSERT INTO "locations" ("id", "customer_id", "name", "address", "is_primary", "sort_order", "created_at", "updated_at") VALUES ('2d484d49-6e5a-426f-bc08-66039bf9d3ff', '42c7dd45-4908-4b5e-bf8d-9edaba7f9ee0', '主要地址', '新竹市西大路323號1樓(新竹大遠百)', true, 1, '2026-03-05 16:13:20', '2026-03-05 16:13:20');
INSERT INTO "locations" ("id", "customer_id", "name", "address", "is_primary", "sort_order", "created_at", "updated_at") VALUES ('8f8617c4-c94a-499b-a367-9b856f9f15ea', '42c7dd45-4908-4b5e-bf8d-9edaba7f9ee0', '分支地址2', '新北市板橋區新站路28號2樓', false, 2, '2026-03-05 16:13:20', '2026-03-05 16:13:20');
INSERT INTO "locations" ("id", "customer_id", "name", "address", "is_primary", "sort_order", "created_at", "updated_at") VALUES ('5ce20c25-35ba-467f-bb4b-54ae2ed1ba88', '42c7dd45-4908-4b5e-bf8d-9edaba7f9ee0', '分支地址3', '高雄市左營區博愛二路777號3樓(漢神巨蛋- CASETIFY)', false, 3, '2026-03-05 16:13:20', '2026-03-05 16:13:20');
INSERT INTO "locations" ("id", "customer_id", "name", "address", "is_primary", "sort_order", "created_at", "updated_at") VALUES ('99034a3d-18a8-46bb-a623-e491ee7fafb1', '42c7dd45-4908-4b5e-bf8d-9edaba7f9ee0', '分支地址4', '台中市北區三民路三段161號2樓(中友百貨Pandora)', false, 4, '2026-03-05 16:13:20', '2026-03-05 16:13:20');
INSERT INTO "locations" ("id", "customer_id", "name", "address", "is_primary", "sort_order", "created_at", "updated_at") VALUES ('d0b248f1-a3d6-44f1-bedc-381f14866306', '42c7dd45-4908-4b5e-bf8d-9edaba7f9ee0', '分支地址5', '高雄市鼓山區大順一路115號2樓 (高雄義享天地)', false, 5, '2026-03-05 16:13:20', '2026-03-05 16:13:20');
INSERT INTO "contacts" ("id", "customer_id", "name", "phone", "mobile", "email", "fax", "is_primary", "sort_order", "created_at", "updated_at") VALUES ('7e2a50be-26b7-4139-91a2-90757a959d7a', '42c7dd45-4908-4b5e-bf8d-9edaba7f9ee0', '秦續娟 小姐', '02-2346-0806 #50', '0933-913-400', NULL, NULL, true, 1, '2026-03-05 16:13:20', '2026-03-05 16:13:20');
INSERT INTO "customers" ("id", "customer_number", "notes", "is_deleted", "created_at", "updated_at") VALUES ('b68b9a27-ba0a-43b8-8b5c-9414df11d20d', '20200707-C01', '原始報價編號: 20200707-010
報價紀錄: 20200707-010
歷史成交數: 1', false, '2026-03-05 16:13:20', '2026-03-05 16:13:20');
INSERT INTO "company_names" ("id", "customer_id", "company_name", "is_primary", "sort_order", "created_at", "updated_at") VALUES ('3d1517f1-e3dd-4859-8bce-71e6c428adf4', 'b68b9a27-ba0a-43b8-8b5c-9414df11d20d', '冠妍動力科技有限公司', true, 1, '2026-03-05 16:13:20', '2026-03-05 16:13:20');
INSERT INTO "locations" ("id", "customer_id", "name", "address", "is_primary", "sort_order", "created_at", "updated_at") VALUES ('74ae8cde-6f27-4c97-9584-8f02913f07ff', 'b68b9a27-ba0a-43b8-8b5c-9414df11d20d', '主要地址', '台北市內湖區洲子街110號6F', true, 1, '2026-03-05 16:13:20', '2026-03-05 16:13:20');
INSERT INTO "contacts" ("id", "customer_id", "name", "phone", "mobile", "email", "fax", "is_primary", "sort_order", "created_at", "updated_at") VALUES ('cbcde25a-a3b3-4cdf-91fb-e13deddb002b', 'b68b9a27-ba0a-43b8-8b5c-9414df11d20d', '何先生', NULL, '0922-790-795', NULL, NULL, true, 1, '2026-03-05 16:13:20', '2026-03-05 16:13:20');
INSERT INTO "customers" ("id", "customer_number", "notes", "is_deleted", "created_at", "updated_at") VALUES ('29483d20-9936-453e-a2fa-4032d5db9ac6', '20200710-C01', '原始報價編號: 20200710-013
報價紀錄: 20200710-013, 20241105-007
歷史成交數: 2', false, '2026-03-05 16:13:20', '2026-03-05 16:13:20');
INSERT INTO "company_names" ("id", "customer_id", "company_name", "is_primary", "sort_order", "created_at", "updated_at") VALUES ('85b8139e-bcaa-48bc-8b49-4f33e11093fe', '29483d20-9936-453e-a2fa-4032d5db9ac6', '台北亞緻牙醫診所', true, 1, '2026-03-05 16:13:20', '2026-03-05 16:13:20');
INSERT INTO "locations" ("id", "customer_id", "name", "address", "is_primary", "sort_order", "created_at", "updated_at") VALUES ('8757eef8-98cd-450f-af0e-8bd815c7e495', '29483d20-9936-453e-a2fa-4032d5db9ac6', '主要地址', '台北巿仁愛路四段4號5樓', true, 1, '2026-03-05 16:13:20', '2026-03-05 16:13:20');
INSERT INTO "contacts" ("id", "customer_id", "name", "phone", "mobile", "email", "fax", "is_primary", "sort_order", "created_at", "updated_at") VALUES ('13446e1c-16f0-439f-84bf-c58bb018279c', '29483d20-9936-453e-a2fa-4032d5db9ac6', '陳小姐', '02-2701-3968', NULL, NULL, NULL, true, 1, '2026-03-05 16:13:20', '2026-03-05 16:13:20');
INSERT INTO "contacts" ("id", "customer_id", "name", "phone", "mobile", "email", "fax", "is_primary", "sort_order", "created_at", "updated_at") VALUES ('c138b913-502f-4b09-8aac-0f6077392b2b', '29483d20-9936-453e-a2fa-4032d5db9ac6', '王小姐', NULL, NULL, NULL, NULL, false, 2, '2026-03-05 16:13:20', '2026-03-05 16:13:20');
INSERT INTO "customers" ("id", "customer_number", "notes", "is_deleted", "created_at", "updated_at") VALUES ('43e38966-91f6-40e5-a034-55986db586b1', '20200713-C01', '原始報價編號: 20200713-005
報價紀錄: 20200713-005, 20210316-006
歷史成交數: 2', false, '2026-03-05 16:13:20', '2026-03-05 16:13:20');
INSERT INTO "company_names" ("id", "customer_id", "company_name", "is_primary", "sort_order", "created_at", "updated_at") VALUES ('a822f41b-12c1-4170-9113-a87984df1014', '43e38966-91f6-40e5-a034-55986db586b1', '凱林食品有限公司', true, 1, '2026-03-05 16:13:20', '2026-03-05 16:13:20');
INSERT INTO "locations" ("id", "customer_id", "name", "address", "is_primary", "sort_order", "created_at", "updated_at") VALUES ('d42a5c58-568a-41ae-a00a-d8c4c073d13a', '43e38966-91f6-40e5-a034-55986db586b1', '主要地址', '台北市南京西路14號B1', true, 1, '2026-03-05 16:13:20', '2026-03-05 16:13:20');
INSERT INTO "locations" ("id", "customer_id", "name", "address", "is_primary", "sort_order", "created_at", "updated_at") VALUES ('c515335b-567e-4c87-b8ad-a329e41b5e7c', '43e38966-91f6-40e5-a034-55986db586b1', '分支地址2', '高雄市鼓山區大順一路115號B2 (義享時尚廣場)', false, 2, '2026-03-05 16:13:20', '2026-03-05 16:13:20');
INSERT INTO "locations" ("id", "customer_id", "name", "address", "is_primary", "sort_order", "created_at", "updated_at") VALUES ('d0508c4a-737a-488b-90a9-c74aa2dfcedf', '43e38966-91f6-40e5-a034-55986db586b1', '分支地址3', '松高路11號B2', false, 3, '2026-03-05 16:13:20', '2026-03-05 16:13:20');
INSERT INTO "locations" ("id", "customer_id", "name", "address", "is_primary", "sort_order", "created_at", "updated_at") VALUES ('2ecfd10a-016b-4d33-8bd6-5939bca819dd', '43e38966-91f6-40e5-a034-55986db586b1', '分支地址4', '新北市中和區中山路三段122號3樓', false, 4, '2026-03-05 16:13:20', '2026-03-05 16:13:20');
INSERT INTO "contacts" ("id", "customer_id", "name", "phone", "mobile", "email", "fax", "is_primary", "sort_order", "created_at", "updated_at") VALUES ('cfe76752-30d9-4938-a74a-50c332d44731', '43e38966-91f6-40e5-a034-55986db586b1', '林婉喬 小姐', '02-7716-3272', NULL, NULL, NULL, true, 1, '2026-03-05 16:13:20', '2026-03-05 16:13:20');
INSERT INTO "customers" ("id", "customer_number", "notes", "is_deleted", "created_at", "updated_at") VALUES ('33bbd840-c1ba-406e-9739-1113a51b8853', '20200717-C01', '原始報價編號: 20200717-005
報價紀錄: 20200717-005
歷史成交數: 1', false, '2026-03-05 16:13:20', '2026-03-05 16:13:20');
INSERT INTO "company_names" ("id", "customer_id", "company_name", "is_primary", "sort_order", "created_at", "updated_at") VALUES ('44352a91-ece9-46dd-ae7b-b6340632c21e', '33bbd840-c1ba-406e-9739-1113a51b8853', '廣樵實業股份有限公司', true, 1, '2026-03-05 16:13:20', '2026-03-05 16:13:20');
INSERT INTO "locations" ("id", "customer_id", "name", "address", "is_primary", "sort_order", "created_at", "updated_at") VALUES ('526c7ca2-bc16-46c1-b482-995a91efbdf5', '33bbd840-c1ba-406e-9739-1113a51b8853', '主要地址', '桃園市蘆竹區大豐街11巷2號', true, 1, '2026-03-05 16:13:20', '2026-03-05 16:13:20');
INSERT INTO "contacts" ("id", "customer_id", "name", "phone", "mobile", "email", "fax", "is_primary", "sort_order", "created_at", "updated_at") VALUES ('2fd48b18-841c-4b55-a886-647b72804639', '33bbd840-c1ba-406e-9739-1113a51b8853', '廖文彥 先生', '03-2125-780 #307', NULL, NULL, NULL, true, 1, '2026-03-05 16:13:20', '2026-03-05 16:13:20');
INSERT INTO "customers" ("id", "customer_number", "notes", "is_deleted", "created_at", "updated_at") VALUES ('cc4637c9-957b-417f-b824-9bc722e9b2d1', '20200721-C01', '原始報價編號: 20200721-005
報價紀錄: 20200721-005, 20240625-005
歷史成交數: 2', false, '2026-03-05 16:13:20', '2026-03-05 16:13:20');
INSERT INTO "company_names" ("id", "customer_id", "company_name", "is_primary", "sort_order", "created_at", "updated_at") VALUES ('2d284db2-0121-4bf7-a309-6f91014a90fa', 'cc4637c9-957b-417f-b824-9bc722e9b2d1', '好達國際有限公司', true, 1, '2026-03-05 16:13:20', '2026-03-05 16:13:20');
INSERT INTO "locations" ("id", "customer_id", "name", "address", "is_primary", "sort_order", "created_at", "updated_at") VALUES ('ed61ddd8-c887-4d9f-8c06-93ef276b0486', 'cc4637c9-957b-417f-b824-9bc722e9b2d1', '主要地址', '新北市三重區重新路五段609巷6號6樓之2', true, 1, '2026-03-05 16:13:20', '2026-03-05 16:13:20');
INSERT INTO "locations" ("id", "customer_id", "name", "address", "is_primary", "sort_order", "created_at", "updated_at") VALUES ('904cf8dc-9c6a-406a-afd2-e2b5e080880b', 'cc4637c9-957b-417f-b824-9bc722e9b2d1', '分支地址2', '新北市三重區重新路五段609巷12號3樓之2', false, 2, '2026-03-05 16:13:20', '2026-03-05 16:13:20');
INSERT INTO "contacts" ("id", "customer_id", "name", "phone", "mobile", "email", "fax", "is_primary", "sort_order", "created_at", "updated_at") VALUES ('becf2ef2-ee1e-4f02-8ede-02adddfa1e98', 'cc4637c9-957b-417f-b824-9bc722e9b2d1', '鄭聖達 先生', '02-77730-9776', '0916-818-147', NULL, NULL, true, 1, '2026-03-05 16:13:20', '2026-03-05 16:13:20');
INSERT INTO "customers" ("id", "customer_number", "notes", "is_deleted", "created_at", "updated_at") VALUES ('81732120-a5d7-4da1-8043-b3bd935cb9a3', '20200721-C02', '原始報價編號: 20200721-005
報價紀錄: 20200721-005, 20200730-003, 20200730-004, 20200731-003, 20200731-004, 20221031-006, 20251114-006
歷史成交數: 7', false, '2026-03-05 16:13:20', '2026-03-05 16:13:20');
INSERT INTO "company_names" ("id", "customer_id", "company_name", "is_primary", "sort_order", "created_at", "updated_at") VALUES ('8deb3e48-d3b4-40fb-a993-e4e627663ad0', '81732120-a5d7-4da1-8043-b3bd935cb9a3', '旭達生技股份有限公司', true, 1, '2026-03-05 16:13:20', '2026-03-05 16:13:20');
INSERT INTO "company_names" ("id", "customer_id", "company_name", "is_primary", "sort_order", "created_at", "updated_at") VALUES ('6d400e53-149a-4d10-9eff-49cbe1380bc6', '81732120-a5d7-4da1-8043-b3bd935cb9a3', '貝殼生技股份有限公司', false, 2, '2026-03-05 16:13:20', '2026-03-05 16:13:20');
INSERT INTO "locations" ("id", "customer_id", "name", "address", "is_primary", "sort_order", "created_at", "updated_at") VALUES ('0ea73b74-6de0-4ae6-8731-c843dc6dc920', '81732120-a5d7-4da1-8043-b3bd935cb9a3', '主要地址', '新北市中和區建一路186號17樓之1', true, 1, '2026-03-05 16:13:20', '2026-03-05 16:13:20');
INSERT INTO "locations" ("id", "customer_id", "name", "address", "is_primary", "sort_order", "created_at", "updated_at") VALUES ('66a019fa-1e18-4314-8068-d05f739a154c', '81732120-a5d7-4da1-8043-b3bd935cb9a3', '分支地址2', '新北市中和區建一路173號3樓', false, 2, '2026-03-05 16:13:20', '2026-03-05 16:13:20');
INSERT INTO "locations" ("id", "customer_id", "name", "address", "is_primary", "sort_order", "created_at", "updated_at") VALUES ('f1d02471-7ed6-4b59-ac76-734a3851ac63', '81732120-a5d7-4da1-8043-b3bd935cb9a3', '分支地址3', '新北市中和區建一路186號17樓之1、建一路175號3樓、建一路173號3樓', false, 3, '2026-03-05 16:13:20', '2026-03-05 16:13:20');
INSERT INTO "locations" ("id", "customer_id", "name", "address", "is_primary", "sort_order", "created_at", "updated_at") VALUES ('ee9a5a10-66e8-4d12-9660-8537392c4b47', '81732120-a5d7-4da1-8043-b3bd935cb9a3', '分支地址4', '新北市中和區建一路175號3樓', false, 4, '2026-03-05 16:13:20', '2026-03-05 16:13:20');
INSERT INTO "contacts" ("id", "customer_id", "name", "phone", "mobile", "email", "fax", "is_primary", "sort_order", "created_at", "updated_at") VALUES ('f3912694-2415-4b0b-b24f-b4161cc1ec83', '81732120-a5d7-4da1-8043-b3bd935cb9a3', '陳小姐', '02-8227-2210', '0930-088-582', NULL, NULL, true, 1, '2026-03-05 16:13:20', '2026-03-05 16:13:20');
INSERT INTO "contacts" ("id", "customer_id", "name", "phone", "mobile", "email", "fax", "is_primary", "sort_order", "created_at", "updated_at") VALUES ('89fdbcb0-943b-4c65-a391-72a114746cbd', '81732120-a5d7-4da1-8043-b3bd935cb9a3', '劉先生', '02-8221-3088 #234', NULL, NULL, NULL, false, 2, '2026-03-05 16:13:20', '2026-03-05 16:13:20');
INSERT INTO "contacts" ("id", "customer_id", "name", "phone", "mobile", "email", "fax", "is_primary", "sort_order", "created_at", "updated_at") VALUES ('ec2b25f4-528a-4708-8608-c45a660f69c1', '81732120-a5d7-4da1-8043-b3bd935cb9a3', '岑僑卿 小姐', NULL, NULL, NULL, NULL, false, 3, '2026-03-05 16:13:20', '2026-03-05 16:13:20');
INSERT INTO "customers" ("id", "customer_number", "notes", "is_deleted", "created_at", "updated_at") VALUES ('bafdaecb-d6ce-4876-918d-978641ce6932', '20200727-C01', '原始報價編號: 20200727-003
報價紀錄: 20200727-003
歷史成交數: 1', false, '2026-03-05 16:13:20', '2026-03-05 16:13:20');
INSERT INTO "locations" ("id", "customer_id", "name", "address", "is_primary", "sort_order", "created_at", "updated_at") VALUES ('27e8104b-754e-4c9c-af48-b63ef36ce738', 'bafdaecb-d6ce-4876-918d-978641ce6932', '主要地址', '新北市新莊區昌盛街67號6F', true, 1, '2026-03-05 16:13:20', '2026-03-05 16:13:20');
INSERT INTO "contacts" ("id", "customer_id", "name", "phone", "mobile", "email", "fax", "is_primary", "sort_order", "created_at", "updated_at") VALUES ('7678f918-5012-48ab-ad28-eb290f25c604', 'bafdaecb-d6ce-4876-918d-978641ce6932', '雷麗蘭 小姐', NULL, '0975-867-559', NULL, NULL, true, 1, '2026-03-05 16:13:20', '2026-03-05 16:13:20');
INSERT INTO "customers" ("id", "customer_number", "notes", "is_deleted", "created_at", "updated_at") VALUES ('49ce27f9-0981-45f5-9dfa-171f84ac4df4', '20200727-C02', '原始報價編號: 20200727-012
報價紀錄: 20200727-012
歷史成交數: 1', false, '2026-03-05 16:13:20', '2026-03-05 16:13:20');
INSERT INTO "company_names" ("id", "customer_id", "company_name", "is_primary", "sort_order", "created_at", "updated_at") VALUES ('93f58035-0563-4823-ae34-13bf2ad73011', '49ce27f9-0981-45f5-9dfa-171f84ac4df4', '水星防火工程顧問有限公司', true, 1, '2026-03-05 16:13:20', '2026-03-05 16:13:20');
INSERT INTO "locations" ("id", "customer_id", "name", "address", "is_primary", "sort_order", "created_at", "updated_at") VALUES ('b2b17426-34a6-44d6-92b0-efc368351000', '49ce27f9-0981-45f5-9dfa-171f84ac4df4', '主要地址', '新北市板橋區三民路一段126號12樓', true, 1, '2026-03-05 16:13:20', '2026-03-05 16:13:20');
INSERT INTO "contacts" ("id", "customer_id", "name", "phone", "mobile", "email", "fax", "is_primary", "sort_order", "created_at", "updated_at") VALUES ('91c14bab-cd7f-4a69-8107-bdadbf0dbcb1', '49ce27f9-0981-45f5-9dfa-171f84ac4df4', '吳先生', '02-2956-9119 #17', NULL, NULL, NULL, true, 1, '2026-03-05 16:13:20', '2026-03-05 16:13:20');
INSERT INTO "customers" ("id", "customer_number", "notes", "is_deleted", "created_at", "updated_at") VALUES ('03512207-c469-4cb0-9ce1-b2cf8c05d90e', '20200728-C01', '原始報價編號: 20200728-007
報價紀錄: 20200728-007, 20200810-009, 20200810-015, 20211102-009, 20220708-008, 20220708-009
歷史成交數: 6', false, '2026-03-05 16:13:20', '2026-03-05 16:13:20');
INSERT INTO "company_names" ("id", "customer_id", "company_name", "is_primary", "sort_order", "created_at", "updated_at") VALUES ('9dc23714-04a8-4799-b3a0-2875f04f881e', '03512207-c469-4cb0-9ce1-b2cf8c05d90e', '永續國際生物科技有限公司', true, 1, '2026-03-05 16:13:20', '2026-03-05 16:13:20');
INSERT INTO "locations" ("id", "customer_id", "name", "address", "is_primary", "sort_order", "created_at", "updated_at") VALUES ('36e06a10-49df-4271-a6a1-4a31727476a6', '03512207-c469-4cb0-9ce1-b2cf8c05d90e', '主要地址', '台北市大安區光復南路438號9、10樓', true, 1, '2026-03-05 16:13:20', '2026-03-05 16:13:20');
INSERT INTO "locations" ("id", "customer_id", "name", "address", "is_primary", "sort_order", "created_at", "updated_at") VALUES ('4e148847-20d3-4997-a3e5-d88d74b1ea83', '03512207-c469-4cb0-9ce1-b2cf8c05d90e', '分支地址2', '台北市大安區復興南路一段243號3樓', false, 2, '2026-03-05 16:13:20', '2026-03-05 16:13:20');
INSERT INTO "locations" ("id", "customer_id", "name", "address", "is_primary", "sort_order", "created_at", "updated_at") VALUES ('d7e8fe10-d71f-452f-92a9-e482c90d83a6', '03512207-c469-4cb0-9ce1-b2cf8c05d90e', '分支地址3', '拆機：台北市復興南路一段243號3樓 安裝：台北市大安區光復南路438號9樓', false, 3, '2026-03-05 16:13:20', '2026-03-05 16:13:20');
INSERT INTO "contacts" ("id", "customer_id", "name", "phone", "mobile", "email", "fax", "is_primary", "sort_order", "created_at", "updated_at") VALUES ('cdb34586-b630-4871-b5ce-54da93fbfef6', '03512207-c469-4cb0-9ce1-b2cf8c05d90e', '卓先生', '02-2708-7171', '0982-509-980', NULL, NULL, true, 1, '2026-03-05 16:13:20', '2026-03-05 16:13:20');
INSERT INTO "contacts" ("id", "customer_id", "name", "phone", "mobile", "email", "fax", "is_primary", "sort_order", "created_at", "updated_at") VALUES ('93e84067-8a3b-4388-aa53-7559d4aaacaf', '03512207-c469-4cb0-9ce1-b2cf8c05d90e', '顧小姐', NULL, '0968-730-999', NULL, NULL, false, 2, '2026-03-05 16:13:20', '2026-03-05 16:13:20');
INSERT INTO "customers" ("id", "customer_number", "notes", "is_deleted", "created_at", "updated_at") VALUES ('a75381c4-0477-4c86-a1b7-bcd6b435ece1', '20200731-C01', '原始報價編號: 20200731-002
報價紀錄: 20200731-002
歷史成交數: 1', false, '2026-03-05 16:13:20', '2026-03-05 16:13:20');
INSERT INTO "company_names" ("id", "customer_id", "company_name", "is_primary", "sort_order", "created_at", "updated_at") VALUES ('cbe4cf75-1eeb-465d-8483-fe5458cc4e9d', 'a75381c4-0477-4c86-a1b7-bcd6b435ece1', '三齊建設事業股份有限公司', true, 1, '2026-03-05 16:13:20', '2026-03-05 16:13:20');
INSERT INTO "locations" ("id", "customer_id", "name", "address", "is_primary", "sort_order", "created_at", "updated_at") VALUES ('20e12ab7-4e3c-43d6-a641-3af80021712a', 'a75381c4-0477-4c86-a1b7-bcd6b435ece1', '主要地址', '台北市大安區忠孝東路4段320號11樓', true, 1, '2026-03-05 16:13:20', '2026-03-05 16:13:20');
INSERT INTO "contacts" ("id", "customer_id", "name", "phone", "mobile", "email", "fax", "is_primary", "sort_order", "created_at", "updated_at") VALUES ('4905770c-d445-4ae0-9608-2fc876c9abd2', 'a75381c4-0477-4c86-a1b7-bcd6b435ece1', '向小姐', '02-2773-2228', NULL, NULL, NULL, true, 1, '2026-03-05 16:13:20', '2026-03-05 16:13:20');
INSERT INTO "customers" ("id", "customer_number", "notes", "is_deleted", "created_at", "updated_at") VALUES ('de83361e-2548-4cff-ab5e-32d0924f49b2', '20200812-C01', '原始報價編號: 20200812-007
報價紀錄: 20200812-007, 2200827-006
歷史成交數: 2', false, '2026-03-05 16:13:20', '2026-03-05 16:13:20');
INSERT INTO "company_names" ("id", "customer_id", "company_name", "is_primary", "sort_order", "created_at", "updated_at") VALUES ('c4cae7ed-cd69-4c43-a701-9cbef94b1130', 'de83361e-2548-4cff-ab5e-32d0924f49b2', '台灣基督長老教會文山教會', true, 1, '2026-03-05 16:13:20', '2026-03-05 16:13:20');
INSERT INTO "locations" ("id", "customer_id", "name", "address", "is_primary", "sort_order", "created_at", "updated_at") VALUES ('6c81c8d2-a5ff-4a34-bf79-64013b9ab47e', 'de83361e-2548-4cff-ab5e-32d0924f49b2', '主要地址', '台北市文山區開元街27號', true, 1, '2026-03-05 16:13:20', '2026-03-05 16:13:20');
INSERT INTO "contacts" ("id", "customer_id", "name", "phone", "mobile", "email", "fax", "is_primary", "sort_order", "created_at", "updated_at") VALUES ('c21d8379-840e-4c44-aa59-80500bbcb02d', 'de83361e-2548-4cff-ab5e-32d0924f49b2', '潘先生', '02-2939-3480', NULL, NULL, NULL, true, 1, '2026-03-05 16:13:20', '2026-03-05 16:13:20');
INSERT INTO "customers" ("id", "customer_number", "notes", "is_deleted", "created_at", "updated_at") VALUES ('8b357bb0-67ac-4974-84d5-f86b327568a4', '20200825-C01', '原始報價編號: 20200825-011
報價紀錄: 20200825-011
歷史成交數: 1', false, '2026-03-05 16:13:20', '2026-03-05 16:13:20');
INSERT INTO "company_names" ("id", "customer_id", "company_name", "is_primary", "sort_order", "created_at", "updated_at") VALUES ('3fe86d78-e63f-4cb8-9cf7-d967d93e5c2a', '8b357bb0-67ac-4974-84d5-f86b327568a4', '輝迅科技股份有限公司', true, 1, '2026-03-05 16:13:20', '2026-03-05 16:13:20');
INSERT INTO "locations" ("id", "customer_id", "name", "address", "is_primary", "sort_order", "created_at", "updated_at") VALUES ('7f2cfcfb-638c-4ac1-9cab-026873cc43ca', '8b357bb0-67ac-4974-84d5-f86b327568a4', '主要地址', '新北市新店區北新路3段207之3號7樓', true, 1, '2026-03-05 16:13:20', '2026-03-05 16:13:20');
INSERT INTO "contacts" ("id", "customer_id", "name", "phone", "mobile", "email", "fax", "is_primary", "sort_order", "created_at", "updated_at") VALUES ('e77dbc52-5ede-48be-854f-e0f6e4cedd31', '8b357bb0-67ac-4974-84d5-f86b327568a4', '郭小姐', '02-8913-1286', NULL, NULL, NULL, true, 1, '2026-03-05 16:13:20', '2026-03-05 16:13:20');
INSERT INTO "customers" ("id", "customer_number", "notes", "is_deleted", "created_at", "updated_at") VALUES ('d1e637e7-1c79-42f1-b046-714854acec3a', '20200825-C02', '原始報價編號: 20200825-013
報價紀錄: 20200825-013
歷史成交數: 1', false, '2026-03-05 16:13:20', '2026-03-05 16:13:20');
INSERT INTO "company_names" ("id", "customer_id", "company_name", "is_primary", "sort_order", "created_at", "updated_at") VALUES ('cc6a9ef0-1052-42e8-ae71-c4bf6c8b14b2', 'd1e637e7-1c79-42f1-b046-714854acec3a', '孛所特品牌行銷有限公司', true, 1, '2026-03-05 16:13:20', '2026-03-05 16:13:20');
INSERT INTO "locations" ("id", "customer_id", "name", "address", "is_primary", "sort_order", "created_at", "updated_at") VALUES ('8afed875-ce4b-4e16-9a1c-1faf5fa2aa14', 'd1e637e7-1c79-42f1-b046-714854acec3a', '主要地址', '台北市信義區松德路104號2樓之4', true, 1, '2026-03-05 16:13:20', '2026-03-05 16:13:20');
INSERT INTO "contacts" ("id", "customer_id", "name", "phone", "mobile", "email", "fax", "is_primary", "sort_order", "created_at", "updated_at") VALUES ('d0e7d565-1982-4f52-b914-ad18bf50fe41', 'd1e637e7-1c79-42f1-b046-714854acec3a', '鐘虹期 小姐', '02-8786-9800', '0917-979-715', NULL, NULL, true, 1, '2026-03-05 16:13:20', '2026-03-05 16:13:20');
INSERT INTO "customers" ("id", "customer_number", "notes", "is_deleted", "created_at", "updated_at") VALUES ('723afc1e-9026-4749-b072-dd5a5cfe368c', '20200901-C01', '原始報價編號: 20200901-003
報價紀錄: 20200901-003
歷史成交數: 1', false, '2026-03-05 16:13:20', '2026-03-05 16:13:20');
INSERT INTO "locations" ("id", "customer_id", "name", "address", "is_primary", "sort_order", "created_at", "updated_at") VALUES ('255caf4a-db55-4443-a079-4c36edc6eb71', '723afc1e-9026-4749-b072-dd5a5cfe368c', '主要地址', '台北市博愛路25號8樓之13', true, 1, '2026-03-05 16:13:20', '2026-03-05 16:13:20');
INSERT INTO "contacts" ("id", "customer_id", "name", "phone", "mobile", "email", "fax", "is_primary", "sort_order", "created_at", "updated_at") VALUES ('5f7915ee-958a-4bd0-b907-dc730e6f49df', '723afc1e-9026-4749-b072-dd5a5cfe368c', '熊先生', '02-2361-8861', NULL, NULL, NULL, true, 1, '2026-03-05 16:13:20', '2026-03-05 16:13:20');
INSERT INTO "customers" ("id", "customer_number", "notes", "is_deleted", "created_at", "updated_at") VALUES ('485dd78c-2157-493b-89f2-307f73a14f33', '20200903-C01', '原始報價編號: 20200903-003
報價紀錄: 20200903-003
歷史成交數: 1', false, '2026-03-05 16:13:20', '2026-03-05 16:13:20');
INSERT INTO "company_names" ("id", "customer_id", "company_name", "is_primary", "sort_order", "created_at", "updated_at") VALUES ('e561edea-574b-4686-a9f8-537abff46b01', '485dd78c-2157-493b-89f2-307f73a14f33', '良維科技股份有限公司', true, 1, '2026-03-05 16:13:20', '2026-03-05 16:13:20');
INSERT INTO "locations" ("id", "customer_id", "name", "address", "is_primary", "sort_order", "created_at", "updated_at") VALUES ('a0b1fb4f-c4ee-4f21-8aeb-12c6bd248a56', '485dd78c-2157-493b-89f2-307f73a14f33', '主要地址', '台北市長安東路一段36號10樓', true, 1, '2026-03-05 16:13:20', '2026-03-05 16:13:20');
INSERT INTO "contacts" ("id", "customer_id", "name", "phone", "mobile", "email", "fax", "is_primary", "sort_order", "created_at", "updated_at") VALUES ('80154056-8f25-4788-ac22-e80fbc355b27', '485dd78c-2157-493b-89f2-307f73a14f33', '游志洋 先生', '02-2543-3567 #219', '0910-360-310', NULL, NULL, true, 1, '2026-03-05 16:13:20', '2026-03-05 16:13:20');
INSERT INTO "customers" ("id", "customer_number", "notes", "is_deleted", "created_at", "updated_at") VALUES ('ef5eb4d3-2eaf-41c9-a298-aa860e68812b', '20200903-C02', '原始報價編號: 20200903-007
報價紀錄: 20200903-007
歷史成交數: 1', false, '2026-03-05 16:13:20', '2026-03-05 16:13:20');
INSERT INTO "company_names" ("id", "customer_id", "company_name", "is_primary", "sort_order", "created_at", "updated_at") VALUES ('1576c667-f62d-4d16-ba86-e75e45a24983', 'ef5eb4d3-2eaf-41c9-a298-aa860e68812b', '張玉樹建築師', true, 1, '2026-03-05 16:13:20', '2026-03-05 16:13:20');
INSERT INTO "locations" ("id", "customer_id", "name", "address", "is_primary", "sort_order", "created_at", "updated_at") VALUES ('6d5c621d-7fc3-4de9-8327-03041eca1f18', 'ef5eb4d3-2eaf-41c9-a298-aa860e68812b', '主要地址', '台北市信義路四段265巷21弄14號1樓', true, 1, '2026-03-05 16:13:20', '2026-03-05 16:13:20');
INSERT INTO "contacts" ("id", "customer_id", "name", "phone", "mobile", "email", "fax", "is_primary", "sort_order", "created_at", "updated_at") VALUES ('aa4a7836-27ab-4048-8281-ab0b4059e71f', 'ef5eb4d3-2eaf-41c9-a298-aa860e68812b', '黃湘蓉 小姐', '02-2701-2555＃12', NULL, NULL, NULL, true, 1, '2026-03-05 16:13:20', '2026-03-05 16:13:20');
INSERT INTO "customers" ("id", "customer_number", "notes", "is_deleted", "created_at", "updated_at") VALUES ('a24b4008-4383-4ed4-b020-4af78104a852', '20200904-C01', '原始報價編號: 20200904-003
報價紀錄: 20200904-003
歷史成交數: 1', false, '2026-03-05 16:13:20', '2026-03-05 16:13:20');
INSERT INTO "company_names" ("id", "customer_id", "company_name", "is_primary", "sort_order", "created_at", "updated_at") VALUES ('7db556c8-3adc-41a9-8ad8-728a6eb4dea7', 'a24b4008-4383-4ed4-b020-4af78104a852', '明湖青庭管理委員會', true, 1, '2026-03-05 16:13:20', '2026-03-05 16:13:20');
INSERT INTO "locations" ("id", "customer_id", "name", "address", "is_primary", "sort_order", "created_at", "updated_at") VALUES ('6d161d54-dd06-426c-a984-b78d630e4750', 'a24b4008-4383-4ed4-b020-4af78104a852', '主要地址', '台北市內湖區東湖路43巷26弄9號1樓', true, 1, '2026-03-05 16:13:20', '2026-03-05 16:13:20');
INSERT INTO "contacts" ("id", "customer_id", "name", "phone", "mobile", "email", "fax", "is_primary", "sort_order", "created_at", "updated_at") VALUES ('912ee704-4914-48bb-9bcf-e5ca6df0898c', 'a24b4008-4383-4ed4-b020-4af78104a852', '陳先生', NULL, '0970-219-848', NULL, NULL, true, 1, '2026-03-05 16:13:20', '2026-03-05 16:13:20');
INSERT INTO "customers" ("id", "customer_number", "notes", "is_deleted", "created_at", "updated_at") VALUES ('f7f69e78-471e-419b-ae2b-6c3d7a2bca9c', '20200904-C02', '原始報價編號: 20200904-007
報價紀錄: 20200904-007
歷史成交數: 1', false, '2026-03-05 16:13:20', '2026-03-05 16:13:20');
INSERT INTO "company_names" ("id", "customer_id", "company_name", "is_primary", "sort_order", "created_at", "updated_at") VALUES ('236a9fe3-d3a4-4b60-92b0-846ee7506731', 'f7f69e78-471e-419b-ae2b-6c3d7a2bca9c', '裕潔股份有限公司', true, 1, '2026-03-05 16:13:20', '2026-03-05 16:13:20');
INSERT INTO "locations" ("id", "customer_id", "name", "address", "is_primary", "sort_order", "created_at", "updated_at") VALUES ('f74feeae-0c8d-4751-a6bf-210e5322fb88', 'f7f69e78-471e-419b-ae2b-6c3d7a2bca9c', '主要地址', '新北市新店區北新路一段89號3樓之1', true, 1, '2026-03-05 16:13:20', '2026-03-05 16:13:20');
INSERT INTO "contacts" ("id", "customer_id", "name", "phone", "mobile", "email", "fax", "is_primary", "sort_order", "created_at", "updated_at") VALUES ('19b88c17-b77b-4606-a71d-b6384232d7ef', 'f7f69e78-471e-419b-ae2b-6c3d7a2bca9c', '趙先生', '02-8914-6777 #2501', NULL, NULL, NULL, true, 1, '2026-03-05 16:13:20', '2026-03-05 16:13:20');
INSERT INTO "customers" ("id", "customer_number", "notes", "is_deleted", "created_at", "updated_at") VALUES ('36898ca5-6110-4bd9-80b1-21ad51d6930a', '20200905-C01', '原始報價編號: 20200905-005
報價紀錄: 20200905-005, 20211123-003
歷史成交數: 2', false, '2026-03-05 16:13:20', '2026-03-05 16:13:20');
INSERT INTO "company_names" ("id", "customer_id", "company_name", "is_primary", "sort_order", "created_at", "updated_at") VALUES ('86a7f646-2a5f-4d30-bfeb-0330fa26b671', '36898ca5-6110-4bd9-80b1-21ad51d6930a', '外外有限公司', true, 1, '2026-03-05 16:13:20', '2026-03-05 16:13:20');
INSERT INTO "locations" ("id", "customer_id", "name", "address", "is_primary", "sort_order", "created_at", "updated_at") VALUES ('b20616eb-be7e-41f1-a7a8-968a0a3ca0da', '36898ca5-6110-4bd9-80b1-21ad51d6930a', '主要地址', '台北市敦化南路二段182號19樓', true, 1, '2026-03-05 16:13:20', '2026-03-05 16:13:20');
INSERT INTO "locations" ("id", "customer_id", "name", "address", "is_primary", "sort_order", "created_at", "updated_at") VALUES ('3ac90f47-4702-4668-a22b-aca3c2e4d67f', '36898ca5-6110-4bd9-80b1-21ad51d6930a', '分支地址2', '新北市三重區重新路五段609巷6號9樓之7', false, 2, '2026-03-05 16:13:20', '2026-03-05 16:13:20');
INSERT INTO "contacts" ("id", "customer_id", "name", "phone", "mobile", "email", "fax", "is_primary", "sort_order", "created_at", "updated_at") VALUES ('34e2430e-8e50-4469-b133-b9ab409efcd3', '36898ca5-6110-4bd9-80b1-21ad51d6930a', '李先生', '02-2346-5866', '0971-899-233', NULL, NULL, true, 1, '2026-03-05 16:13:20', '2026-03-05 16:13:20');
INSERT INTO "customers" ("id", "customer_number", "notes", "is_deleted", "created_at", "updated_at") VALUES ('898c8fce-a933-4a54-a1e9-3b864d57c1df', '20200907-C01', '原始報價編號: 20200907-009
報價紀錄: 20200907-009, 20210716-009, 20211115-005, 20220628-001
歷史成交數: 4', false, '2026-03-05 16:13:20', '2026-03-05 16:13:20');
INSERT INTO "company_names" ("id", "customer_id", "company_name", "is_primary", "sort_order", "created_at", "updated_at") VALUES ('7aeaef94-122f-43d3-9229-cc3d3b60b618', '898c8fce-a933-4a54-a1e9-3b864d57c1df', '財團法人蔣經國國際學術交流基金會', true, 1, '2026-03-05 16:13:20', '2026-03-05 16:13:20');
INSERT INTO "locations" ("id", "customer_id", "name", "address", "is_primary", "sort_order", "created_at", "updated_at") VALUES ('b3b46ebb-acae-4074-b3ce-92709f825f5c', '898c8fce-a933-4a54-a1e9-3b864d57c1df', '主要地址', '台北市中山區北安路303號1樓', true, 1, '2026-03-05 16:13:20', '2026-03-05 16:13:20');
INSERT INTO "locations" ("id", "customer_id", "name", "address", "is_primary", "sort_order", "created_at", "updated_at") VALUES ('b77cab8f-da82-4863-84ef-fdb27d802e18', '898c8fce-a933-4a54-a1e9-3b864d57c1df', '分支地址2', '台北市大安區敦化南路二段65號13樓', false, 2, '2026-03-05 16:13:20', '2026-03-05 16:13:20');
INSERT INTO "contacts" ("id", "customer_id", "name", "phone", "mobile", "email", "fax", "is_primary", "sort_order", "created_at", "updated_at") VALUES ('0f827b37-e3f5-4c74-8997-bd22f93550d9', '898c8fce-a933-4a54-a1e9-3b864d57c1df', '陳姿妤 小姐', '02-2704-5333 #31', NULL, NULL, NULL, true, 1, '2026-03-05 16:13:20', '2026-03-05 16:13:20');
INSERT INTO "contacts" ("id", "customer_id", "name", "phone", "mobile", "email", "fax", "is_primary", "sort_order", "created_at", "updated_at") VALUES ('e730c127-a1b9-475b-a2b4-052450702e0a', '898c8fce-a933-4a54-a1e9-3b864d57c1df', '聯絡人2', '02-02-2704-5333 #31', NULL, NULL, NULL, false, 2, '2026-03-05 16:13:20', '2026-03-05 16:13:20');
INSERT INTO "customers" ("id", "customer_number", "notes", "is_deleted", "created_at", "updated_at") VALUES ('da2edb74-3cf7-4ed4-add7-3c9eb7c15635', '20200907-C02', '原始報價編號: 20200907-010
報價紀錄: 20200907-010
歷史成交數: 1', false, '2026-03-05 16:13:20', '2026-03-05 16:13:20');
INSERT INTO "company_names" ("id", "customer_id", "company_name", "is_primary", "sort_order", "created_at", "updated_at") VALUES ('d59f32d0-1cf1-408f-a9d6-2d6cbb0f2931', 'da2edb74-3cf7-4ed4-add7-3c9eb7c15635', '焱森科技股份有限公司', true, 1, '2026-03-05 16:13:20', '2026-03-05 16:13:20');
INSERT INTO "locations" ("id", "customer_id", "name", "address", "is_primary", "sort_order", "created_at", "updated_at") VALUES ('d07fa8f1-3e05-4ef9-a409-83a433bc69a2', 'da2edb74-3cf7-4ed4-add7-3c9eb7c15635', '主要地址', '台北市重慶南路一段121號3樓之12', true, 1, '2026-03-05 16:13:20', '2026-03-05 16:13:20');
INSERT INTO "contacts" ("id", "customer_id", "name", "phone", "mobile", "email", "fax", "is_primary", "sort_order", "created_at", "updated_at") VALUES ('d6507acc-24c9-4afe-9276-e87f81cb2bdc', 'da2edb74-3cf7-4ed4-add7-3c9eb7c15635', '邱如君 小姐', '02-2331-0296', '0919-001-377', NULL, NULL, true, 1, '2026-03-05 16:13:20', '2026-03-05 16:13:20');
INSERT INTO "customers" ("id", "customer_number", "notes", "is_deleted", "created_at", "updated_at") VALUES ('2589e5be-4c43-4497-a7d9-05d59b2188db', '20200908-C01', '原始報價編號: 20200908-003
報價紀錄: 20200908-003, 20201214-003, 20210806-003, 20210825-001, 20210825-001
歷史成交數: 5', false, '2026-03-05 16:13:20', '2026-03-05 16:13:20');
INSERT INTO "company_names" ("id", "customer_id", "company_name", "is_primary", "sort_order", "created_at", "updated_at") VALUES ('3685a0df-dcd7-4356-bea5-14dd0b966616', '2589e5be-4c43-4497-a7d9-05d59b2188db', '睿格室內裝修設計有限公司', true, 1, '2026-03-05 16:13:20', '2026-03-05 16:13:20');
INSERT INTO "locations" ("id", "customer_id", "name", "address", "is_primary", "sort_order", "created_at", "updated_at") VALUES ('74d1bacf-eb2a-4f9b-ad5b-abb52ff70dab', '2589e5be-4c43-4497-a7d9-05d59b2188db', '主要地址', '新北市汐止區中興路43之7號2樓', true, 1, '2026-03-05 16:13:20', '2026-03-05 16:13:20');
INSERT INTO "locations" ("id", "customer_id", "name", "address", "is_primary", "sort_order", "created_at", "updated_at") VALUES ('c1fdcb4d-5fd2-4f2f-96b5-bf162e9cc514', '2589e5be-4c43-4497-a7d9-05d59b2188db', '分支地址2', '桃園市中壢區青埔里清峰路一段55號13樓', false, 2, '2026-03-05 16:13:20', '2026-03-05 16:13:20');
INSERT INTO "locations" ("id", "customer_id", "name", "address", "is_primary", "sort_order", "created_at", "updated_at") VALUES ('d70de53f-9855-4324-8ff0-797cc76c512a', '2589e5be-4c43-4497-a7d9-05d59b2188db', '分支地址3', '新北市板橋區區運路28號3樓', false, 3, '2026-03-05 16:13:20', '2026-03-05 16:13:20');
INSERT INTO "locations" ("id", "customer_id", "name", "address", "is_primary", "sort_order", "created_at", "updated_at") VALUES ('78352bd7-e5f1-4d47-a98b-444eaff29ec7', '2589e5be-4c43-4497-a7d9-05d59b2188db', '分支地址4', '新北市汐止區中興路43之7號2樓', false, 4, '2026-03-05 16:13:20', '2026-03-05 16:13:20');
INSERT INTO "contacts" ("id", "customer_id", "name", "phone", "mobile", "email", "fax", "is_primary", "sort_order", "created_at", "updated_at") VALUES ('0334b49a-ef5d-4df1-a6aa-9db11b92e777', '2589e5be-4c43-4497-a7d9-05d59b2188db', '許佳倩 小姐', '02-2956-6639', '0963-765-255', NULL, NULL, true, 1, '2026-03-05 16:13:20', '2026-03-05 16:13:20');
INSERT INTO "contacts" ("id", "customer_id", "name", "phone", "mobile", "email", "fax", "is_primary", "sort_order", "created_at", "updated_at") VALUES ('3624a1b7-9f92-48d7-8a6b-eb141d0ebe33', '2589e5be-4c43-4497-a7d9-05d59b2188db', '陳先生', NULL, NULL, NULL, NULL, false, 2, '2026-03-05 16:13:20', '2026-03-05 16:13:20');
INSERT INTO "customers" ("id", "customer_number", "notes", "is_deleted", "created_at", "updated_at") VALUES ('2044cc60-a5e5-491e-9403-384f36ecf7df', '20200908-C02', '原始報價編號: 20200908-012
報價紀錄: 20200908-012, 20211216-008
歷史成交數: 2', false, '2026-03-05 16:13:20', '2026-03-05 16:13:20');
INSERT INTO "company_names" ("id", "customer_id", "company_name", "is_primary", "sort_order", "created_at", "updated_at") VALUES ('6c2aa3d1-7f41-4488-9c79-a8d66d1d267f', '2044cc60-a5e5-491e-9403-384f36ecf7df', '禾場國際有限公司', true, 1, '2026-03-05 16:13:20', '2026-03-05 16:13:20');
INSERT INTO "locations" ("id", "customer_id", "name", "address", "is_primary", "sort_order", "created_at", "updated_at") VALUES ('168269d7-6616-4219-a490-02c0cb06395f', '2044cc60-a5e5-491e-9403-384f36ecf7df', '主要地址', '台北市信義區東興路41號4樓', true, 1, '2026-03-05 16:13:20', '2026-03-05 16:13:20');
INSERT INTO "contacts" ("id", "customer_id", "name", "phone", "mobile", "email", "fax", "is_primary", "sort_order", "created_at", "updated_at") VALUES ('799378e0-d481-4594-88a1-508e5f5c43a9', '2044cc60-a5e5-491e-9403-384f36ecf7df', '羅小姐', '02-2711-2290', '0911-319-141', NULL, NULL, true, 1, '2026-03-05 16:13:20', '2026-03-05 16:13:20');
INSERT INTO "contacts" ("id", "customer_id", "name", "phone", "mobile", "email", "fax", "is_primary", "sort_order", "created_at", "updated_at") VALUES ('2679bafb-f20a-438f-bffa-e30255e5de89', '2044cc60-a5e5-491e-9403-384f36ecf7df', '張先生', NULL, NULL, NULL, NULL, false, 2, '2026-03-05 16:13:20', '2026-03-05 16:13:20');
INSERT INTO "customers" ("id", "customer_number", "notes", "is_deleted", "created_at", "updated_at") VALUES ('09822a81-0bd7-49de-b0eb-aed16ac00d4d', '20200910-C01', '原始報價編號: 20200910-005
報價紀錄: 20200910-005, 20201015-006, 20201015-007, 20201021-003
歷史成交數: 4', false, '2026-03-05 16:13:20', '2026-03-05 16:13:20');
INSERT INTO "locations" ("id", "customer_id", "name", "address", "is_primary", "sort_order", "created_at", "updated_at") VALUES ('89ab1387-9514-4b4a-9c18-5310143a2d48', '09822a81-0bd7-49de-b0eb-aed16ac00d4d', '主要地址', '台北市中山北路二段4之4號2樓、4樓', true, 1, '2026-03-05 16:13:20', '2026-03-05 16:13:20');
INSERT INTO "contacts" ("id", "customer_id", "name", "phone", "mobile", "email", "fax", "is_primary", "sort_order", "created_at", "updated_at") VALUES ('fe4894b0-5a9b-4592-b86e-60698999c3cf', '09822a81-0bd7-49de-b0eb-aed16ac00d4d', '汪先生', NULL, '0922-764-950', NULL, NULL, true, 1, '2026-03-05 16:13:20', '2026-03-05 16:13:20');
INSERT INTO "customers" ("id", "customer_number", "notes", "is_deleted", "created_at", "updated_at") VALUES ('9d1b2e7f-c618-4b64-9711-e4968c96609d', '20200910-C02', '原始報價編號: 20200910-005
報價紀錄: 20200910-005
歷史成交數: 1', false, '2026-03-05 16:13:20', '2026-03-05 16:13:20');
INSERT INTO "locations" ("id", "customer_id", "name", "address", "is_primary", "sort_order", "created_at", "updated_at") VALUES ('e7777444-01b8-4af6-9591-bc8a8b74cc65', '9d1b2e7f-c618-4b64-9711-e4968c96609d', '主要地址', '台北市文山區景福街269號', true, 1, '2026-03-05 16:13:20', '2026-03-05 16:13:20');
INSERT INTO "contacts" ("id", "customer_id", "name", "phone", "mobile", "email", "fax", "is_primary", "sort_order", "created_at", "updated_at") VALUES ('8c7eb5d8-03d7-4124-8424-9b4276d8a001', '9d1b2e7f-c618-4b64-9711-e4968c96609d', '林先生', NULL, '0976-545-280', NULL, NULL, true, 1, '2026-03-05 16:13:20', '2026-03-05 16:13:20');
INSERT INTO "customers" ("id", "customer_number", "notes", "is_deleted", "created_at", "updated_at") VALUES ('551fce7c-07a3-46b4-bd23-85af1ef85b4f', '20200915-C01', '原始報價編號: 20200915-005
報價紀錄: 20200915-005, 20210812-002
歷史成交數: 2', false, '2026-03-05 16:13:20', '2026-03-05 16:13:20');
INSERT INTO "company_names" ("id", "customer_id", "company_name", "is_primary", "sort_order", "created_at", "updated_at") VALUES ('417452da-5cd7-4dd6-966b-907c84156a84', '551fce7c-07a3-46b4-bd23-85af1ef85b4f', '台灣票券金融股份有限公司', true, 1, '2026-03-05 16:13:20', '2026-03-05 16:13:20');
INSERT INTO "locations" ("id", "customer_id", "name", "address", "is_primary", "sort_order", "created_at", "updated_at") VALUES ('c8a46af8-00bd-49e2-b53f-68482232e47a', '551fce7c-07a3-46b4-bd23-85af1ef85b4f', '主要地址', '台北市中山區南京東路二段123號3樓', true, 1, '2026-03-05 16:13:20', '2026-03-05 16:13:20');
INSERT INTO "contacts" ("id", "customer_id", "name", "phone", "mobile", "email", "fax", "is_primary", "sort_order", "created_at", "updated_at") VALUES ('3841bfbc-9230-49d0-bc15-8d15e2d6678f', '551fce7c-07a3-46b4-bd23-85af1ef85b4f', '黃彥達 先生', '02-2516-7968 #306', NULL, NULL, NULL, true, 1, '2026-03-05 16:13:20', '2026-03-05 16:13:20');
INSERT INTO "customers" ("id", "customer_number", "notes", "is_deleted", "created_at", "updated_at") VALUES ('b7f077f8-d002-4212-b4c6-a4dc4cc5d2e5', '20200916-C01', '原始報價編號: 20200916-007
報價紀錄: 20200916-007, 20201224-008, 20220302-009, 20220615-008, 20220624-002, 20221013-006, 20230223-013, 20240418-003
歷史成交數: 8', false, '2026-03-05 16:13:20', '2026-03-05 16:13:20');
INSERT INTO "company_names" ("id", "customer_id", "company_name", "is_primary", "sort_order", "created_at", "updated_at") VALUES ('c69ffbef-c220-4e82-a783-040cb417a74e', 'b7f077f8-d002-4212-b4c6-a4dc4cc5d2e5', '唯肯有限公司', true, 1, '2026-03-05 16:13:20', '2026-03-05 16:13:20');
INSERT INTO "locations" ("id", "customer_id", "name", "address", "is_primary", "sort_order", "created_at", "updated_at") VALUES ('0178a632-f1dc-41f8-986c-cba895c428fd', 'b7f077f8-d002-4212-b4c6-a4dc4cc5d2e5', '主要地址', '台北市中山區堤頂大道二段293號5樓之1號', true, 1, '2026-03-05 16:13:20', '2026-03-05 16:13:20');
INSERT INTO "locations" ("id", "customer_id", "name", "address", "is_primary", "sort_order", "created_at", "updated_at") VALUES ('00fe62fb-9018-42d0-b805-a5ecb5cc7439', 'b7f077f8-d002-4212-b4c6-a4dc4cc5d2e5', '分支地址2', '台北市內湖區堤頂大道二段293號5樓之1號', false, 2, '2026-03-05 16:13:20', '2026-03-05 16:13:20');
INSERT INTO "contacts" ("id", "customer_id", "name", "phone", "mobile", "email", "fax", "is_primary", "sort_order", "created_at", "updated_at") VALUES ('c38882f7-8b2a-4253-a2b0-9a462cb893b2', 'b7f077f8-d002-4212-b4c6-a4dc4cc5d2e5', '楊淑貞 小姐', '02-2657-7879 #613', '0968-770-993', NULL, NULL, true, 1, '2026-03-05 16:13:20', '2026-03-05 16:13:20');
INSERT INTO "customers" ("id", "customer_number", "notes", "is_deleted", "created_at", "updated_at") VALUES ('68d55e37-b9c7-4ba8-8f8a-062302226779', '20200921-C01', '原始報價編號: 20200921-003
報價紀錄: 20200921-003, 20210818-005
歷史成交數: 2', false, '2026-03-05 16:13:20', '2026-03-05 16:13:20');
INSERT INTO "company_names" ("id", "customer_id", "company_name", "is_primary", "sort_order", "created_at", "updated_at") VALUES ('905b03b3-fde1-4ca0-a329-cddbab80f69a', '68d55e37-b9c7-4ba8-8f8a-062302226779', '思索柏股份有限公司', true, 1, '2026-03-05 16:13:20', '2026-03-05 16:13:20');
INSERT INTO "locations" ("id", "customer_id", "name", "address", "is_primary", "sort_order", "created_at", "updated_at") VALUES ('e6acf8b3-6611-4e45-92f0-a2f2893bfe8d', '68d55e37-b9c7-4ba8-8f8a-062302226779', '主要地址', '台北市松山區健康路 156號3F', true, 1, '2026-03-05 16:13:20', '2026-03-05 16:13:20');
INSERT INTO "locations" ("id", "customer_id", "name", "address", "is_primary", "sort_order", "created_at", "updated_at") VALUES ('5dc8b69c-5132-48a8-8359-879b4f87afd0', '68d55e37-b9c7-4ba8-8f8a-062302226779', '分支地址2', '台北市松山區民生東路三段130巷9號8樓', false, 2, '2026-03-05 16:13:20', '2026-03-05 16:13:20');
INSERT INTO "contacts" ("id", "customer_id", "name", "phone", "mobile", "email", "fax", "is_primary", "sort_order", "created_at", "updated_at") VALUES ('af5c72f7-1825-48f8-aa0f-6874eb1b72b8', '68d55e37-b9c7-4ba8-8f8a-062302226779', '鍾先生', '02-7707-1314 #165', NULL, NULL, NULL, true, 1, '2026-03-05 16:13:20', '2026-03-05 16:13:20');
INSERT INTO "contacts" ("id", "customer_id", "name", "phone", "mobile", "email", "fax", "is_primary", "sort_order", "created_at", "updated_at") VALUES ('21c4c117-d52c-4bad-b528-a168f1da37c9', '68d55e37-b9c7-4ba8-8f8a-062302226779', '鍾依陵 先生', NULL, NULL, NULL, NULL, false, 2, '2026-03-05 16:13:20', '2026-03-05 16:13:20');
INSERT INTO "customers" ("id", "customer_number", "notes", "is_deleted", "created_at", "updated_at") VALUES ('857acab7-0759-4102-ba4a-5a6c668e7d57', '20200924-C01', '原始報價編號: 20200924-012
報價紀錄: 20200924-012, 20201012-007, 20201104-011, 20210224-009, 20220704-010, 20220829-003, 20221207-006, 20230424-006, 20240112-006, 20240830-005, 20240926-012, 20241028-003, 20241028-004, 20241028-005, 20241028-005, 20241028-006, 20250506-006, 20250806-007, 20250821-009, 20250826-006, 20250827-003, 20250902-003, 20250905-008, 20250922-008
歷史成交數: 24', false, '2026-03-05 16:13:20', '2026-03-05 16:13:20');
INSERT INTO "company_names" ("id", "customer_id", "company_name", "is_primary", "sort_order", "created_at", "updated_at") VALUES ('ba945789-d986-44ac-b505-f094c8f1130a', '857acab7-0759-4102-ba4a-5a6c668e7d57', '大晴國際室內裝修設計股份有限公司', true, 1, '2026-03-05 16:13:20', '2026-03-05 16:13:20');
INSERT INTO "locations" ("id", "customer_id", "name", "address", "is_primary", "sort_order", "created_at", "updated_at") VALUES ('b72aed79-9ca0-4739-9e5d-a81395a05447', '857acab7-0759-4102-ba4a-5a6c668e7d57', '主要地址', '台北市中山區松江路315號11樓(B-5)', true, 1, '2026-03-05 16:13:20', '2026-03-05 16:13:20');
INSERT INTO "locations" ("id", "customer_id", "name", "address", "is_primary", "sort_order", "created_at", "updated_at") VALUES ('03620615-d0c4-45e5-b063-be965b4807a4', '857acab7-0759-4102-ba4a-5a6c668e7d57', '分支地址2', '台北市中山區松江路315號11樓', false, 2, '2026-03-05 16:13:20', '2026-03-05 16:13:20');
INSERT INTO "locations" ("id", "customer_id", "name", "address", "is_primary", "sort_order", "created_at", "updated_at") VALUES ('1a6c55ca-6b08-4659-8314-a298347d507f', '857acab7-0759-4102-ba4a-5a6c668e7d57', '分支地址3', '台北市大安區基隆路二段232號4樓', false, 3, '2026-03-05 16:13:20', '2026-03-05 16:13:20');
INSERT INTO "locations" ("id", "customer_id", "name", "address", "is_primary", "sort_order", "created_at", "updated_at") VALUES ('a92f00fb-ecfd-4bc5-8b69-0ba005114e45', '857acab7-0759-4102-ba4a-5a6c668e7d57', '分支地址4', '台北市中山區合江街73巷5之1號1樓', false, 4, '2026-03-05 16:13:20', '2026-03-05 16:13:20');
INSERT INTO "locations" ("id", "customer_id", "name", "address", "is_primary", "sort_order", "created_at", "updated_at") VALUES ('2ba7bf05-e43a-4ebc-9bd1-8b09f1427477', '857acab7-0759-4102-ba4a-5a6c668e7d57', '分支地址5', '台北市大安區基隆路二段232號1樓', false, 5, '2026-03-05 16:13:20', '2026-03-05 16:13:20');
INSERT INTO "contacts" ("id", "customer_id", "name", "phone", "mobile", "email", "fax", "is_primary", "sort_order", "created_at", "updated_at") VALUES ('e4d6f5d9-bae5-44c6-ac09-a6a1a5d4886f', '857acab7-0759-4102-ba4a-5a6c668e7d57', '林魁堅 先生', '02-8712-8911 #102', '0988-588-032', NULL, NULL, true, 1, '2026-03-05 16:13:20', '2026-03-05 16:13:20');
INSERT INTO "contacts" ("id", "customer_id", "name", "phone", "mobile", "email", "fax", "is_primary", "sort_order", "created_at", "updated_at") VALUES ('52b3ddb8-3153-414c-ac6f-aa7927f06f40', '857acab7-0759-4102-ba4a-5a6c668e7d57', '任依仁 先生', '02-8712-8911 #103', '0939-556-879', NULL, NULL, false, 2, '2026-03-05 16:13:20', '2026-03-05 16:13:20');
INSERT INTO "customers" ("id", "customer_number", "notes", "is_deleted", "created_at", "updated_at") VALUES ('9ea8c06f-5854-411f-ae62-385f9fa6f704', '20201012-C01', '原始報價編號: 20201012-008
報價紀錄: 20201012-008, 20201027-003, 20210127-007
歷史成交數: 3', false, '2026-03-05 16:13:20', '2026-03-05 16:13:20');
INSERT INTO "company_names" ("id", "customer_id", "company_name", "is_primary", "sort_order", "created_at", "updated_at") VALUES ('1f096f2a-4aff-4381-b345-f2b1816b7284', '9ea8c06f-5854-411f-ae62-385f9fa6f704', '全景軟體股份有限公司', true, 1, '2026-03-05 16:13:20', '2026-03-05 16:13:20');
INSERT INTO "locations" ("id", "customer_id", "name", "address", "is_primary", "sort_order", "created_at", "updated_at") VALUES ('670f1ac5-a6fb-42d0-86c0-bc2275ceb57e', '9ea8c06f-5854-411f-ae62-385f9fa6f704', '主要地址', '台北市中正區博愛路150號5樓', true, 1, '2026-03-05 16:13:20', '2026-03-05 16:13:20');
INSERT INTO "locations" ("id", "customer_id", "name", "address", "is_primary", "sort_order", "created_at", "updated_at") VALUES ('dfa8b5f4-7cc9-47a5-a5f7-344ad04bc1fc', '9ea8c06f-5854-411f-ae62-385f9fa6f704', '分支地址2', '台北市中正區博愛路150號4樓', false, 2, '2026-03-05 16:13:20', '2026-03-05 16:13:20');
INSERT INTO "locations" ("id", "customer_id", "name", "address", "is_primary", "sort_order", "created_at", "updated_at") VALUES ('1b4463fb-9ab2-4984-9b60-16b2b17e68c6', '9ea8c06f-5854-411f-ae62-385f9fa6f704', '分支地址3', '新竹科學園區新竹縣園區二路48號2樓', false, 3, '2026-03-05 16:13:20', '2026-03-05 16:13:20');
INSERT INTO "contacts" ("id", "customer_id", "name", "phone", "mobile", "email", "fax", "is_primary", "sort_order", "created_at", "updated_at") VALUES ('4223b6cb-9ab6-4e29-95ee-91158688a277', '9ea8c06f-5854-411f-ae62-385f9fa6f704', '古佳書 先生', '03-563-0688 #251', NULL, NULL, NULL, true, 1, '2026-03-05 16:13:20', '2026-03-05 16:13:20');
INSERT INTO "contacts" ("id", "customer_id", "name", "phone", "mobile", "email", "fax", "is_primary", "sort_order", "created_at", "updated_at") VALUES ('bb6f003a-955e-49e9-b5db-423a80f759ef', '9ea8c06f-5854-411f-ae62-385f9fa6f704', '聯絡人2', '03-563-0688', NULL, NULL, NULL, false, 2, '2026-03-05 16:13:20', '2026-03-05 16:13:20');
INSERT INTO "customers" ("id", "customer_number", "notes", "is_deleted", "created_at", "updated_at") VALUES ('0341a15f-96b4-4c94-b00f-b1526449567b', '20201017-C01', '原始報價編號: 20201017-002
報價紀錄: 20201017-002, 20201020-003, 20201023-003, 20201024-003, 20201208-003, 20221004-013
歷史成交數: 6', false, '2026-03-05 16:13:20', '2026-03-05 16:13:20');
INSERT INTO "company_names" ("id", "customer_id", "company_name", "is_primary", "sort_order", "created_at", "updated_at") VALUES ('445603be-2807-4973-ab3b-5b76968bb1eb', '0341a15f-96b4-4c94-b00f-b1526449567b', '天欣綠能開發有限公司', true, 1, '2026-03-05 16:13:20', '2026-03-05 16:13:20');
INSERT INTO "company_names" ("id", "customer_id", "company_name", "is_primary", "sort_order", "created_at", "updated_at") VALUES ('f238a027-2b3f-4e4f-b306-855390f32634', '0341a15f-96b4-4c94-b00f-b1526449567b', '天欣綠能', false, 2, '2026-03-05 16:13:20', '2026-03-05 16:13:20');
INSERT INTO "locations" ("id", "customer_id", "name", "address", "is_primary", "sort_order", "created_at", "updated_at") VALUES ('73907963-ac3d-4375-bad0-5117144197da', '0341a15f-96b4-4c94-b00f-b1526449567b', '主要地址', '台北市南京東路二段137號7樓', true, 1, '2026-03-05 16:13:20', '2026-03-05 16:13:20');
INSERT INTO "contacts" ("id", "customer_id", "name", "phone", "mobile", "email", "fax", "is_primary", "sort_order", "created_at", "updated_at") VALUES ('86335c70-03aa-4759-b94c-e4fde3ee0372', '0341a15f-96b4-4c94-b00f-b1526449567b', '黃莉雯 小姐', '02-2508-0379 #802', '0968-683-916', NULL, NULL, true, 1, '2026-03-05 16:13:20', '2026-03-05 16:13:20');
INSERT INTO "contacts" ("id", "customer_id", "name", "phone", "mobile", "email", "fax", "is_primary", "sort_order", "created_at", "updated_at") VALUES ('ec35b61c-c905-4355-a43a-59be08b0ebe6', '0341a15f-96b4-4c94-b00f-b1526449567b', '劉先生', '02-2508-0379 #804', NULL, NULL, NULL, false, 2, '2026-03-05 16:13:20', '2026-03-05 16:13:20');
INSERT INTO "customers" ("id", "customer_number", "notes", "is_deleted", "created_at", "updated_at") VALUES ('0e28cef9-1dcd-41d6-9bc4-6228c2fd25f6', '20201022-C01', '原始報價編號: 20201022-005
報價紀錄: 20201022-005, 20210412-006
歷史成交數: 2', false, '2026-03-05 16:13:20', '2026-03-05 16:13:20');
INSERT INTO "company_names" ("id", "customer_id", "company_name", "is_primary", "sort_order", "created_at", "updated_at") VALUES ('779e77ce-0d4f-42cc-887d-0e0360b74f38', '0e28cef9-1dcd-41d6-9bc4-6228c2fd25f6', '米耶翻譯股份有限公司', true, 1, '2026-03-05 16:13:20', '2026-03-05 16:13:20');
INSERT INTO "locations" ("id", "customer_id", "name", "address", "is_primary", "sort_order", "created_at", "updated_at") VALUES ('8118db26-39ac-43d4-beb5-fa3209fcaa05', '0e28cef9-1dcd-41d6-9bc4-6228c2fd25f6', '主要地址', '台北市光復南路65號2樓', true, 1, '2026-03-05 16:13:20', '2026-03-05 16:13:20');
INSERT INTO "locations" ("id", "customer_id", "name", "address", "is_primary", "sort_order", "created_at", "updated_at") VALUES ('77f8afe0-80ee-40c6-8ce9-cdbcf96a100c', '0e28cef9-1dcd-41d6-9bc4-6228c2fd25f6', '分支地址2', '台北市松山區南京東路三段346號4樓402室', false, 2, '2026-03-05 16:13:20', '2026-03-05 16:13:20');
INSERT INTO "contacts" ("id", "customer_id", "name", "phone", "mobile", "email", "fax", "is_primary", "sort_order", "created_at", "updated_at") VALUES ('0aab7dc8-ee01-49aa-9ea0-70d62f0e165c', '0e28cef9-1dcd-41d6-9bc4-6228c2fd25f6', '郭婷瑜 小姐', '02-2765-0124', NULL, NULL, NULL, true, 1, '2026-03-05 16:13:20', '2026-03-05 16:13:20');
INSERT INTO "contacts" ("id", "customer_id", "name", "phone", "mobile", "email", "fax", "is_primary", "sort_order", "created_at", "updated_at") VALUES ('05f2fcaa-18b4-42ed-8383-5060291519f8', '0e28cef9-1dcd-41d6-9bc4-6228c2fd25f6', '廖小姐', '02-2765-0124#24', NULL, NULL, NULL, false, 2, '2026-03-05 16:13:20', '2026-03-05 16:13:20');
INSERT INTO "customers" ("id", "customer_number", "notes", "is_deleted", "created_at", "updated_at") VALUES ('5a9a3e94-ee8f-45d2-b1d3-2746073c61db', '20201024-C01', '原始報價編號: 20201024-005
報價紀錄: 20201024-005
歷史成交數: 1', false, '2026-03-05 16:13:20', '2026-03-05 16:13:20');
INSERT INTO "company_names" ("id", "customer_id", "company_name", "is_primary", "sort_order", "created_at", "updated_at") VALUES ('82d8b4c6-3736-406b-8f5d-adf28d228e4e', '5a9a3e94-ee8f-45d2-b1d3-2746073c61db', '紅翡', true, 1, '2026-03-05 16:13:20', '2026-03-05 16:13:20');
INSERT INTO "locations" ("id", "customer_id", "name", "address", "is_primary", "sort_order", "created_at", "updated_at") VALUES ('b6524513-0c54-498a-8d41-bff7bdb639a1', '5a9a3e94-ee8f-45d2-b1d3-2746073c61db', '主要地址', '台北市松山區長春路442號7樓之6', true, 1, '2026-03-05 16:13:20', '2026-03-05 16:13:20');
INSERT INTO "contacts" ("id", "customer_id", "name", "phone", "mobile", "email", "fax", "is_primary", "sort_order", "created_at", "updated_at") VALUES ('65636028-3b43-4220-adb6-0f3513836ca2', '5a9a3e94-ee8f-45d2-b1d3-2746073c61db', '黃元宏 先生', NULL, '0980-268-123', NULL, NULL, true, 1, '2026-03-05 16:13:20', '2026-03-05 16:13:20');
INSERT INTO "customers" ("id", "customer_number", "notes", "is_deleted", "created_at", "updated_at") VALUES ('5fbde441-7456-4f40-bd6b-ad513bcc9ad7', '20201026-C01', '原始報價編號: 20201026-005
報價紀錄: 20201026-005
歷史成交數: 1', false, '2026-03-05 16:13:20', '2026-03-05 16:13:20');
INSERT INTO "company_names" ("id", "customer_id", "company_name", "is_primary", "sort_order", "created_at", "updated_at") VALUES ('1e5e8985-f5c5-49b2-b8ad-cfd90586ce22', '5fbde441-7456-4f40-bd6b-ad513bcc9ad7', '財團法人基督教真理文化傳播基金會', true, 1, '2026-03-05 16:13:20', '2026-03-05 16:13:20');
INSERT INTO "locations" ("id", "customer_id", "name", "address", "is_primary", "sort_order", "created_at", "updated_at") VALUES ('51f160e6-44e3-4163-bdb7-174c6fd11bbf', '5fbde441-7456-4f40-bd6b-ad513bcc9ad7', '主要地址', '台北市重慶北路三段199號11樓', true, 1, '2026-03-05 16:13:20', '2026-03-05 16:13:20');
INSERT INTO "contacts" ("id", "customer_id", "name", "phone", "mobile", "email", "fax", "is_primary", "sort_order", "created_at", "updated_at") VALUES ('44a78863-1744-4bf1-9033-d30fec6b19fd', '5fbde441-7456-4f40-bd6b-ad513bcc9ad7', '李佩珊 小姐', '02-2585-5340', '0918-882-286', NULL, NULL, true, 1, '2026-03-05 16:13:20', '2026-03-05 16:13:20');
INSERT INTO "customers" ("id", "customer_number", "notes", "is_deleted", "created_at", "updated_at") VALUES ('524fea20-f9a4-4279-a269-d5cecd2e414e', '20201026-C02', '原始報價編號: 20201026-007
報價紀錄: 20201026-007
歷史成交數: 1', false, '2026-03-05 16:13:20', '2026-03-05 16:13:20');
INSERT INTO "company_names" ("id", "customer_id", "company_name", "is_primary", "sort_order", "created_at", "updated_at") VALUES ('33378c01-ab20-40e9-b736-2d7141a5bc28', '524fea20-f9a4-4279-a269-d5cecd2e414e', '盈樺實業有限公司', true, 1, '2026-03-05 16:13:20', '2026-03-05 16:13:20');
INSERT INTO "locations" ("id", "customer_id", "name", "address", "is_primary", "sort_order", "created_at", "updated_at") VALUES ('9a8c4118-c9ab-4aeb-9a01-d5bab475012f', '524fea20-f9a4-4279-a269-d5cecd2e414e', '主要地址', '台北市大同區長安西路115號5樓', true, 1, '2026-03-05 16:13:20', '2026-03-05 16:13:20');
INSERT INTO "contacts" ("id", "customer_id", "name", "phone", "mobile", "email", "fax", "is_primary", "sort_order", "created_at", "updated_at") VALUES ('fabd5dda-b767-4aef-bfe7-0c8ab3ce3f28', '524fea20-f9a4-4279-a269-d5cecd2e414e', '林小姐', '02-2550-6000', NULL, NULL, NULL, true, 1, '2026-03-05 16:13:20', '2026-03-05 16:13:20');
INSERT INTO "customers" ("id", "customer_number", "notes", "is_deleted", "created_at", "updated_at") VALUES ('28451b04-fb0a-490d-9720-420ef4ad96e6', '20201103-C01', '原始報價編號: 20201103-003
報價紀錄: 20201103-003
歷史成交數: 1', false, '2026-03-05 16:13:20', '2026-03-05 16:13:20');
INSERT INTO "company_names" ("id", "customer_id", "company_name", "is_primary", "sort_order", "created_at", "updated_at") VALUES ('2e8d6580-035a-49ed-9e14-e0217b8c71e6', '28451b04-fb0a-490d-9720-420ef4ad96e6', '旗勝科技貿易股份有限公司', true, 1, '2026-03-05 16:13:20', '2026-03-05 16:13:20');
INSERT INTO "locations" ("id", "customer_id", "name", "address", "is_primary", "sort_order", "created_at", "updated_at") VALUES ('844dc970-c494-473b-8b4c-c6265893ef5f', '28451b04-fb0a-490d-9720-420ef4ad96e6', '主要地址', '台北市大安區敦化南路二段333號2樓A22室', true, 1, '2026-03-05 16:13:20', '2026-03-05 16:13:20');
INSERT INTO "contacts" ("id", "customer_id", "name", "phone", "mobile", "email", "fax", "is_primary", "sort_order", "created_at", "updated_at") VALUES ('580af4a1-cba2-4b20-964e-732c15196d92', '28451b04-fb0a-490d-9720-420ef4ad96e6', '廖小姐', '02-2377-3280 #173', NULL, NULL, NULL, true, 1, '2026-03-05 16:13:20', '2026-03-05 16:13:20');
INSERT INTO "customers" ("id", "customer_number", "notes", "is_deleted", "created_at", "updated_at") VALUES ('9ded8024-224d-482f-8fe5-d4f891ce4fe9', '20201106-C01', '原始報價編號: 20201106-003
報價紀錄: 20201106-003
歷史成交數: 1', false, '2026-03-05 16:13:20', '2026-03-05 16:13:20');
INSERT INTO "locations" ("id", "customer_id", "name", "address", "is_primary", "sort_order", "created_at", "updated_at") VALUES ('d58d1c93-7159-4088-94f4-b55c33f8e1db', '9ded8024-224d-482f-8fe5-d4f891ce4fe9', '主要地址', '台北市仁愛路四段409號8樓', true, 1, '2026-03-05 16:13:20', '2026-03-05 16:13:20');
INSERT INTO "contacts" ("id", "customer_id", "name", "phone", "mobile", "email", "fax", "is_primary", "sort_order", "created_at", "updated_at") VALUES ('78b8612d-75cc-4480-a03f-1c693998814d', '9ded8024-224d-482f-8fe5-d4f891ce4fe9', '呂小姐', NULL, '0936-262-966', NULL, NULL, true, 1, '2026-03-05 16:13:20', '2026-03-05 16:13:20');
INSERT INTO "customers" ("id", "customer_number", "notes", "is_deleted", "created_at", "updated_at") VALUES ('9f16840e-914e-4687-bd63-8ff3fc2b38d1', '20201111-C01', '原始報價編號: 20201111-003
報價紀錄: 20201111-003
歷史成交數: 1', false, '2026-03-05 16:13:20', '2026-03-05 16:13:20');
INSERT INTO "locations" ("id", "customer_id", "name", "address", "is_primary", "sort_order", "created_at", "updated_at") VALUES ('1e21bb42-c4e6-41a2-9ee5-9f55dfd22420', '9f16840e-914e-4687-bd63-8ff3fc2b38d1', '主要地址', '台北市忠孝東路四段162號9樓', true, 1, '2026-03-05 16:13:20', '2026-03-05 16:13:20');
INSERT INTO "contacts" ("id", "customer_id", "name", "phone", "mobile", "email", "fax", "is_primary", "sort_order", "created_at", "updated_at") VALUES ('d2eed25b-2ac3-49dd-bdb2-c3619f90f6e7', '9f16840e-914e-4687-bd63-8ff3fc2b38d1', '曾小姐', NULL, '0955--398-077', NULL, NULL, true, 1, '2026-03-05 16:13:20', '2026-03-05 16:13:20');
INSERT INTO "customers" ("id", "customer_number", "notes", "is_deleted", "created_at", "updated_at") VALUES ('4db54381-ad3b-423a-8b5a-14e75d74e393', '20201113-C01', '原始報價編號: 20201113-003
報價紀錄: 20201113-003, 20210330-009
歷史成交數: 2', false, '2026-03-05 16:13:20', '2026-03-05 16:13:20');
INSERT INTO "company_names" ("id", "customer_id", "company_name", "is_primary", "sort_order", "created_at", "updated_at") VALUES ('4265b5b5-383f-492b-9d82-e1b328ad243c', '4db54381-ad3b-423a-8b5a-14e75d74e393', '玩美集品網路科技股份有限公司', true, 1, '2026-03-05 16:13:20', '2026-03-05 16:13:20');
INSERT INTO "locations" ("id", "customer_id", "name", "address", "is_primary", "sort_order", "created_at", "updated_at") VALUES ('0ef28d7e-dccc-45ce-8355-6bf3c24b4e75', '4db54381-ad3b-423a-8b5a-14e75d74e393', '主要地址', '台北市基隆路一段400號11樓之1', true, 1, '2026-03-05 16:13:20', '2026-03-05 16:13:20');
INSERT INTO "contacts" ("id", "customer_id", "name", "phone", "mobile", "email", "fax", "is_primary", "sort_order", "created_at", "updated_at") VALUES ('a71961e8-5d15-4da1-83df-aaac9db269ab', '4db54381-ad3b-423a-8b5a-14e75d74e393', '徐孟君 小姐', '02-2723-4569 #12', '0932-500-881', NULL, NULL, true, 1, '2026-03-05 16:13:20', '2026-03-05 16:13:20');
INSERT INTO "contacts" ("id", "customer_id", "name", "phone", "mobile", "email", "fax", "is_primary", "sort_order", "created_at", "updated_at") VALUES ('aa9d90f9-2188-4334-8e36-5737faf70931', '4db54381-ad3b-423a-8b5a-14e75d74e393', '鄭宏霖 先生', NULL, NULL, NULL, NULL, false, 2, '2026-03-05 16:13:20', '2026-03-05 16:13:20');
INSERT INTO "customers" ("id", "customer_number", "notes", "is_deleted", "created_at", "updated_at") VALUES ('fb64daa5-f8ad-4145-ba74-7ee4d6e4da67', '20201119-C01', '原始報價編號: 20201119-004
報價紀錄: 20201119-004, 20220614-006, 20220623-003, 20220703-005, 20220930-006, 20221007-005, 20221007-005, 20221017-005, 20221017-006, 20221024-005, 20221024-006, 20221229-007, 20221229-007, 20230202-003, 20240328-006, 20260212-003
歷史成交數: 16', false, '2026-03-05 16:13:20', '2026-03-05 16:13:20');
INSERT INTO "company_names" ("id", "customer_id", "company_name", "is_primary", "sort_order", "created_at", "updated_at") VALUES ('41122350-823d-4cb7-aa25-aaf74daa6e7a', 'fb64daa5-f8ad-4145-ba74-7ee4d6e4da67', '飛騰雲端系統股份有限公司', true, 1, '2026-03-05 16:13:20', '2026-03-05 16:13:20');
INSERT INTO "locations" ("id", "customer_id", "name", "address", "is_primary", "sort_order", "created_at", "updated_at") VALUES ('5a728141-3edc-4673-99b4-6927f5febccb', 'fb64daa5-f8ad-4145-ba74-7ee4d6e4da67', '主要地址', '台北市南京東路三段346號6樓 603室', true, 1, '2026-03-05 16:13:20', '2026-03-05 16:13:20');
INSERT INTO "locations" ("id", "customer_id", "name", "address", "is_primary", "sort_order", "created_at", "updated_at") VALUES ('85d42758-19d6-4de3-b61b-c1c33be8e413', 'fb64daa5-f8ad-4145-ba74-7ee4d6e4da67', '分支地址2', '台北市南京東路三段346號6樓', false, 2, '2026-03-05 16:13:20', '2026-03-05 16:13:20');
INSERT INTO "locations" ("id", "customer_id", "name", "address", "is_primary", "sort_order", "created_at", "updated_at") VALUES ('0b53ccbc-0fbc-4d0f-a0a1-f0ad64aa81df', 'fb64daa5-f8ad-4145-ba74-7ee4d6e4da67', '分支地址3', '台北市南京東路三段346號6樓 603、605室', false, 3, '2026-03-05 16:13:20', '2026-03-05 16:13:20');
INSERT INTO "locations" ("id", "customer_id", "name", "address", "is_primary", "sort_order", "created_at", "updated_at") VALUES ('c56aaf0e-fdc4-41a9-ac68-cdd769794f00', 'fb64daa5-f8ad-4145-ba74-7ee4d6e4da67', '分支地址4', '台北市松山區南京東路三段346號6樓 603室', false, 4, '2026-03-05 16:13:20', '2026-03-05 16:13:20');
INSERT INTO "locations" ("id", "customer_id", "name", "address", "is_primary", "sort_order", "created_at", "updated_at") VALUES ('d21972f3-5b72-40ee-b4d1-47d6897d5ae1', 'fb64daa5-f8ad-4145-ba74-7ee4d6e4da67', '分支地址5', '台北市松山區南京東路三段346號6樓 606室', false, 5, '2026-03-05 16:13:20', '2026-03-05 16:13:20');
INSERT INTO "contacts" ("id", "customer_id", "name", "phone", "mobile", "email", "fax", "is_primary", "sort_order", "created_at", "updated_at") VALUES ('b45e4866-173f-43c6-8aff-c3ec74fd0e55', 'fb64daa5-f8ad-4145-ba74-7ee4d6e4da67', '陳弘笙 小姐', '02-7730-5225', NULL, NULL, NULL, true, 1, '2026-03-05 16:13:20', '2026-03-05 16:13:20');
INSERT INTO "contacts" ("id", "customer_id", "name", "phone", "mobile", "email", "fax", "is_primary", "sort_order", "created_at", "updated_at") VALUES ('e0d63bdf-6cff-4c4a-927a-a76ba83d927b', 'fb64daa5-f8ad-4145-ba74-7ee4d6e4da67', '陳薰琦 小姐', '02-7730-5225 #105', NULL, NULL, NULL, false, 2, '2026-03-05 16:13:20', '2026-03-05 16:13:20');
INSERT INTO "contacts" ("id", "customer_id", "name", "phone", "mobile", "email", "fax", "is_primary", "sort_order", "created_at", "updated_at") VALUES ('65e9f03a-c406-479d-8c19-0ef63cfa37e1', 'fb64daa5-f8ad-4145-ba74-7ee4d6e4da67', '陳薰琪 小姐', NULL, NULL, NULL, NULL, false, 3, '2026-03-05 16:13:20', '2026-03-05 16:13:20');
INSERT INTO "contacts" ("id", "customer_id", "name", "phone", "mobile", "email", "fax", "is_primary", "sort_order", "created_at", "updated_at") VALUES ('7ffb1521-4c29-4b6a-8281-b1f5157004ee', 'fb64daa5-f8ad-4145-ba74-7ee4d6e4da67', 'Kitty', NULL, NULL, NULL, NULL, false, 4, '2026-03-05 16:13:20', '2026-03-05 16:13:20');
INSERT INTO "contacts" ("id", "customer_id", "name", "phone", "mobile", "email", "fax", "is_primary", "sort_order", "created_at", "updated_at") VALUES ('fb720b95-e547-4219-8a1f-47758804f1b3', 'fb64daa5-f8ad-4145-ba74-7ee4d6e4da67', '陳冠伃 小姐', NULL, NULL, NULL, NULL, false, 5, '2026-03-05 16:13:20', '2026-03-05 16:13:20');
INSERT INTO "customers" ("id", "customer_number", "notes", "is_deleted", "created_at", "updated_at") VALUES ('9079f4a7-1649-4756-9bd4-e0b42069576a', '20201123-C01', '原始報價編號: 20201123-005
報價紀錄: 20201123-005, 20210209-006, 20220530-008, 20220804-009, 20220808-009
歷史成交數: 5', false, '2026-03-05 16:13:20', '2026-03-05 16:13:20');
INSERT INTO "company_names" ("id", "customer_id", "company_name", "is_primary", "sort_order", "created_at", "updated_at") VALUES ('a259b5b4-8d8c-4fc2-ab54-3cb8bf40e23d', '9079f4a7-1649-4756-9bd4-e0b42069576a', '廿一世紀數位科技股份有限公司', true, 1, '2026-03-05 16:13:20', '2026-03-05 16:13:20');
INSERT INTO "company_names" ("id", "customer_id", "company_name", "is_primary", "sort_order", "created_at", "updated_at") VALUES ('106132f1-2590-44d9-b333-ddc62a84f224', '9079f4a7-1649-4756-9bd4-e0b42069576a', '台鼎實業股份有限公司', false, 2, '2026-03-05 16:13:20', '2026-03-05 16:13:20');
INSERT INTO "company_names" ("id", "customer_id", "company_name", "is_primary", "sort_order", "created_at", "updated_at") VALUES ('e520928f-beed-4d76-9218-6aa8f0f2ff00', '9079f4a7-1649-4756-9bd4-e0b42069576a', '廿一世紀資融股份有限公司', false, 3, '2026-03-05 16:13:20', '2026-03-05 16:13:20');
INSERT INTO "locations" ("id", "customer_id", "name", "address", "is_primary", "sort_order", "created_at", "updated_at") VALUES ('933b04b9-bc93-446c-89ee-19171c65ba5d', '9079f4a7-1649-4756-9bd4-e0b42069576a', '主要地址', '台北市信義區基隆路一段143號2樓之2', true, 1, '2026-03-05 16:13:20', '2026-03-05 16:13:20');
INSERT INTO "locations" ("id", "customer_id", "name", "address", "is_primary", "sort_order", "created_at", "updated_at") VALUES ('66230587-a814-4f91-b1b2-8978c6ec7aad', '9079f4a7-1649-4756-9bd4-e0b42069576a', '分支地址2', '台北市信義區基隆路一段163號2樓之2', false, 2, '2026-03-05 16:13:20', '2026-03-05 16:13:20');
INSERT INTO "locations" ("id", "customer_id", "name", "address", "is_primary", "sort_order", "created_at", "updated_at") VALUES ('72447e61-3b86-43d6-8260-074d3e8c0dd7', '9079f4a7-1649-4756-9bd4-e0b42069576a', '分支地址3', '台北市信義區基隆路一段163號10樓', false, 3, '2026-03-05 16:13:20', '2026-03-05 16:13:20');
INSERT INTO "contacts" ("id", "customer_id", "name", "phone", "mobile", "email", "fax", "is_primary", "sort_order", "created_at", "updated_at") VALUES ('afb70099-42bb-490e-97e0-590aa36d95e2', '9079f4a7-1649-4756-9bd4-e0b42069576a', '王俊閔 先生', '02-7747-1703', '0956-709-830', NULL, NULL, true, 1, '2026-03-05 16:13:20', '2026-03-05 16:13:20');
INSERT INTO "contacts" ("id", "customer_id", "name", "phone", "mobile", "email", "fax", "is_primary", "sort_order", "created_at", "updated_at") VALUES ('c7fb163c-4285-41d5-8738-a186ed6601d8', '9079f4a7-1649-4756-9bd4-e0b42069576a', '郭原彰 先生', '02-5557-1717 #2239', NULL, NULL, NULL, false, 2, '2026-03-05 16:13:20', '2026-03-05 16:13:20');
INSERT INTO "customers" ("id", "customer_number", "notes", "is_deleted", "created_at", "updated_at") VALUES ('0463636a-9605-4533-82aa-cd53569fa369', '20201124-C01', '原始報價編號: 20201124-003
報價紀錄: 20201124-003, 20210423-003
歷史成交數: 2', false, '2026-03-05 16:13:20', '2026-03-05 16:13:20');
INSERT INTO "company_names" ("id", "customer_id", "company_name", "is_primary", "sort_order", "created_at", "updated_at") VALUES ('7df6928c-68c8-4c36-8b95-10b78aca869a', '0463636a-9605-4533-82aa-cd53569fa369', '國立臺灣師範大學( 民族音樂研究所 )', true, 1, '2026-03-05 16:13:20', '2026-03-05 16:13:20');
INSERT INTO "locations" ("id", "customer_id", "name", "address", "is_primary", "sort_order", "created_at", "updated_at") VALUES ('a587001f-238a-4eaf-9e40-1182e2d4469f', '0463636a-9605-4533-82aa-cd53569fa369', '主要地址', '台北市大安區師大路31號2樓', true, 1, '2026-03-05 16:13:20', '2026-03-05 16:13:20');
INSERT INTO "contacts" ("id", "customer_id", "name", "phone", "mobile", "email", "fax", "is_primary", "sort_order", "created_at", "updated_at") VALUES ('e5ee1ec3-ea62-4d7f-a426-814c05772a8b', '0463636a-9605-4533-82aa-cd53569fa369', '馮苾瑩 小姐', '02-7734-5446', '0929-383-895', NULL, NULL, true, 1, '2026-03-05 16:13:20', '2026-03-05 16:13:20');
INSERT INTO "customers" ("id", "customer_number", "notes", "is_deleted", "created_at", "updated_at") VALUES ('51eb0d19-4f74-48af-8404-9f5581957c52', '20201124-C02', '原始報價編號: 20201124-007
報價紀錄: 20201124-007
歷史成交數: 1', false, '2026-03-05 16:13:20', '2026-03-05 16:13:20');
INSERT INTO "company_names" ("id", "customer_id", "company_name", "is_primary", "sort_order", "created_at", "updated_at") VALUES ('db14d6c6-1c8d-48d9-ae94-a1ce2678c051', '51eb0d19-4f74-48af-8404-9f5581957c52', '有貿電工股份有限公司', true, 1, '2026-03-05 16:13:20', '2026-03-05 16:13:20');
INSERT INTO "locations" ("id", "customer_id", "name", "address", "is_primary", "sort_order", "created_at", "updated_at") VALUES ('e58e7771-85b1-4604-b0d3-173bf0948dc5', '51eb0d19-4f74-48af-8404-9f5581957c52', '主要地址', '台北市南港區南港路3段50巷15號4樓', true, 1, '2026-03-05 16:13:20', '2026-03-05 16:13:20');
INSERT INTO "contacts" ("id", "customer_id", "name", "phone", "mobile", "email", "fax", "is_primary", "sort_order", "created_at", "updated_at") VALUES ('55578b39-910b-48c5-8c51-4f89ec1e66f3', '51eb0d19-4f74-48af-8404-9f5581957c52', '蔡小姐', '02-2788-1688 #205', NULL, NULL, NULL, true, 1, '2026-03-05 16:13:20', '2026-03-05 16:13:20');
INSERT INTO "customers" ("id", "customer_number", "notes", "is_deleted", "created_at", "updated_at") VALUES ('b8c0efcb-fb35-4161-a355-a9a0a729adbc', '20201125-C01', '原始報價編號: 20201125-008
報價紀錄: 20201125-008
歷史成交數: 1', false, '2026-03-05 16:13:20', '2026-03-05 16:13:20');
INSERT INTO "company_names" ("id", "customer_id", "company_name", "is_primary", "sort_order", "created_at", "updated_at") VALUES ('d355cdc2-4e51-44cf-98e0-2c2947577e8d', 'b8c0efcb-fb35-4161-a355-a9a0a729adbc', '新北市私立大同老人長期照顧中心', true, 1, '2026-03-05 16:13:20', '2026-03-05 16:13:20');
INSERT INTO "locations" ("id", "customer_id", "name", "address", "is_primary", "sort_order", "created_at", "updated_at") VALUES ('de93e868-b646-4eec-8e6f-aec73e726f0a', 'b8c0efcb-fb35-4161-a355-a9a0a729adbc', '主要地址', '新北市汐止區大同路三段425號1樓', true, 1, '2026-03-05 16:13:20', '2026-03-05 16:13:20');
INSERT INTO "contacts" ("id", "customer_id", "name", "phone", "mobile", "email", "fax", "is_primary", "sort_order", "created_at", "updated_at") VALUES ('54f27fab-11cb-46b3-9942-b6d6238c21dc', 'b8c0efcb-fb35-4161-a355-a9a0a729adbc', '楊美霞 小姐', '02-8648-9888', '0956-805-459', NULL, NULL, true, 1, '2026-03-05 16:13:20', '2026-03-05 16:13:20');
INSERT INTO "customers" ("id", "customer_number", "notes", "is_deleted", "created_at", "updated_at") VALUES ('ec6ac85f-7949-4625-b5d3-608a9a119ba8', '20201125-C02', '原始報價編號: 20201125-010
報價紀錄: 20201125-010
歷史成交數: 1', false, '2026-03-05 16:13:20', '2026-03-05 16:13:20');
INSERT INTO "locations" ("id", "customer_id", "name", "address", "is_primary", "sort_order", "created_at", "updated_at") VALUES ('add995a4-5a8b-4bc0-9645-c82daf53b49e', 'ec6ac85f-7949-4625-b5d3-608a9a119ba8', '主要地址', '台北市大安區和平東路三段1巷10弄3號1樓', true, 1, '2026-03-05 16:13:20', '2026-03-05 16:13:20');
INSERT INTO "contacts" ("id", "customer_id", "name", "phone", "mobile", "email", "fax", "is_primary", "sort_order", "created_at", "updated_at") VALUES ('c67638e7-c562-43ad-9494-9801130a6971', 'ec6ac85f-7949-4625-b5d3-608a9a119ba8', '陳先生', NULL, '0932-205-891', NULL, NULL, true, 1, '2026-03-05 16:13:20', '2026-03-05 16:13:20');
INSERT INTO "customers" ("id", "customer_number", "notes", "is_deleted", "created_at", "updated_at") VALUES ('39439ef2-0edb-4b9e-a245-6e0938f528a9', '20201201-C01', '原始報價編號: 20201201-003
報價紀錄: 20201201-003, 20240618-008
歷史成交數: 2', false, '2026-03-05 16:13:20', '2026-03-05 16:13:20');
INSERT INTO "company_names" ("id", "customer_id", "company_name", "is_primary", "sort_order", "created_at", "updated_at") VALUES ('26ceffb2-91a7-469d-9f3c-56703b9f03a8', '39439ef2-0edb-4b9e-a245-6e0938f528a9', '威旭資訊有限公司', true, 1, '2026-03-05 16:13:20', '2026-03-05 16:13:20');
INSERT INTO "locations" ("id", "customer_id", "name", "address", "is_primary", "sort_order", "created_at", "updated_at") VALUES ('09d4230e-2475-49ae-833c-dd50b8a8750f', '39439ef2-0edb-4b9e-a245-6e0938f528a9', '主要地址', '台北市中正區杭州南路一段15之1號10樓之1', true, 1, '2026-03-05 16:13:20', '2026-03-05 16:13:20');
INSERT INTO "contacts" ("id", "customer_id", "name", "phone", "mobile", "email", "fax", "is_primary", "sort_order", "created_at", "updated_at") VALUES ('bd5aa20d-623d-4e82-a6d5-c3a23fc2f1c5', '39439ef2-0edb-4b9e-a245-6e0938f528a9', 'Cindy', '02-2396-5088 #108', NULL, NULL, NULL, true, 1, '2026-03-05 16:13:20', '2026-03-05 16:13:20');
INSERT INTO "contacts" ("id", "customer_id", "name", "phone", "mobile", "email", "fax", "is_primary", "sort_order", "created_at", "updated_at") VALUES ('d56d99b8-3c9f-4d71-975d-8b8344f443d9', '39439ef2-0edb-4b9e-a245-6e0938f528a9', '顏曲婉 小姐', '02-2391-3678 #234', NULL, NULL, NULL, false, 2, '2026-03-05 16:13:20', '2026-03-05 16:13:20');
INSERT INTO "customers" ("id", "customer_number", "notes", "is_deleted", "created_at", "updated_at") VALUES ('ff537fd9-2c55-43a8-987c-6a2f6c4da529', '20201202-C01', '原始報價編號: 20201202-008
報價紀錄: 20201202-008
歷史成交數: 1', false, '2026-03-05 16:13:20', '2026-03-05 16:13:20');
INSERT INTO "locations" ("id", "customer_id", "name", "address", "is_primary", "sort_order", "created_at", "updated_at") VALUES ('0575151e-08c1-495a-a962-17f5e1994431', 'ff537fd9-2c55-43a8-987c-6a2f6c4da529', '主要地址', '台北市中正區南海路46號', true, 1, '2026-03-05 16:13:20', '2026-03-05 16:13:20');
INSERT INTO "contacts" ("id", "customer_id", "name", "phone", "mobile", "email", "fax", "is_primary", "sort_order", "created_at", "updated_at") VALUES ('c8159685-977f-4444-b88b-cb334c815be6', 'ff537fd9-2c55-43a8-987c-6a2f6c4da529', '朱浩雯 小姐', NULL, '0933-999-780', NULL, NULL, true, 1, '2026-03-05 16:13:20', '2026-03-05 16:13:20');
INSERT INTO "customers" ("id", "customer_number", "notes", "is_deleted", "created_at", "updated_at") VALUES ('3eaacb97-95a5-43eb-b8f2-4934c0a8e2d4', '20201207-C01', '原始報價編號: 20201207-003
報價紀錄: 20201207-003, 20211202-007, 20231211-005, 20250407-003
歷史成交數: 4', false, '2026-03-05 16:13:20', '2026-03-05 16:13:20');
INSERT INTO "company_names" ("id", "customer_id", "company_name", "is_primary", "sort_order", "created_at", "updated_at") VALUES ('8de922cc-f093-41de-92ff-6ea784f1f9a4', '3eaacb97-95a5-43eb-b8f2-4934c0a8e2d4', '晉加股份有限公司', true, 1, '2026-03-05 16:13:20', '2026-03-05 16:13:20');
INSERT INTO "locations" ("id", "customer_id", "name", "address", "is_primary", "sort_order", "created_at", "updated_at") VALUES ('56409302-7e91-437e-b678-98e30207ba8a', '3eaacb97-95a5-43eb-b8f2-4934c0a8e2d4', '主要地址', '台北市信義區信義路四段415號3樓之3', true, 1, '2026-03-05 16:13:20', '2026-03-05 16:13:20');
INSERT INTO "contacts" ("id", "customer_id", "name", "phone", "mobile", "email", "fax", "is_primary", "sort_order", "created_at", "updated_at") VALUES ('cb1d4ab5-e9bc-45b7-86a3-547922b64c0c', '3eaacb97-95a5-43eb-b8f2-4934c0a8e2d4', '王惠珊 小姐', '02-8788-3182 #158', NULL, NULL, NULL, true, 1, '2026-03-05 16:13:20', '2026-03-05 16:13:20');
INSERT INTO "contacts" ("id", "customer_id", "name", "phone", "mobile", "email", "fax", "is_primary", "sort_order", "created_at", "updated_at") VALUES ('865ad2e2-ae43-4005-9a8b-9edbf36c6e5c', '3eaacb97-95a5-43eb-b8f2-4934c0a8e2d4', '張先生', '02-8788-3182 #166', NULL, NULL, NULL, false, 2, '2026-03-05 16:13:20', '2026-03-05 16:13:20');
INSERT INTO "customers" ("id", "customer_number", "notes", "is_deleted", "created_at", "updated_at") VALUES ('cdd88322-b583-4b42-bdc7-ce7ebc7ade64', '20201207-C02', '原始報價編號: 20201207-007
報價紀錄: 20201207-007
歷史成交數: 1', false, '2026-03-05 16:13:20', '2026-03-05 16:13:20');
INSERT INTO "locations" ("id", "customer_id", "name", "address", "is_primary", "sort_order", "created_at", "updated_at") VALUES ('d95727ab-df33-4a76-b4b8-e64cd5a2770b', 'cdd88322-b583-4b42-bdc7-ce7ebc7ade64', '主要地址', '新北市汐止區祥雲街39-43號', true, 1, '2026-03-05 16:13:20', '2026-03-05 16:13:20');
INSERT INTO "contacts" ("id", "customer_id", "name", "phone", "mobile", "email", "fax", "is_primary", "sort_order", "created_at", "updated_at") VALUES ('c29a8e88-fd40-4d1d-8558-6937d1671661', 'cdd88322-b583-4b42-bdc7-ce7ebc7ade64', '趙書雨 先生', NULL, '0928-903-415', NULL, NULL, true, 1, '2026-03-05 16:13:20', '2026-03-05 16:13:20');
INSERT INTO "customers" ("id", "customer_number", "notes", "is_deleted", "created_at", "updated_at") VALUES ('0e3c7d84-27ea-4826-b0f8-be2fd4ad7908', '20201210-C01', '原始報價編號: 20201210-003
報價紀錄: 20201210-003
歷史成交數: 1', false, '2026-03-05 16:13:20', '2026-03-05 16:13:20');
INSERT INTO "locations" ("id", "customer_id", "name", "address", "is_primary", "sort_order", "created_at", "updated_at") VALUES ('b42e7e23-adfe-44b5-ba9f-f2318807bb87', '0e3c7d84-27ea-4826-b0f8-be2fd4ad7908', '主要地址', '台北市中山區中山北路二段93巷9之5號1樓', true, 1, '2026-03-05 16:13:20', '2026-03-05 16:13:20');
INSERT INTO "contacts" ("id", "customer_id", "name", "phone", "mobile", "email", "fax", "is_primary", "sort_order", "created_at", "updated_at") VALUES ('4531f817-70f2-4cbd-bbd7-f45b751e4409', '0e3c7d84-27ea-4826-b0f8-be2fd4ad7908', '陳先生', NULL, '0933-123-178', NULL, NULL, true, 1, '2026-03-05 16:13:20', '2026-03-05 16:13:20');
INSERT INTO "customers" ("id", "customer_number", "notes", "is_deleted", "created_at", "updated_at") VALUES ('c3f3c8a2-d9a4-420f-87e3-e070e8bd8e7e', '20201211-C01', '原始報價編號: 20201211-008
報價紀錄: 20201211-008, 20201217-005, 20201222-007
歷史成交數: 3', false, '2026-03-05 16:13:20', '2026-03-05 16:13:20');
INSERT INTO "company_names" ("id", "customer_id", "company_name", "is_primary", "sort_order", "created_at", "updated_at") VALUES ('61b2cd0a-f8b4-49e7-9c71-4defda87396e', 'c3f3c8a2-d9a4-420f-87e3-e070e8bd8e7e', '瑄品股份有限公司', true, 1, '2026-03-05 16:13:20', '2026-03-05 16:13:20');
INSERT INTO "locations" ("id", "customer_id", "name", "address", "is_primary", "sort_order", "created_at", "updated_at") VALUES ('16ab58cc-2b64-45ba-9feb-085bea25d09f', 'c3f3c8a2-d9a4-420f-87e3-e070e8bd8e7e', '主要地址', '台北市文山區新光路二段30號(木柵動物園)', true, 1, '2026-03-05 16:13:20', '2026-03-05 16:13:20');
INSERT INTO "contacts" ("id", "customer_id", "name", "phone", "mobile", "email", "fax", "is_primary", "sort_order", "created_at", "updated_at") VALUES ('7b42caee-f4fd-4f86-9f3e-7ce2e5fc6e3a', 'c3f3c8a2-d9a4-420f-87e3-e070e8bd8e7e', '林小姐', '02- 2758-8518 #389', '0919-901-777', NULL, NULL, true, 1, '2026-03-05 16:13:20', '2026-03-05 16:13:20');
INSERT INTO "contacts" ("id", "customer_id", "name", "phone", "mobile", "email", "fax", "is_primary", "sort_order", "created_at", "updated_at") VALUES ('c7324e7f-e8bc-41bb-a071-979b92c1f9aa', 'c3f3c8a2-d9a4-420f-87e3-e070e8bd8e7e', '張新源 先生', '02- 2758-8518 #558', NULL, NULL, NULL, false, 2, '2026-03-05 16:13:20', '2026-03-05 16:13:20');
INSERT INTO "customers" ("id", "customer_number", "notes", "is_deleted", "created_at", "updated_at") VALUES ('4bce5214-460d-4922-89f6-861ae2b9a0cb', '20201214-C01', '原始報價編號: 20201214-013
報價紀錄: 20201214-013, 20230609-006
歷史成交數: 2', false, '2026-03-05 16:13:20', '2026-03-05 16:13:20');
INSERT INTO "company_names" ("id", "customer_id", "company_name", "is_primary", "sort_order", "created_at", "updated_at") VALUES ('5143a547-f63b-4885-9317-0589ea5e7321', '4bce5214-460d-4922-89f6-861ae2b9a0cb', '敦南第一景B區社區管委會', true, 1, '2026-03-05 16:13:20', '2026-03-05 16:13:20');
INSERT INTO "locations" ("id", "customer_id", "name", "address", "is_primary", "sort_order", "created_at", "updated_at") VALUES ('a4f7e20d-5b1a-48e4-a979-24c8c5c3d02f', '4bce5214-460d-4922-89f6-861ae2b9a0cb', '主要地址', '台北市文山區辛亥路四段77巷76號', true, 1, '2026-03-05 16:13:20', '2026-03-05 16:13:20');
INSERT INTO "contacts" ("id", "customer_id", "name", "phone", "mobile", "email", "fax", "is_primary", "sort_order", "created_at", "updated_at") VALUES ('e306902b-74ae-4a9a-bdb0-b02727751e3b', '4bce5214-460d-4922-89f6-861ae2b9a0cb', '周先生', NULL, '0910-195-927', NULL, NULL, true, 1, '2026-03-05 16:13:20', '2026-03-05 16:13:20');
INSERT INTO "contacts" ("id", "customer_id", "name", "phone", "mobile", "email", "fax", "is_primary", "sort_order", "created_at", "updated_at") VALUES ('9095f435-1bf3-4d30-8706-b7dd3a0dd9af', '4bce5214-460d-4922-89f6-861ae2b9a0cb', '周先生', NULL, NULL, NULL, NULL, false, 2, '2026-03-05 16:13:20', '2026-03-05 16:13:20');
INSERT INTO "customers" ("id", "customer_number", "notes", "is_deleted", "created_at", "updated_at") VALUES ('b6e9abd5-4e58-46aa-9e8e-ea794a34c2dd', '20201221-C01', '原始報價編號: 20201221-003
報價紀錄: 20201221-003
歷史成交數: 1', false, '2026-03-05 16:13:20', '2026-03-05 16:13:20');
INSERT INTO "company_names" ("id", "customer_id", "company_name", "is_primary", "sort_order", "created_at", "updated_at") VALUES ('e12c0409-ac7b-4b1c-8458-ae81854dc52a', 'b6e9abd5-4e58-46aa-9e8e-ea794a34c2dd', '越世實業股份有限公司', true, 1, '2026-03-05 16:13:20', '2026-03-05 16:13:20');
INSERT INTO "locations" ("id", "customer_id", "name", "address", "is_primary", "sort_order", "created_at", "updated_at") VALUES ('7ec230ca-cb51-40d5-8365-bdc762e5b4d6', 'b6e9abd5-4e58-46aa-9e8e-ea794a34c2dd', '主要地址', '台北市內湖區陽光街246號7樓', true, 1, '2026-03-05 16:13:20', '2026-03-05 16:13:20');
INSERT INTO "contacts" ("id", "customer_id", "name", "phone", "mobile", "email", "fax", "is_primary", "sort_order", "created_at", "updated_at") VALUES ('1b3d4446-f812-4a47-b403-62859bff5441', 'b6e9abd5-4e58-46aa-9e8e-ea794a34c2dd', '楊庭瑋 先生', '02-8988-2411', '0955-258-149', NULL, NULL, true, 1, '2026-03-05 16:13:20', '2026-03-05 16:13:20');
INSERT INTO "customers" ("id", "customer_number", "notes", "is_deleted", "created_at", "updated_at") VALUES ('9fe09e7b-1a96-4700-9dab-d1834e53f0d7', '20201221-C02', '原始報價編號: 20201221-005
報價紀錄: 20201221-005, 20230810-007
歷史成交數: 2', false, '2026-03-05 16:13:20', '2026-03-05 16:13:20');
INSERT INTO "company_names" ("id", "customer_id", "company_name", "is_primary", "sort_order", "created_at", "updated_at") VALUES ('60cbabfd-1524-40ab-9cbd-65f5dcff31f5', '9fe09e7b-1a96-4700-9dab-d1834e53f0d7', '謙太科技有限公司', true, 1, '2026-03-05 16:13:20', '2026-03-05 16:13:20');
INSERT INTO "company_names" ("id", "customer_id", "company_name", "is_primary", "sort_order", "created_at", "updated_at") VALUES ('a4b76276-1399-4e2d-b98d-eb1f80d21c29', '9fe09e7b-1a96-4700-9dab-d1834e53f0d7', '霆揚國際有限公司', false, 2, '2026-03-05 16:13:20', '2026-03-05 16:13:20');
INSERT INTO "locations" ("id", "customer_id", "name", "address", "is_primary", "sort_order", "created_at", "updated_at") VALUES ('144257a5-0fd3-4842-972c-391ff75c1294', '9fe09e7b-1a96-4700-9dab-d1834e53f0d7', '主要地址', '新竹縣竹北市光明六路東一段247號12樓', true, 1, '2026-03-05 16:13:20', '2026-03-05 16:13:20');
INSERT INTO "locations" ("id", "customer_id", "name", "address", "is_primary", "sort_order", "created_at", "updated_at") VALUES ('6b47d023-a34e-4125-85d6-a3208756fbfc', '9fe09e7b-1a96-4700-9dab-d1834e53f0d7', '分支地址2', '新北市林口區中山路71號7樓', false, 2, '2026-03-05 16:13:20', '2026-03-05 16:13:20');
INSERT INTO "contacts" ("id", "customer_id", "name", "phone", "mobile", "email", "fax", "is_primary", "sort_order", "created_at", "updated_at") VALUES ('d8c13e4a-9bb9-4704-ac63-43f99d32e838', '9fe09e7b-1a96-4700-9dab-d1834e53f0d7', '呂先生', NULL, '0982-735-589', NULL, NULL, true, 1, '2026-03-05 16:13:20', '2026-03-05 16:13:20');
INSERT INTO "contacts" ("id", "customer_id", "name", "phone", "mobile", "email", "fax", "is_primary", "sort_order", "created_at", "updated_at") VALUES ('1e62c0f5-a05f-4a71-b4ba-7db6f0455ad0', '9fe09e7b-1a96-4700-9dab-d1834e53f0d7', '呂棕維 先生', NULL, NULL, NULL, NULL, false, 2, '2026-03-05 16:13:20', '2026-03-05 16:13:20');
INSERT INTO "customers" ("id", "customer_number", "notes", "is_deleted", "created_at", "updated_at") VALUES ('3ce749a5-0dcf-4baf-a4ce-0668b9866db8', '20201221-C03', '原始報價編號: 20201221-006
報價紀錄: 20201221-006, 20211228-003
歷史成交數: 2', false, '2026-03-05 16:13:20', '2026-03-05 16:13:20');
INSERT INTO "company_names" ("id", "customer_id", "company_name", "is_primary", "sort_order", "created_at", "updated_at") VALUES ('dd2e6a19-908e-4c30-ae04-240d2c4faefb', '3ce749a5-0dcf-4baf-a4ce-0668b9866db8', '泉都企業股份有限公司', true, 1, '2026-03-05 16:13:20', '2026-03-05 16:13:20');
INSERT INTO "locations" ("id", "customer_id", "name", "address", "is_primary", "sort_order", "created_at", "updated_at") VALUES ('5302b4f0-9e06-4741-8123-0b236afc1f52', '3ce749a5-0dcf-4baf-a4ce-0668b9866db8', '主要地址', '新竹縣湖口鄉仁和路43號', true, 1, '2026-03-05 16:13:20', '2026-03-05 16:13:20');
INSERT INTO "contacts" ("id", "customer_id", "name", "phone", "mobile", "email", "fax", "is_primary", "sort_order", "created_at", "updated_at") VALUES ('a7e9d953-18b7-43da-b67b-3457d78af071', '3ce749a5-0dcf-4baf-a4ce-0668b9866db8', '田威昌 先生', '03-598-4081', '0930-794-240', NULL, NULL, true, 1, '2026-03-05 16:13:20', '2026-03-05 16:13:20');
INSERT INTO "customers" ("id", "customer_number", "notes", "is_deleted", "created_at", "updated_at") VALUES ('885d24b5-7944-47dd-911c-3c1f793ff284', '20201223-C01', '原始報價編號: 20201223-003
報價紀錄: 20201223-003
歷史成交數: 1', false, '2026-03-05 16:13:20', '2026-03-05 16:13:20');
INSERT INTO "company_names" ("id", "customer_id", "company_name", "is_primary", "sort_order", "created_at", "updated_at") VALUES ('02663200-4de6-4dbe-84d5-92a8ab9fe4d0', '885d24b5-7944-47dd-911c-3c1f793ff284', '百拓資訊管理顧問有限公司', true, 1, '2026-03-05 16:13:20', '2026-03-05 16:13:20');
INSERT INTO "locations" ("id", "customer_id", "name", "address", "is_primary", "sort_order", "created_at", "updated_at") VALUES ('5d6ab7ef-3b62-462d-b716-578258db395b', '885d24b5-7944-47dd-911c-3c1f793ff284', '主要地址', '台北市忠孝東路四段270號7樓之1', true, 1, '2026-03-05 16:13:20', '2026-03-05 16:13:20');
INSERT INTO "contacts" ("id", "customer_id", "name", "phone", "mobile", "email", "fax", "is_primary", "sort_order", "created_at", "updated_at") VALUES ('91a0ac63-0d4c-4949-b878-0970f0c3fbb8', '885d24b5-7944-47dd-911c-3c1f793ff284', '田佳欣 小姐', NULL, '0980-873-713', NULL, NULL, true, 1, '2026-03-05 16:13:20', '2026-03-05 16:13:20');
INSERT INTO "customers" ("id", "customer_number", "notes", "is_deleted", "created_at", "updated_at") VALUES ('a3489bc7-3e4c-4e2b-b8ee-f38ce524ee26', '20201228-C01', '原始報價編號: 20201228-009
報價紀錄: 20201228-009
歷史成交數: 1', false, '2026-03-05 16:13:20', '2026-03-05 16:13:20');
INSERT INTO "company_names" ("id", "customer_id", "company_name", "is_primary", "sort_order", "created_at", "updated_at") VALUES ('fb6696f0-6c8d-436d-9c41-42d1bfcb255f', 'a3489bc7-3e4c-4e2b-b8ee-f38ce524ee26', '盛亞顧問股份有限公司', true, 1, '2026-03-05 16:13:20', '2026-03-05 16:13:20');
INSERT INTO "locations" ("id", "customer_id", "name", "address", "is_primary", "sort_order", "created_at", "updated_at") VALUES ('b77eb293-1e53-4a05-b7d6-8f8e1e7e3409', 'a3489bc7-3e4c-4e2b-b8ee-f38ce524ee26', '主要地址', '台北市內湖區洲子街79之1號6樓之1', true, 1, '2026-03-05 16:13:20', '2026-03-05 16:13:20');
INSERT INTO "contacts" ("id", "customer_id", "name", "phone", "mobile", "email", "fax", "is_primary", "sort_order", "created_at", "updated_at") VALUES ('8dbe09ce-1872-4ae9-9ad7-bf2aaa3e8328', 'a3489bc7-3e4c-4e2b-b8ee-f38ce524ee26', '李小姐', '02-7730-2286 #20', NULL, NULL, NULL, true, 1, '2026-03-05 16:13:20', '2026-03-05 16:13:20');
INSERT INTO "customers" ("id", "customer_number", "notes", "is_deleted", "created_at", "updated_at") VALUES ('9e220398-65cb-4840-a335-7c4e1e6e5136', '20201228-C02', '原始報價編號: 20201228-011
報價紀錄: 20201228-011
歷史成交數: 1', false, '2026-03-05 16:13:20', '2026-03-05 16:13:20');
INSERT INTO "company_names" ("id", "customer_id", "company_name", "is_primary", "sort_order", "created_at", "updated_at") VALUES ('2fec905b-d12b-479d-bbb5-0c894d7b105b', '9e220398-65cb-4840-a335-7c4e1e6e5136', '信果科技股份有限公司', true, 1, '2026-03-05 16:13:20', '2026-03-05 16:13:20');
INSERT INTO "locations" ("id", "customer_id", "name", "address", "is_primary", "sort_order", "created_at", "updated_at") VALUES ('2e044396-39f4-4693-b130-2cd519c070db', '9e220398-65cb-4840-a335-7c4e1e6e5136', '主要地址', '新北市永和區民權路53號8樓823室', true, 1, '2026-03-05 16:13:20', '2026-03-05 16:13:20');
INSERT INTO "contacts" ("id", "customer_id", "name", "phone", "mobile", "email", "fax", "is_primary", "sort_order", "created_at", "updated_at") VALUES ('2a771ef2-8130-480b-b0fb-65e64bd08ab0', '9e220398-65cb-4840-a335-7c4e1e6e5136', '簡廷芸 小姐', '02-2949-5885', NULL, NULL, NULL, true, 1, '2026-03-05 16:13:20', '2026-03-05 16:13:20');
INSERT INTO "customers" ("id", "customer_number", "notes", "is_deleted", "created_at", "updated_at") VALUES ('5d5c07de-d324-446f-9742-230df5185fac', '20201229-C01', '原始報價編號: 20201229-003
報價紀錄: 20201229-003
歷史成交數: 1', false, '2026-03-05 16:13:20', '2026-03-05 16:13:20');
INSERT INTO "company_names" ("id", "customer_id", "company_name", "is_primary", "sort_order", "created_at", "updated_at") VALUES ('c959302f-a938-4afe-b9d9-d10c27d70e89', '5d5c07de-d324-446f-9742-230df5185fac', '白金花園管理顧問股份有限公司', true, 1, '2026-03-05 16:13:20', '2026-03-05 16:13:20');
INSERT INTO "locations" ("id", "customer_id", "name", "address", "is_primary", "sort_order", "created_at", "updated_at") VALUES ('b3ad230d-2b1b-41e7-b727-f2cc3f4bd98a', '5d5c07de-d324-446f-9742-230df5185fac', '主要地址', '新北市新店區安興路77號', true, 1, '2026-03-05 16:13:20', '2026-03-05 16:13:20');
INSERT INTO "contacts" ("id", "customer_id", "name", "phone", "mobile", "email", "fax", "is_primary", "sort_order", "created_at", "updated_at") VALUES ('585b7f02-b06b-40d0-8491-717c55ebfc2d', '5d5c07de-d324-446f-9742-230df5185fac', '游先生', '02-8666-9911 #8202', NULL, NULL, NULL, true, 1, '2026-03-05 16:13:20', '2026-03-05 16:13:20');
INSERT INTO "customers" ("id", "customer_number", "notes", "is_deleted", "created_at", "updated_at") VALUES ('6bbf1112-4903-402b-bbdd-22febba05af2', '20201230-C01', '原始報價編號: 20201230-007
報價紀錄: 20201230-007
歷史成交數: 1', false, '2026-03-05 16:13:20', '2026-03-05 16:13:20');
INSERT INTO "company_names" ("id", "customer_id", "company_name", "is_primary", "sort_order", "created_at", "updated_at") VALUES ('df0ee587-8fdc-4963-a1f2-691da69f02f4', '6bbf1112-4903-402b-bbdd-22febba05af2', '訊真科技股份有限公司', true, 1, '2026-03-05 16:13:20', '2026-03-05 16:13:20');
INSERT INTO "locations" ("id", "customer_id", "name", "address", "is_primary", "sort_order", "created_at", "updated_at") VALUES ('eda77d02-03a6-4341-95d3-425403d45076', '6bbf1112-4903-402b-bbdd-22febba05af2', '主要地址', '台北市大安區和平東路二段339號6樓', true, 1, '2026-03-05 16:13:20', '2026-03-05 16:13:20');
INSERT INTO "contacts" ("id", "customer_id", "name", "phone", "mobile", "email", "fax", "is_primary", "sort_order", "created_at", "updated_at") VALUES ('367576fe-4b95-4aa3-8c26-6a93bc6d1352', '6bbf1112-4903-402b-bbdd-22febba05af2', '林小姐', '02-2700-2595 #105', NULL, NULL, NULL, true, 1, '2026-03-05 16:13:20', '2026-03-05 16:13:20');
INSERT INTO "customers" ("id", "customer_number", "notes", "is_deleted", "created_at", "updated_at") VALUES ('7624b9c0-ec1c-497e-be35-fbce6b1c46ea', '20201230-C02', '原始報價編號: 20201230-008
報價紀錄: 20201230-008, 20210924-005, 20220920-003, 20241216-009
歷史成交數: 4', false, '2026-03-05 16:13:20', '2026-03-05 16:13:20');
INSERT INTO "company_names" ("id", "customer_id", "company_name", "is_primary", "sort_order", "created_at", "updated_at") VALUES ('040cc736-6731-48ac-b2f4-8fb24898de43', '7624b9c0-ec1c-497e-be35-fbce6b1c46ea', '臺北市立南港區胡適國民小學', true, 1, '2026-03-05 16:13:20', '2026-03-05 16:13:20');
INSERT INTO "locations" ("id", "customer_id", "name", "address", "is_primary", "sort_order", "created_at", "updated_at") VALUES ('29d97c48-cc6c-4000-8eee-42fb12a16d62', '7624b9c0-ec1c-497e-be35-fbce6b1c46ea', '主要地址', '台北市南港區舊莊街一段1號', true, 1, '2026-03-05 16:13:20', '2026-03-05 16:13:20');
INSERT INTO "contacts" ("id", "customer_id", "name", "phone", "mobile", "email", "fax", "is_primary", "sort_order", "created_at", "updated_at") VALUES ('3b4ac102-8897-4d03-a5be-3bd13a31b6d4', '7624b9c0-ec1c-497e-be35-fbce6b1c46ea', '徐先生', '02-2782-4949 #930', NULL, NULL, NULL, true, 1, '2026-03-05 16:13:20', '2026-03-05 16:13:20');
INSERT INTO "contacts" ("id", "customer_id", "name", "phone", "mobile", "email", "fax", "is_primary", "sort_order", "created_at", "updated_at") VALUES ('6ee41fa0-65f6-4891-92f8-2d0eea67a940', '7624b9c0-ec1c-497e-be35-fbce6b1c46ea', '事務組組長', '02-2782-4949 #931', NULL, NULL, NULL, false, 2, '2026-03-05 16:13:20', '2026-03-05 16:13:20');
INSERT INTO "contacts" ("id", "customer_id", "name", "phone", "mobile", "email", "fax", "is_primary", "sort_order", "created_at", "updated_at") VALUES ('1be0ab6e-b53b-4f94-a0a5-873bff529d4d', '7624b9c0-ec1c-497e-be35-fbce6b1c46ea', '蕭先生 事務組組長', NULL, NULL, NULL, NULL, false, 3, '2026-03-05 16:13:20', '2026-03-05 16:13:20');
INSERT INTO "customers" ("id", "customer_number", "notes", "is_deleted", "created_at", "updated_at") VALUES ('0a493345-956f-43c9-a845-373c645db555', '20210104-C01', '原始報價編號: 20210104-005
報價紀錄: 20210104-005, 20230707-003
歷史成交數: 2', false, '2026-03-05 16:13:20', '2026-03-05 16:13:20');
INSERT INTO "company_names" ("id", "customer_id", "company_name", "is_primary", "sort_order", "created_at", "updated_at") VALUES ('f24ea018-c020-46d6-8af7-6b199f6cccdd', '0a493345-956f-43c9-a845-373c645db555', '呈威國際有限公司', true, 1, '2026-03-05 16:13:20', '2026-03-05 16:13:20');
INSERT INTO "locations" ("id", "customer_id", "name", "address", "is_primary", "sort_order", "created_at", "updated_at") VALUES ('19a9222f-e6ef-4f06-a789-7f549b90c297', '0a493345-956f-43c9-a845-373c645db555', '主要地址', '新北市土城區中央路2段115巷2號1樓', true, 1, '2026-03-05 16:13:20', '2026-03-05 16:13:20');
INSERT INTO "locations" ("id", "customer_id", "name", "address", "is_primary", "sort_order", "created_at", "updated_at") VALUES ('cda489f0-d134-4876-b2ea-98d33d0b4f6a', '0a493345-956f-43c9-a845-373c645db555', '分支地址2', '新北市土城區中央路二段115巷2號1樓', false, 2, '2026-03-05 16:13:20', '2026-03-05 16:13:20');
INSERT INTO "contacts" ("id", "customer_id", "name", "phone", "mobile", "email", "fax", "is_primary", "sort_order", "created_at", "updated_at") VALUES ('a6f648f4-7401-4a7f-a4e8-f0e02c7f796f', '0a493345-956f-43c9-a845-373c645db555', '羅奕琳 小姐', '02-8261-6045', '0926-739-993', NULL, NULL, true, 1, '2026-03-05 16:13:20', '2026-03-05 16:13:20');
INSERT INTO "contacts" ("id", "customer_id", "name", "phone", "mobile", "email", "fax", "is_primary", "sort_order", "created_at", "updated_at") VALUES ('617e2ad3-a0d7-4750-936e-fed678d1efca', '0a493345-956f-43c9-a845-373c645db555', '張小姐', NULL, NULL, NULL, NULL, false, 2, '2026-03-05 16:13:20', '2026-03-05 16:13:20');
INSERT INTO "customers" ("id", "customer_number", "notes", "is_deleted", "created_at", "updated_at") VALUES ('7c207ad4-485a-4f0f-a6ff-fe59352ebfc4', '20210106-C01', '原始報價編號: 20210106-001
報價紀錄: 20210106-001
歷史成交數: 1', false, '2026-03-05 16:13:20', '2026-03-05 16:13:20');
INSERT INTO "company_names" ("id", "customer_id", "company_name", "is_primary", "sort_order", "created_at", "updated_at") VALUES ('2fa14003-2c5e-4b22-94c8-1f8bc46e02ab', '7c207ad4-485a-4f0f-a6ff-fe59352ebfc4', '暢懿科技股份有限公司', true, 1, '2026-03-05 16:13:20', '2026-03-05 16:13:20');
INSERT INTO "locations" ("id", "customer_id", "name", "address", "is_primary", "sort_order", "created_at", "updated_at") VALUES ('12ec8b0b-785b-4e26-8b44-d1086e967157', '7c207ad4-485a-4f0f-a6ff-fe59352ebfc4', '主要地址', '桃園市桃園區新埔六街101號3樓', true, 1, '2026-03-05 16:13:20', '2026-03-05 16:13:20');
INSERT INTO "contacts" ("id", "customer_id", "name", "phone", "mobile", "email", "fax", "is_primary", "sort_order", "created_at", "updated_at") VALUES ('82264121-38d0-45ed-a64b-aadb0db0a4c8', '7c207ad4-485a-4f0f-a6ff-fe59352ebfc4', '預設聯絡人', '03-358-8630', NULL, NULL, NULL, true, 1, '2026-03-05 16:13:20', '2026-03-05 16:13:20');
INSERT INTO "customers" ("id", "customer_number", "notes", "is_deleted", "created_at", "updated_at") VALUES ('9f1160f6-44a4-4122-8a90-7ac48ca211b1', '20210107-C01', '原始報價編號: 20210107-008
報價紀錄: 20210107-008, 20210318-005
歷史成交數: 2', false, '2026-03-05 16:13:20', '2026-03-05 16:13:20');
INSERT INTO "company_names" ("id", "customer_id", "company_name", "is_primary", "sort_order", "created_at", "updated_at") VALUES ('f2003b7a-c39c-4ca7-a7d5-5f623d8cd44c', '9f1160f6-44a4-4122-8a90-7ac48ca211b1', '意思國際有限公司', true, 1, '2026-03-05 16:13:20', '2026-03-05 16:13:20');
INSERT INTO "locations" ("id", "customer_id", "name", "address", "is_primary", "sort_order", "created_at", "updated_at") VALUES ('056d823b-c566-43eb-a73d-79f906ed86b0', '9f1160f6-44a4-4122-8a90-7ac48ca211b1', '主要地址', '台北市大安區敦化南路1段205號1010室', true, 1, '2026-03-05 16:13:20', '2026-03-05 16:13:20');
INSERT INTO "contacts" ("id", "customer_id", "name", "phone", "mobile", "email", "fax", "is_primary", "sort_order", "created_at", "updated_at") VALUES ('2fc0a09d-3bf7-482f-ace3-135957066833', '9f1160f6-44a4-4122-8a90-7ac48ca211b1', '鄭先生', NULL, '0937-315-459', NULL, NULL, true, 1, '2026-03-05 16:13:20', '2026-03-05 16:13:20');
INSERT INTO "customers" ("id", "customer_number", "notes", "is_deleted", "created_at", "updated_at") VALUES ('46ac1d94-202d-4e74-a3f4-505b3447638a', '20210111-C01', '原始報價編號: 20210111-003
報價紀錄: 20210111-003
歷史成交數: 1', false, '2026-03-05 16:13:20', '2026-03-05 16:13:20');
INSERT INTO "company_names" ("id", "customer_id", "company_name", "is_primary", "sort_order", "created_at", "updated_at") VALUES ('fc3e4499-51c1-4609-b26a-67717ba3eba5', '46ac1d94-202d-4e74-a3f4-505b3447638a', '淳政企業有限公司', true, 1, '2026-03-05 16:13:20', '2026-03-05 16:13:20');
INSERT INTO "locations" ("id", "customer_id", "name", "address", "is_primary", "sort_order", "created_at", "updated_at") VALUES ('f18aaa2f-ec7b-42e9-8de4-2ea1d2c28fe2', '46ac1d94-202d-4e74-a3f4-505b3447638a', '主要地址', '台北市松江路70巷5號1樓', true, 1, '2026-03-05 16:13:20', '2026-03-05 16:13:20');
INSERT INTO "contacts" ("id", "customer_id", "name", "phone", "mobile", "email", "fax", "is_primary", "sort_order", "created_at", "updated_at") VALUES ('c2c2f0ed-9b7c-4dc3-98f6-b056f5f4b99b', '46ac1d94-202d-4e74-a3f4-505b3447638a', '李小姐', '02-2531-0099', NULL, NULL, NULL, true, 1, '2026-03-05 16:13:20', '2026-03-05 16:13:20');
INSERT INTO "customers" ("id", "customer_number", "notes", "is_deleted", "created_at", "updated_at") VALUES ('d6a69fd5-e630-4b94-a879-75376e7efe66', '20210111-C02', '原始報價編號: 20210111-005
報價紀錄: 20210111-005
歷史成交數: 1', false, '2026-03-05 16:13:20', '2026-03-05 16:13:20');
INSERT INTO "locations" ("id", "customer_id", "name", "address", "is_primary", "sort_order", "created_at", "updated_at") VALUES ('9ff19f46-d988-4e5c-be0a-e90e575da5ac', 'd6a69fd5-e630-4b94-a879-75376e7efe66', '主要地址', '台北市南港區松河街502號1樓', true, 1, '2026-03-05 16:13:20', '2026-03-05 16:13:20');
INSERT INTO "contacts" ("id", "customer_id", "name", "phone", "mobile", "email", "fax", "is_primary", "sort_order", "created_at", "updated_at") VALUES ('1439f77a-ec60-4b48-bc06-150cf5a583bb', 'd6a69fd5-e630-4b94-a879-75376e7efe66', '游先生', '02-2789-1476', NULL, NULL, NULL, true, 1, '2026-03-05 16:13:20', '2026-03-05 16:13:20');
INSERT INTO "customers" ("id", "customer_number", "notes", "is_deleted", "created_at", "updated_at") VALUES ('aa24bbf9-33b2-4231-a1b8-4e170ab9d941', '20210112-C01', '原始報價編號: 20210112-008
報價紀錄: 20210112-008
歷史成交數: 1', false, '2026-03-05 16:13:20', '2026-03-05 16:13:20');
INSERT INTO "company_names" ("id", "customer_id", "company_name", "is_primary", "sort_order", "created_at", "updated_at") VALUES ('05a8144e-2a55-4161-8c9f-c9cf95ddf818', 'aa24bbf9-33b2-4231-a1b8-4e170ab9d941', '愛可信台灣軟體研發股份有限公司', true, 1, '2026-03-05 16:13:20', '2026-03-05 16:13:20');
INSERT INTO "locations" ("id", "customer_id", "name", "address", "is_primary", "sort_order", "created_at", "updated_at") VALUES ('ca9a090b-a80a-4d78-a7be-2dd350c6749f', 'aa24bbf9-33b2-4231-a1b8-4e170ab9d941', '主要地址', '台北市中山區南京東路二段2號8樓', true, 1, '2026-03-05 16:13:20', '2026-03-05 16:13:20');
INSERT INTO "contacts" ("id", "customer_id", "name", "phone", "mobile", "email", "fax", "is_primary", "sort_order", "created_at", "updated_at") VALUES ('46ea142e-c714-44b9-9476-6dca85f08893', 'aa24bbf9-33b2-4231-a1b8-4e170ab9d941', '盧欣 小姐', NULL, '0989-006-644', NULL, NULL, true, 1, '2026-03-05 16:13:20', '2026-03-05 16:13:20');
INSERT INTO "customers" ("id", "customer_number", "notes", "is_deleted", "created_at", "updated_at") VALUES ('5fb9e74c-b063-41bc-acf6-25f8838457a8', '20210113-C01', '原始報價編號: 20210113-006
報價紀錄: 20210113-006
歷史成交數: 1', false, '2026-03-05 16:13:20', '2026-03-05 16:13:20');
INSERT INTO "locations" ("id", "customer_id", "name", "address", "is_primary", "sort_order", "created_at", "updated_at") VALUES ('8186b9f9-0cba-493e-acbf-b751d21d7a91', '5fb9e74c-b063-41bc-acf6-25f8838457a8', '主要地址', '台北市民權東路三段160巷19弄12號1樓', true, 1, '2026-03-05 16:13:20', '2026-03-05 16:13:20');
INSERT INTO "contacts" ("id", "customer_id", "name", "phone", "mobile", "email", "fax", "is_primary", "sort_order", "created_at", "updated_at") VALUES ('27ddfaeb-c7b7-46cd-b08d-ed0bb963e844', '5fb9e74c-b063-41bc-acf6-25f8838457a8', '陳先生', NULL, '0926-719-913', NULL, NULL, true, 1, '2026-03-05 16:13:20', '2026-03-05 16:13:20');
INSERT INTO "customers" ("id", "customer_number", "notes", "is_deleted", "created_at", "updated_at") VALUES ('754d4109-6f5e-4d10-b941-0880ad0aa322', '20210115-C01', '原始報價編號: 20210115-002
報價紀錄: 20210115-002
歷史成交數: 1', false, '2026-03-05 16:13:20', '2026-03-05 16:13:20');
INSERT INTO "locations" ("id", "customer_id", "name", "address", "is_primary", "sort_order", "created_at", "updated_at") VALUES ('decbd987-b774-4b7c-ad10-91c3119c715f', '754d4109-6f5e-4d10-b941-0880ad0aa322', '主要地址', '台北市士林區新安路119號', true, 1, '2026-03-05 16:13:20', '2026-03-05 16:13:20');
INSERT INTO "contacts" ("id", "customer_id", "name", "phone", "mobile", "email", "fax", "is_primary", "sort_order", "created_at", "updated_at") VALUES ('aecf7603-b180-49aa-a2b6-e4d8419db648', '754d4109-6f5e-4d10-b941-0880ad0aa322', '吳穎穎 小姐', NULL, '0955-585-858', NULL, NULL, true, 1, '2026-03-05 16:13:20', '2026-03-05 16:13:20');
INSERT INTO "customers" ("id", "customer_number", "notes", "is_deleted", "created_at", "updated_at") VALUES ('ddeed1c6-46de-4329-abc5-8be6964d0c42', '20210118-C01', '原始報價編號: 20210118-003
報價紀錄: 20210118-003
歷史成交數: 1', false, '2026-03-05 16:13:20', '2026-03-05 16:13:20');
INSERT INTO "company_names" ("id", "customer_id", "company_name", "is_primary", "sort_order", "created_at", "updated_at") VALUES ('33211163-4371-45fa-90bc-deba8370717f', 'ddeed1c6-46de-4329-abc5-8be6964d0c42', '普泰光電股份有限公司', true, 1, '2026-03-05 16:13:20', '2026-03-05 16:13:20');
INSERT INTO "locations" ("id", "customer_id", "name", "address", "is_primary", "sort_order", "created_at", "updated_at") VALUES ('b435d504-85b1-487c-8ce3-f57571846bdf', 'ddeed1c6-46de-4329-abc5-8be6964d0c42', '主要地址', '桃園市中壢區松江北路2號4F', true, 1, '2026-03-05 16:13:20', '2026-03-05 16:13:20');
INSERT INTO "contacts" ("id", "customer_id", "name", "phone", "mobile", "email", "fax", "is_primary", "sort_order", "created_at", "updated_at") VALUES ('1b8ff231-6e1d-4c24-a72f-71f16ecbbdee', 'ddeed1c6-46de-4329-abc5-8be6964d0c42', '黎玫妏 小姐', '02-2658-0206 #674', '0963-102-898', NULL, NULL, true, 1, '2026-03-05 16:13:20', '2026-03-05 16:13:20');
INSERT INTO "customers" ("id", "customer_number", "notes", "is_deleted", "created_at", "updated_at") VALUES ('654c87a2-6932-4e6b-be73-38490e8f4e3e', '20210125-C01', '原始報價編號: 20210125-008
報價紀錄: 20210125-008, 20241009-007
歷史成交數: 2', false, '2026-03-05 16:13:20', '2026-03-05 16:13:20');
INSERT INTO "company_names" ("id", "customer_id", "company_name", "is_primary", "sort_order", "created_at", "updated_at") VALUES ('e5c80289-1773-4a27-8549-9b6aed5adbbd', '654c87a2-6932-4e6b-be73-38490e8f4e3e', '優貝克軟體研發股份有限公司', true, 1, '2026-03-05 16:13:20', '2026-03-05 16:13:20');
INSERT INTO "locations" ("id", "customer_id", "name", "address", "is_primary", "sort_order", "created_at", "updated_at") VALUES ('d1f59947-9f2f-44bd-984e-64d0d2db8083', '654c87a2-6932-4e6b-be73-38490e8f4e3e', '主要地址', '新北市淡水區中正東路二段27之9號23F', true, 1, '2026-03-05 16:13:20', '2026-03-05 16:13:20');
INSERT INTO "contacts" ("id", "customer_id", "name", "phone", "mobile", "email", "fax", "is_primary", "sort_order", "created_at", "updated_at") VALUES ('6028b551-d249-4744-b477-352d454afab3', '654c87a2-6932-4e6b-be73-38490e8f4e3e', '林怡妏 小姐', '02-8809-2259 #113', NULL, NULL, NULL, true, 1, '2026-03-05 16:13:20', '2026-03-05 16:13:20');
INSERT INTO "customers" ("id", "customer_number", "notes", "is_deleted", "created_at", "updated_at") VALUES ('55821bff-febf-4a0a-9de2-61903c257fbb', '20210129-C01', '原始報價編號: 20210129-003
報價紀錄: 20210129-003, 20210805-001, 20210903-005, 20210909-012
歷史成交數: 4', false, '2026-03-05 16:13:20', '2026-03-05 16:13:20');
INSERT INTO "company_names" ("id", "customer_id", "company_name", "is_primary", "sort_order", "created_at", "updated_at") VALUES ('3e272145-db26-4b11-bfcb-ca152392ce24', '55821bff-febf-4a0a-9de2-61903c257fbb', '藍領設計股份有限公司', true, 1, '2026-03-05 16:13:20', '2026-03-05 16:13:20');
INSERT INTO "locations" ("id", "customer_id", "name", "address", "is_primary", "sort_order", "created_at", "updated_at") VALUES ('d4ccc6e5-4109-4dee-8214-a37025818106', '55821bff-febf-4a0a-9de2-61903c257fbb', '主要地址', '台北市敦化南路二段97號28樓', true, 1, '2026-03-05 16:13:20', '2026-03-05 16:13:20');
INSERT INTO "locations" ("id", "customer_id", "name", "address", "is_primary", "sort_order", "created_at", "updated_at") VALUES ('2950157e-a0a1-46f4-9334-8741389828c2', '55821bff-febf-4a0a-9de2-61903c257fbb', '分支地址2', '台北市大同區延平北路二段44號1樓 (鈺螢珠寶)', false, 2, '2026-03-05 16:13:20', '2026-03-05 16:13:20');
INSERT INTO "locations" ("id", "customer_id", "name", "address", "is_primary", "sort_order", "created_at", "updated_at") VALUES ('3b5b7038-b05f-4c96-b3bf-3415f91091be', '55821bff-febf-4a0a-9de2-61903c257fbb', '分支地址3', '台北市中正區新生南路一段158號3樓', false, 3, '2026-03-05 16:13:20', '2026-03-05 16:13:20');
INSERT INTO "contacts" ("id", "customer_id", "name", "phone", "mobile", "email", "fax", "is_primary", "sort_order", "created_at", "updated_at") VALUES ('fbae39ce-0fc4-40ff-82b2-563fdb458986', '55821bff-febf-4a0a-9de2-61903c257fbb', '陳右昇 先生', NULL, '0939-961-125', NULL, NULL, true, 1, '2026-03-05 16:13:20', '2026-03-05 16:13:20');
INSERT INTO "contacts" ("id", "customer_id", "name", "phone", "mobile", "email", "fax", "is_primary", "sort_order", "created_at", "updated_at") VALUES ('708d4e56-4c39-4040-a359-cc05cbd9790d', '55821bff-febf-4a0a-9de2-61903c257fbb', '孫先生', NULL, '0963-360-072', NULL, NULL, false, 2, '2026-03-05 16:13:20', '2026-03-05 16:13:20');
INSERT INTO "customers" ("id", "customer_number", "notes", "is_deleted", "created_at", "updated_at") VALUES ('7faddb08-1a65-4d55-86e7-f09e7add1e95', '20210202-C01', '原始報價編號: 20210202-007
報價紀錄: 20210202-007, 20210205-005
歷史成交數: 2', false, '2026-03-05 16:13:20', '2026-03-05 16:13:20');
INSERT INTO "company_names" ("id", "customer_id", "company_name", "is_primary", "sort_order", "created_at", "updated_at") VALUES ('678dd370-20bf-49bd-8a6c-4d3724fa6ceb', '7faddb08-1a65-4d55-86e7-f09e7add1e95', '百睿達有限公司', true, 1, '2026-03-05 16:13:20', '2026-03-05 16:13:20');
INSERT INTO "locations" ("id", "customer_id", "name", "address", "is_primary", "sort_order", "created_at", "updated_at") VALUES ('656c766b-e220-4fd6-9b87-1120d02e13ae', '7faddb08-1a65-4d55-86e7-f09e7add1e95', '主要地址', '台北市中山區許昌街42號10樓', true, 1, '2026-03-05 16:13:20', '2026-03-05 16:13:20');
INSERT INTO "contacts" ("id", "customer_id", "name", "phone", "mobile", "email", "fax", "is_primary", "sort_order", "created_at", "updated_at") VALUES ('042abeb2-d857-46e3-94d2-b5710265c5a7', '7faddb08-1a65-4d55-86e7-f09e7add1e95', '顏正淵 先生', '02-2550-5582', '0932-349-239', NULL, NULL, true, 1, '2026-03-05 16:13:20', '2026-03-05 16:13:20');
INSERT INTO "customers" ("id", "customer_number", "notes", "is_deleted", "created_at", "updated_at") VALUES ('dd8a03d6-e327-44e4-8b9c-53f11631951b', '20210202-C02', '原始報價編號: 20210202-008
報價紀錄: 20210202-008
歷史成交數: 1', false, '2026-03-05 16:13:20', '2026-03-05 16:13:20');
INSERT INTO "company_names" ("id", "customer_id", "company_name", "is_primary", "sort_order", "created_at", "updated_at") VALUES ('dd8a90be-030d-4e93-93c8-2ed9c5853029', 'dd8a03d6-e327-44e4-8b9c-53f11631951b', '台北市私立米睿可文理短期補習班', true, 1, '2026-03-05 16:13:20', '2026-03-05 16:13:20');
INSERT INTO "locations" ("id", "customer_id", "name", "address", "is_primary", "sort_order", "created_at", "updated_at") VALUES ('6824a753-3e2a-4264-be51-e1c870adecbd', 'dd8a03d6-e327-44e4-8b9c-53f11631951b', '主要地址', '台北市信義區福德街286號1樓', true, 1, '2026-03-05 16:13:20', '2026-03-05 16:13:20');
INSERT INTO "contacts" ("id", "customer_id", "name", "phone", "mobile", "email", "fax", "is_primary", "sort_order", "created_at", "updated_at") VALUES ('9511d0e1-7fd8-4837-8aee-e05fea4dc048', 'dd8a03d6-e327-44e4-8b9c-53f11631951b', '周先生', '02-2346-6123', '0935-768-511', NULL, NULL, true, 1, '2026-03-05 16:13:20', '2026-03-05 16:13:20');
INSERT INTO "customers" ("id", "customer_number", "notes", "is_deleted", "created_at", "updated_at") VALUES ('b3425b56-2ec3-441f-8d5f-6e2aa2649503', '20210205-C01', '原始報價編號: 20210205-003
報價紀錄: 20210205-003
歷史成交數: 1', false, '2026-03-05 16:13:20', '2026-03-05 16:13:20');
INSERT INTO "company_names" ("id", "customer_id", "company_name", "is_primary", "sort_order", "created_at", "updated_at") VALUES ('a54703ef-bba6-4fb9-bebd-538cbdb449f8', 'b3425b56-2ec3-441f-8d5f-6e2aa2649503', '彩虹國際開發娛樂事業有限公司', true, 1, '2026-03-05 16:13:20', '2026-03-05 16:13:20');
INSERT INTO "locations" ("id", "customer_id", "name", "address", "is_primary", "sort_order", "created_at", "updated_at") VALUES ('aeab46ef-64d4-4b59-b4f8-1555af2b3440', 'b3425b56-2ec3-441f-8d5f-6e2aa2649503', '主要地址', '台北市中山區復興北路48號12樓', true, 1, '2026-03-05 16:13:20', '2026-03-05 16:13:20');
INSERT INTO "contacts" ("id", "customer_id", "name", "phone", "mobile", "email", "fax", "is_primary", "sort_order", "created_at", "updated_at") VALUES ('fddf0aa8-7965-4589-a2f1-39ec620bbaaa', 'b3425b56-2ec3-441f-8d5f-6e2aa2649503', '林艾蓮 小姐 小姐', NULL, '0926-698-010', NULL, NULL, true, 1, '2026-03-05 16:13:20', '2026-03-05 16:13:20');
INSERT INTO "customers" ("id", "customer_number", "notes", "is_deleted", "created_at", "updated_at") VALUES ('8e41abb0-dfca-4d42-ab36-c52d843c59f9', '20210208-C01', '原始報價編號: 20210208-006
報價紀錄: 20210208-006, 20220412-005
歷史成交數: 2', false, '2026-03-05 16:13:20', '2026-03-05 16:13:20');
INSERT INTO "company_names" ("id", "customer_id", "company_name", "is_primary", "sort_order", "created_at", "updated_at") VALUES ('10138a68-4eac-45ef-9a2c-fc3e5b60f15e', '8e41abb0-dfca-4d42-ab36-c52d843c59f9', '麥菲爾股份有限公司', true, 1, '2026-03-05 16:13:20', '2026-03-05 16:13:20');
INSERT INTO "locations" ("id", "customer_id", "name", "address", "is_primary", "sort_order", "created_at", "updated_at") VALUES ('3cb251ea-077d-4f2f-8511-b920a1505846', '8e41abb0-dfca-4d42-ab36-c52d843c59f9', '主要地址', '台北市大同區承德路三段230號12F', true, 1, '2026-03-05 16:13:20', '2026-03-05 16:13:20');
INSERT INTO "locations" ("id", "customer_id", "name", "address", "is_primary", "sort_order", "created_at", "updated_at") VALUES ('b1e37cae-5a98-4297-96e6-35fb0d32059f', '8e41abb0-dfca-4d42-ab36-c52d843c59f9', '分支地址2', '台北市大同區承德路三段230號12樓', false, 2, '2026-03-05 16:13:20', '2026-03-05 16:13:20');
INSERT INTO "contacts" ("id", "customer_id", "name", "phone", "mobile", "email", "fax", "is_primary", "sort_order", "created_at", "updated_at") VALUES ('9c9e293b-dc2e-430b-9794-3dbd281586f3', '8e41abb0-dfca-4d42-ab36-c52d843c59f9', '郭先生', NULL, '0925-191-108', NULL, NULL, true, 1, '2026-03-05 16:13:20', '2026-03-05 16:13:20');
INSERT INTO "customers" ("id", "customer_number", "notes", "is_deleted", "created_at", "updated_at") VALUES ('90af0cdc-410e-4f1c-aeea-e77a34236ef9', '20210209-C01', '原始報價編號: 20210209-003
報價紀錄: 20210209-003
歷史成交數: 1', false, '2026-03-05 16:13:20', '2026-03-05 16:13:20');
INSERT INTO "locations" ("id", "customer_id", "name", "address", "is_primary", "sort_order", "created_at", "updated_at") VALUES ('7b729535-1406-46b6-86c9-2bf30f1526ab', '90af0cdc-410e-4f1c-aeea-e77a34236ef9', '主要地址', '新北市汐止區新台五路一段97號27樓之5', true, 1, '2026-03-05 16:13:20', '2026-03-05 16:13:20');
INSERT INTO "contacts" ("id", "customer_id", "name", "phone", "mobile", "email", "fax", "is_primary", "sort_order", "created_at", "updated_at") VALUES ('2e8ce560-49a5-4359-9ce5-2b418db811fa', '90af0cdc-410e-4f1c-aeea-e77a34236ef9', '謝名媛 小姐', NULL, '0989-486-110', NULL, NULL, true, 1, '2026-03-05 16:13:20', '2026-03-05 16:13:20');
INSERT INTO "customers" ("id", "customer_number", "notes", "is_deleted", "created_at", "updated_at") VALUES ('9a98dcbf-79bb-4b0e-9233-8668088c34b3', '20210225-C01', '原始報價編號: 20210225-010
報價紀錄: 20210225-010
歷史成交數: 1', false, '2026-03-05 16:13:20', '2026-03-05 16:13:20');
INSERT INTO "company_names" ("id", "customer_id", "company_name", "is_primary", "sort_order", "created_at", "updated_at") VALUES ('da65fe3d-5b75-47d5-8b72-a71644b1b678', '9a98dcbf-79bb-4b0e-9233-8668088c34b3', '依利特整合行銷有限公司', true, 1, '2026-03-05 16:13:20', '2026-03-05 16:13:20');
INSERT INTO "locations" ("id", "customer_id", "name", "address", "is_primary", "sort_order", "created_at", "updated_at") VALUES ('a46e0f66-5a08-4d8e-89c4-d3704cf38da1', '9a98dcbf-79bb-4b0e-9233-8668088c34b3', '主要地址', '台北市大安區復興南路一段360號6樓', true, 1, '2026-03-05 16:13:20', '2026-03-05 16:13:20');
INSERT INTO "contacts" ("id", "customer_id", "name", "phone", "mobile", "email", "fax", "is_primary", "sort_order", "created_at", "updated_at") VALUES ('944345ac-3f04-45c9-a057-28edf5323d75', '9a98dcbf-79bb-4b0e-9233-8668088c34b3', '林國財 先生', NULL, '0988-122-725', NULL, NULL, true, 1, '2026-03-05 16:13:20', '2026-03-05 16:13:20');
INSERT INTO "customers" ("id", "customer_number", "notes", "is_deleted", "created_at", "updated_at") VALUES ('bb4bcba7-09df-4ac4-bb5a-f5ff41d266e7', '20210303-C01', '原始報價編號: 20210303-009
報價紀錄: 20210303-009, 20221215-005, 20230309-011
歷史成交數: 3', false, '2026-03-05 16:13:20', '2026-03-05 16:13:20');
INSERT INTO "company_names" ("id", "customer_id", "company_name", "is_primary", "sort_order", "created_at", "updated_at") VALUES ('969ed007-5df9-429a-9e53-5ebd8695170a', 'bb4bcba7-09df-4ac4-bb5a-f5ff41d266e7', '耀禾國際有限公司', true, 1, '2026-03-05 16:13:20', '2026-03-05 16:13:20');
INSERT INTO "company_names" ("id", "customer_id", "company_name", "is_primary", "sort_order", "created_at", "updated_at") VALUES ('11209b9a-c112-433f-a2b1-c6ba38448b66', 'bb4bcba7-09df-4ac4-bb5a-f5ff41d266e7', '泰融毅有限公司', false, 2, '2026-03-05 16:13:20', '2026-03-05 16:13:20');
INSERT INTO "locations" ("id", "customer_id", "name", "address", "is_primary", "sort_order", "created_at", "updated_at") VALUES ('ea8b2517-cde0-41a4-a522-3759f1555d2c', 'bb4bcba7-09df-4ac4-bb5a-f5ff41d266e7', '主要地址', '台北市松江路289之702號7樓', true, 1, '2026-03-05 16:13:20', '2026-03-05 16:13:20');
INSERT INTO "locations" ("id", "customer_id", "name", "address", "is_primary", "sort_order", "created_at", "updated_at") VALUES ('35a3e6dc-2a07-46ca-abae-43f950d60aa9', 'bb4bcba7-09df-4ac4-bb5a-f5ff41d266e7', '分支地址2', '台北市中山區農安街210號11樓', false, 2, '2026-03-05 16:13:20', '2026-03-05 16:13:20');
INSERT INTO "contacts" ("id", "customer_id", "name", "phone", "mobile", "email", "fax", "is_primary", "sort_order", "created_at", "updated_at") VALUES ('c4a03776-c377-42c0-8aa9-31081c2eeb8f', 'bb4bcba7-09df-4ac4-bb5a-f5ff41d266e7', '黃先生', '02-7728-9450', '0953-753-505', NULL, NULL, true, 1, '2026-03-05 16:13:20', '2026-03-05 16:13:20');
INSERT INTO "customers" ("id", "customer_number", "notes", "is_deleted", "created_at", "updated_at") VALUES ('cbf6bbd7-6c48-4251-b52d-c715d09bc0e8', '20210305-C01', '原始報價編號: 20210305-007
報價紀錄: 20210305-007
歷史成交數: 1', false, '2026-03-05 16:13:20', '2026-03-05 16:13:20');
INSERT INTO "company_names" ("id", "customer_id", "company_name", "is_primary", "sort_order", "created_at", "updated_at") VALUES ('3dd59ba5-65c6-4778-b2a1-8780b35b77ff', 'cbf6bbd7-6c48-4251-b52d-c715d09bc0e8', '台灣真弓通商股份有限公司', true, 1, '2026-03-05 16:13:20', '2026-03-05 16:13:20');
INSERT INTO "locations" ("id", "customer_id", "name", "address", "is_primary", "sort_order", "created_at", "updated_at") VALUES ('c0a35cf2-9236-4405-880e-aafd2566eb3f', 'cbf6bbd7-6c48-4251-b52d-c715d09bc0e8', '主要地址', '台北市內湖區基湖路35巷51號5樓之1', true, 1, '2026-03-05 16:13:20', '2026-03-05 16:13:20');
INSERT INTO "contacts" ("id", "customer_id", "name", "phone", "mobile", "email", "fax", "is_primary", "sort_order", "created_at", "updated_at") VALUES ('46b68449-a409-481e-8293-1afc97645370', 'cbf6bbd7-6c48-4251-b52d-c715d09bc0e8', '林靖芳 小姐', '02-2657-4452 #83', NULL, NULL, NULL, true, 1, '2026-03-05 16:13:20', '2026-03-05 16:13:20');
INSERT INTO "customers" ("id", "customer_number", "notes", "is_deleted", "created_at", "updated_at") VALUES ('b34beed4-6bb2-4979-8eef-b9cf1cfff845', '20210309-C02', '原始報價編號: 20210309-003
報價紀錄: 20210309-003, 20210806-006
歷史成交數: 2', false, '2026-03-05 16:13:20', '2026-03-05 16:13:20');
INSERT INTO "company_names" ("id", "customer_id", "company_name", "is_primary", "sort_order", "created_at", "updated_at") VALUES ('6522e3ad-eb35-49c7-85da-67355dc4d71e', 'b34beed4-6bb2-4979-8eef-b9cf1cfff845', '築角室內裝修設計公司', true, 1, '2026-03-05 16:13:20', '2026-03-05 16:13:20');
INSERT INTO "locations" ("id", "customer_id", "name", "address", "is_primary", "sort_order", "created_at", "updated_at") VALUES ('1f46d4ba-b278-4697-bf84-bd7efe4cc96e', 'b34beed4-6bb2-4979-8eef-b9cf1cfff845', '主要地址', '新北市板橋區漢生東路248號14樓', true, 1, '2026-03-05 16:13:20', '2026-03-05 16:13:20');
INSERT INTO "locations" ("id", "customer_id", "name", "address", "is_primary", "sort_order", "created_at", "updated_at") VALUES ('03690e5a-b241-420b-b69e-ce823e6d0706', 'b34beed4-6bb2-4979-8eef-b9cf1cfff845', '分支地址2', '基隆市仁愛區仁一路257號13樓之8', false, 2, '2026-03-05 16:13:20', '2026-03-05 16:13:20');
INSERT INTO "contacts" ("id", "customer_id", "name", "phone", "mobile", "email", "fax", "is_primary", "sort_order", "created_at", "updated_at") VALUES ('ece1b0ec-bba2-430d-b4c4-ebd3412464bb', 'b34beed4-6bb2-4979-8eef-b9cf1cfff845', '謝慈軒 先生', '02-2959-5786', '0911-209-028', NULL, NULL, true, 1, '2026-03-05 16:13:20', '2026-03-05 16:13:20');
INSERT INTO "customers" ("id", "customer_number", "notes", "is_deleted", "created_at", "updated_at") VALUES ('97d5184b-13ee-4ce9-bd8a-87bfdbfb62eb', '20210310-C01', '原始報價編號: 20210310-002
報價紀錄: 20210310-002, 20210310-002, 20210310-003, 20210310-003, 20210322-003, 20220706-009, 20220708-010, 20230113-003, 20250207-007, 20250331-005, 20250331-006, 20250331-007, 20250423-009
歷史成交數: 13', false, '2026-03-05 16:13:20', '2026-03-05 16:13:20');
INSERT INTO "company_names" ("id", "customer_id", "company_name", "is_primary", "sort_order", "created_at", "updated_at") VALUES ('81653db7-19c5-4be6-a0b7-9c8c7fc32a0e', '97d5184b-13ee-4ce9-bd8a-87bfdbfb62eb', '倫飛電腦實業股份有限公司', true, 1, '2026-03-05 16:13:20', '2026-03-05 16:13:20');
INSERT INTO "locations" ("id", "customer_id", "name", "address", "is_primary", "sort_order", "created_at", "updated_at") VALUES ('5b946f5f-10a4-48d0-9093-d01a58f163f7', '97d5184b-13ee-4ce9-bd8a-87bfdbfb62eb', '主要地址', '台北市內湖區瑞光路550號11樓', true, 1, '2026-03-05 16:13:20', '2026-03-05 16:13:20');
INSERT INTO "contacts" ("id", "customer_id", "name", "phone", "mobile", "email", "fax", "is_primary", "sort_order", "created_at", "updated_at") VALUES ('05b8d62d-a548-4851-9586-6a2e929afb76', '97d5184b-13ee-4ce9-bd8a-87bfdbfb62eb', '陳慧安 小姐', '02-5589-9999 #1154', NULL, NULL, NULL, true, 1, '2026-03-05 16:13:20', '2026-03-05 16:13:20');
INSERT INTO "customers" ("id", "customer_number", "notes", "is_deleted", "created_at", "updated_at") VALUES ('b216a8f2-b748-45a6-9aa5-31482421dd6d', '20210310-C02', '原始報價編號: 20210310-005
報價紀錄: 20210310-005
歷史成交數: 1', false, '2026-03-05 16:13:20', '2026-03-05 16:13:20');
INSERT INTO "company_names" ("id", "customer_id", "company_name", "is_primary", "sort_order", "created_at", "updated_at") VALUES ('93601a51-f9ad-4818-b2cb-cb8df0878465', 'b216a8f2-b748-45a6-9aa5-31482421dd6d', '優睿數位行銷有限公司', true, 1, '2026-03-05 16:13:20', '2026-03-05 16:13:20');
INSERT INTO "locations" ("id", "customer_id", "name", "address", "is_primary", "sort_order", "created_at", "updated_at") VALUES ('f4e8ca03-9f5c-41fd-8d85-363c796d553e', 'b216a8f2-b748-45a6-9aa5-31482421dd6d', '主要地址', '台北市內湖區民權東路六段11巷41號5樓', true, 1, '2026-03-05 16:13:20', '2026-03-05 16:13:20');
INSERT INTO "contacts" ("id", "customer_id", "name", "phone", "mobile", "email", "fax", "is_primary", "sort_order", "created_at", "updated_at") VALUES ('dcc2ff6c-2cf3-4630-9e30-776ea7858f3f', 'b216a8f2-b748-45a6-9aa5-31482421dd6d', '黃小姐', '02-2794-3051', NULL, NULL, NULL, true, 1, '2026-03-05 16:13:20', '2026-03-05 16:13:20');
INSERT INTO "customers" ("id", "customer_number", "notes", "is_deleted", "created_at", "updated_at") VALUES ('c9d8e8f8-15df-48b2-8a44-c8a6ca075466', '20210310-C03', '原始報價編號: 20210310-013
報價紀錄: 20210310-013, 20210516-006, 20221012-006, 20230712-005, 20250604-007, 20251031-005, 20251103-006, 20251103-007, 20251119-007
歷史成交數: 9', false, '2026-03-05 16:13:20', '2026-03-05 16:13:20');
INSERT INTO "company_names" ("id", "customer_id", "company_name", "is_primary", "sort_order", "created_at", "updated_at") VALUES ('a3565413-4127-420e-b372-662f5bcf5ac6', 'c9d8e8f8-15df-48b2-8a44-c8a6ca075466', '薇皓室內裝修設計有限公司', true, 1, '2026-03-05 16:13:20', '2026-03-05 16:13:20');
INSERT INTO "locations" ("id", "customer_id", "name", "address", "is_primary", "sort_order", "created_at", "updated_at") VALUES ('dabb43e6-0a0c-4613-9091-d22fe1e7f082', 'c9d8e8f8-15df-48b2-8a44-c8a6ca075466', '主要地址', '台北市信義區吳興街284巷36弄8號1樓', true, 1, '2026-03-05 16:13:20', '2026-03-05 16:13:20');
INSERT INTO "locations" ("id", "customer_id", "name", "address", "is_primary", "sort_order", "created_at", "updated_at") VALUES ('56f30cdd-71c2-404a-9452-83286fc02df1', 'c9d8e8f8-15df-48b2-8a44-c8a6ca075466', '分支地址2', '台北市光復南路280巷450號1樓', false, 2, '2026-03-05 16:13:20', '2026-03-05 16:13:20');
INSERT INTO "locations" ("id", "customer_id", "name", "address", "is_primary", "sort_order", "created_at", "updated_at") VALUES ('6829c97a-a6a6-49be-8300-14721f17eace', 'c9d8e8f8-15df-48b2-8a44-c8a6ca075466', '分支地址3', '台北市內湖區新湖一路383號', false, 3, '2026-03-05 16:13:20', '2026-03-05 16:13:20');
INSERT INTO "locations" ("id", "customer_id", "name", "address", "is_primary", "sort_order", "created_at", "updated_at") VALUES ('d946602a-9bb8-4e10-a27b-9f4c231548fd', 'c9d8e8f8-15df-48b2-8a44-c8a6ca075466', '分支地址4', '台北市仁愛路二段12號7樓(華瑞投顧)', false, 4, '2026-03-05 16:13:20', '2026-03-05 16:13:20');
INSERT INTO "contacts" ("id", "customer_id", "name", "phone", "mobile", "email", "fax", "is_primary", "sort_order", "created_at", "updated_at") VALUES ('c49bb8af-1ff0-4037-80f4-dfec72cdfe56', 'c9d8e8f8-15df-48b2-8a44-c8a6ca075466', '陳小姐', '02-2703-5556', '0936-730-615', NULL, NULL, true, 1, '2026-03-05 16:13:20', '2026-03-05 16:13:20');
INSERT INTO "contacts" ("id", "customer_id", "name", "phone", "mobile", "email", "fax", "is_primary", "sort_order", "created_at", "updated_at") VALUES ('54f333b1-da24-458d-bb45-d0b32e760f4d', 'c9d8e8f8-15df-48b2-8a44-c8a6ca075466', 'Aglaia Chen', NULL, '0925-226-211', NULL, NULL, false, 2, '2026-03-05 16:13:20', '2026-03-05 16:13:20');
INSERT INTO "contacts" ("id", "customer_id", "name", "phone", "mobile", "email", "fax", "is_primary", "sort_order", "created_at", "updated_at") VALUES ('e254b7fb-2294-4f5c-88cc-0a6202d4f66d', 'c9d8e8f8-15df-48b2-8a44-c8a6ca075466', '伍珮綺小姐', NULL, NULL, NULL, NULL, false, 3, '2026-03-05 16:13:20', '2026-03-05 16:13:20');
INSERT INTO "customers" ("id", "customer_number", "notes", "is_deleted", "created_at", "updated_at") VALUES ('4c47e296-b202-44f7-b5c1-c62c92ab5859', '20210313-C01', '原始報價編號: 20210313-002
報價紀錄: 20210313-002, 20220308-010, 20220408-008, 20220506-008, 20220528-003, 20230330-003, 20230410-009, 20231004-007, 20231007-006, 20231207-005, 20250321-006, 20250905-005
歷史成交數: 12', false, '2026-03-05 16:13:20', '2026-03-05 16:13:20');
INSERT INTO "company_names" ("id", "customer_id", "company_name", "is_primary", "sort_order", "created_at", "updated_at") VALUES ('633c1db2-da6f-4a6b-809a-f28b5da0e982', '4c47e296-b202-44f7-b5c1-c62c92ab5859', 'HAIR 髮廊', true, 1, '2026-03-05 16:13:20', '2026-03-05 16:13:20');
INSERT INTO "company_names" ("id", "customer_id", "company_name", "is_primary", "sort_order", "created_at", "updated_at") VALUES ('d852d566-b46b-4687-97aa-adc80e48c878', '4c47e296-b202-44f7-b5c1-c62c92ab5859', '想享藝術企業社', false, 2, '2026-03-05 16:13:20', '2026-03-05 16:13:20');
INSERT INTO "locations" ("id", "customer_id", "name", "address", "is_primary", "sort_order", "created_at", "updated_at") VALUES ('3b541149-0eb9-4909-bf18-35b965104cec', '4c47e296-b202-44f7-b5c1-c62c92ab5859', '主要地址', '台北市承德路二段1巷38號1樓', true, 1, '2026-03-05 16:13:20', '2026-03-05 16:13:20');
INSERT INTO "locations" ("id", "customer_id", "name", "address", "is_primary", "sort_order", "created_at", "updated_at") VALUES ('77a25896-eed6-4f13-a00f-38934ee70e28', '4c47e296-b202-44f7-b5c1-c62c92ab5859', '分支地址2', '台北市中山區中山北路二段4之4號2樓', false, 2, '2026-03-05 16:13:20', '2026-03-05 16:13:20');
INSERT INTO "locations" ("id", "customer_id", "name", "address", "is_primary", "sort_order", "created_at", "updated_at") VALUES ('e8618b06-1cd1-4064-a959-cfd209de5145', '4c47e296-b202-44f7-b5c1-c62c92ab5859', '分支地址3', '台北市中山區南京東路一段2號7樓', false, 3, '2026-03-05 16:13:20', '2026-03-05 16:13:20');
INSERT INTO "locations" ("id", "customer_id", "name", "address", "is_primary", "sort_order", "created_at", "updated_at") VALUES ('d5197c50-13bb-4e8a-bc64-160df10ed469', '4c47e296-b202-44f7-b5c1-c62c92ab5859', '分支地址4', '台北市大同區赤峰街8巷22之1號2樓', false, 4, '2026-03-05 16:13:20', '2026-03-05 16:13:20');
INSERT INTO "locations" ("id", "customer_id", "name", "address", "is_primary", "sort_order", "created_at", "updated_at") VALUES ('485a5cde-dec9-4b3f-904d-16d149896ec8', '4c47e296-b202-44f7-b5c1-c62c92ab5859', '分支地址5', '台北市中正區金山北路3號1樓', false, 5, '2026-03-05 16:13:20', '2026-03-05 16:13:20');
INSERT INTO "contacts" ("id", "customer_id", "name", "phone", "mobile", "email", "fax", "is_primary", "sort_order", "created_at", "updated_at") VALUES ('2c9fb800-68aa-4fca-a2b7-0f262b36b5b3', '4c47e296-b202-44f7-b5c1-c62c92ab5859', 'Paddy', NULL, '0910-933-713', NULL, NULL, true, 1, '2026-03-05 16:13:20', '2026-03-05 16:13:20');
INSERT INTO "contacts" ("id", "customer_id", "name", "phone", "mobile", "email", "fax", "is_primary", "sort_order", "created_at", "updated_at") VALUES ('0df2296f-13e9-434a-92ef-f66e01de60b3', '4c47e296-b202-44f7-b5c1-c62c92ab5859', '劉先生', NULL, NULL, NULL, NULL, false, 2, '2026-03-05 16:13:20', '2026-03-05 16:13:20');
INSERT INTO "customers" ("id", "customer_number", "notes", "is_deleted", "created_at", "updated_at") VALUES ('b08b8066-c5ec-40bf-bdbe-6a85cfe30623', '20210315-C01', '原始報價編號: 20210315-006
報價紀錄: 20210315-006, 20210324-001
歷史成交數: 2', false, '2026-03-05 16:13:20', '2026-03-05 16:13:20');
INSERT INTO "company_names" ("id", "customer_id", "company_name", "is_primary", "sort_order", "created_at", "updated_at") VALUES ('82c9314d-1829-4ebb-ad6d-b67cb9942c5a', 'b08b8066-c5ec-40bf-bdbe-6a85cfe30623', '鴻盛科技有限公司', true, 1, '2026-03-05 16:13:20', '2026-03-05 16:13:20');
INSERT INTO "locations" ("id", "customer_id", "name", "address", "is_primary", "sort_order", "created_at", "updated_at") VALUES ('8f9d6d15-75aa-4de0-b410-68a34c7a087a', 'b08b8066-c5ec-40bf-bdbe-6a85cfe30623', '主要地址', '台北市南港區重陽路120號3樓306室', true, 1, '2026-03-05 16:13:20', '2026-03-05 16:13:20');
INSERT INTO "contacts" ("id", "customer_id", "name", "phone", "mobile", "email", "fax", "is_primary", "sort_order", "created_at", "updated_at") VALUES ('ce2535eb-0cb3-4b73-920f-647ebffd7073', 'b08b8066-c5ec-40bf-bdbe-6a85cfe30623', '鐘斌華 經理', '02-2719-2388 #201', '0933-916-582', NULL, NULL, true, 1, '2026-03-05 16:13:20', '2026-03-05 16:13:20');
INSERT INTO "customers" ("id", "customer_number", "notes", "is_deleted", "created_at", "updated_at") VALUES ('258cff06-f3a2-4100-a032-31c8c746e5b7', '20210317-C01', '原始報價編號: 20210317-005
報價紀錄: 20210317-005, 20210317-007, 20210317-008, 20210329-008
歷史成交數: 4', false, '2026-03-05 16:13:20', '2026-03-05 16:13:20');
INSERT INTO "company_names" ("id", "customer_id", "company_name", "is_primary", "sort_order", "created_at", "updated_at") VALUES ('c591e02e-8a12-4249-838d-e1894a19a75f', '258cff06-f3a2-4100-a032-31c8c746e5b7', '大有謙田有限公司', true, 1, '2026-03-05 16:13:20', '2026-03-05 16:13:20');
INSERT INTO "locations" ("id", "customer_id", "name", "address", "is_primary", "sort_order", "created_at", "updated_at") VALUES ('b26d10d4-bb7c-4667-b587-4b8e0901f494', '258cff06-f3a2-4100-a032-31c8c746e5b7', '主要地址', '台北市忠孝東路一段152號9樓之5', true, 1, '2026-03-05 16:13:20', '2026-03-05 16:13:20');
INSERT INTO "contacts" ("id", "customer_id", "name", "phone", "mobile", "email", "fax", "is_primary", "sort_order", "created_at", "updated_at") VALUES ('181b588d-0a1c-4c1d-b3c6-4e18bc55e8db', '258cff06-f3a2-4100-a032-31c8c746e5b7', '孫守仁 先生', '02-5580-1900', '0933-318-810', NULL, NULL, true, 1, '2026-03-05 16:13:20', '2026-03-05 16:13:20');
INSERT INTO "customers" ("id", "customer_number", "notes", "is_deleted", "created_at", "updated_at") VALUES ('b9ee9057-6de8-491a-867f-0b19ca7e443e', '20210317-C02', '原始報價編號: 20210317-010
報價紀錄: 20210317-010
歷史成交數: 1', false, '2026-03-05 16:13:20', '2026-03-05 16:13:20');
INSERT INTO "company_names" ("id", "customer_id", "company_name", "is_primary", "sort_order", "created_at", "updated_at") VALUES ('6f3c347c-a8d6-4de8-ae19-b5187aa01bf3', 'b9ee9057-6de8-491a-867f-0b19ca7e443e', '財團法人天主教耶穌會', true, 1, '2026-03-05 16:13:20', '2026-03-05 16:13:20');
INSERT INTO "locations" ("id", "customer_id", "name", "address", "is_primary", "sort_order", "created_at", "updated_at") VALUES ('f8d01717-9a37-4c96-90dd-c46e21077f9b', 'b9ee9057-6de8-491a-867f-0b19ca7e443e', '主要地址', '台北市辛亥路一段22號', true, 1, '2026-03-05 16:13:20', '2026-03-05 16:13:20');
INSERT INTO "contacts" ("id", "customer_id", "name", "phone", "mobile", "email", "fax", "is_primary", "sort_order", "created_at", "updated_at") VALUES ('37ccac18-c9c0-4d8c-8739-2a89d5267b15', 'b9ee9057-6de8-491a-867f-0b19ca7e443e', '蘇揚堯 先生', '02-2365-4205 #501', '0975-597-137', NULL, NULL, true, 1, '2026-03-05 16:13:20', '2026-03-05 16:13:20');
INSERT INTO "customers" ("id", "customer_number", "notes", "is_deleted", "created_at", "updated_at") VALUES ('3f666b4b-0738-4be3-bb91-066cd40601b4', '20210322-C01', '原始報價編號: 20210322-009
報價紀錄: 20210322-009, 20220425-005, 20230908-007
歷史成交數: 3', false, '2026-03-05 16:13:20', '2026-03-05 16:13:20');
INSERT INTO "company_names" ("id", "customer_id", "company_name", "is_primary", "sort_order", "created_at", "updated_at") VALUES ('89eecfe2-3c74-43c7-a015-3f0b4890f688', '3f666b4b-0738-4be3-bb91-066cd40601b4', '好侶股份有限公司', true, 1, '2026-03-05 16:13:20', '2026-03-05 16:13:20');
INSERT INTO "locations" ("id", "customer_id", "name", "address", "is_primary", "sort_order", "created_at", "updated_at") VALUES ('a111630e-4053-4c4f-9d5a-8ad651092b30', '3f666b4b-0738-4be3-bb91-066cd40601b4', '主要地址', '台北市松江路129號8樓A室', true, 1, '2026-03-05 16:13:20', '2026-03-05 16:13:20');
INSERT INTO "contacts" ("id", "customer_id", "name", "phone", "mobile", "email", "fax", "is_primary", "sort_order", "created_at", "updated_at") VALUES ('5047de0a-ecfd-4440-baab-327b41cadf5b', '3f666b4b-0738-4be3-bb91-066cd40601b4', '唐玉芬 小姐', '02-2778-7877 #16', NULL, NULL, NULL, true, 1, '2026-03-05 16:13:20', '2026-03-05 16:13:20');
INSERT INTO "contacts" ("id", "customer_id", "name", "phone", "mobile", "email", "fax", "is_primary", "sort_order", "created_at", "updated_at") VALUES ('6ba5be70-e35f-467c-b943-94d8f67a94c3', '3f666b4b-0738-4be3-bb91-066cd40601b4', '邵小姐', '02-2778-7877 #12', NULL, NULL, NULL, false, 2, '2026-03-05 16:13:20', '2026-03-05 16:13:20');
INSERT INTO "customers" ("id", "customer_number", "notes", "is_deleted", "created_at", "updated_at") VALUES ('df74b00a-7de6-40e2-ba35-b72b9a91d345', '20210324-C01', '原始報價編號: 20210324-005
報價紀錄: 20210324-005, 20210324-005, 20240205-015
歷史成交數: 3', false, '2026-03-05 16:13:20', '2026-03-05 16:13:20');
INSERT INTO "company_names" ("id", "customer_id", "company_name", "is_primary", "sort_order", "created_at", "updated_at") VALUES ('8ade8da5-9074-458d-9b16-69e2b48c8353', 'df74b00a-7de6-40e2-ba35-b72b9a91d345', '美商網基股份有限公司台灣分公司', true, 1, '2026-03-05 16:13:20', '2026-03-05 16:13:20');
INSERT INTO "locations" ("id", "customer_id", "name", "address", "is_primary", "sort_order", "created_at", "updated_at") VALUES ('513b4e75-31c1-40fb-88c1-98bb68196c22', 'df74b00a-7de6-40e2-ba35-b72b9a91d345', '主要地址', '台北市內湖區內湖路一段300號6樓之3', true, 1, '2026-03-05 16:13:20', '2026-03-05 16:13:20');
INSERT INTO "contacts" ("id", "customer_id", "name", "phone", "mobile", "email", "fax", "is_primary", "sort_order", "created_at", "updated_at") VALUES ('f8d50178-615f-4448-a375-0b0174f8fad4', 'df74b00a-7de6-40e2-ba35-b72b9a91d345', 'Betty Kuo', '02-8751-8865', NULL, NULL, NULL, true, 1, '2026-03-05 16:13:20', '2026-03-05 16:13:20');
INSERT INTO "customers" ("id", "customer_number", "notes", "is_deleted", "created_at", "updated_at") VALUES ('b04e6926-7253-4f4e-a6bd-36e95cc6541f', '20210324-C02', '原始報價編號: 20210324-007
報價紀錄: 20210324-007, 20210324-008, 20210426-005, 20210426-005, 20221103-005
歷史成交數: 5', false, '2026-03-05 16:13:20', '2026-03-05 16:13:20');
INSERT INTO "company_names" ("id", "customer_id", "company_name", "is_primary", "sort_order", "created_at", "updated_at") VALUES ('44033ec8-a570-4180-890c-ddaf88b567ef', 'b04e6926-7253-4f4e-a6bd-36e95cc6541f', '富捷登有限公司', true, 1, '2026-03-05 16:13:20', '2026-03-05 16:13:20');
INSERT INTO "locations" ("id", "customer_id", "name", "address", "is_primary", "sort_order", "created_at", "updated_at") VALUES ('e80e476c-8a7a-46f6-a8c3-b4c15ee6a8db', 'b04e6926-7253-4f4e-a6bd-36e95cc6541f', '主要地址', '台北市中正區衡陽路36號8樓', true, 1, '2026-03-05 16:13:20', '2026-03-05 16:13:20');
INSERT INTO "locations" ("id", "customer_id", "name", "address", "is_primary", "sort_order", "created_at", "updated_at") VALUES ('192c7b1a-f0d3-4499-b287-3603d70c95c2', 'b04e6926-7253-4f4e-a6bd-36e95cc6541f', '分支地址2', '台北市中正區重慶南路一段121號8樓之8', false, 2, '2026-03-05 16:13:20', '2026-03-05 16:13:20');
INSERT INTO "locations" ("id", "customer_id", "name", "address", "is_primary", "sort_order", "created_at", "updated_at") VALUES ('8bf49f85-189b-4d6f-a265-49289e452128', 'b04e6926-7253-4f4e-a6bd-36e95cc6541f', '分支地址3', '台北市衡陽路36號8樓', false, 3, '2026-03-05 16:13:20', '2026-03-05 16:13:20');
INSERT INTO "contacts" ("id", "customer_id", "name", "phone", "mobile", "email", "fax", "is_primary", "sort_order", "created_at", "updated_at") VALUES ('60f9a2de-a562-408f-a7ec-b8363b771be8', 'b04e6926-7253-4f4e-a6bd-36e95cc6541f', '盧慧娟 小姐', '02-2378-7266', '0910-075-299', NULL, NULL, true, 1, '2026-03-05 16:13:20', '2026-03-05 16:13:20');
INSERT INTO "contacts" ("id", "customer_id", "name", "phone", "mobile", "email", "fax", "is_primary", "sort_order", "created_at", "updated_at") VALUES ('7c2ea20c-d730-4b81-8e71-013ce254fa54', 'b04e6926-7253-4f4e-a6bd-36e95cc6541f', '邱先生', NULL, '0928-838-780', NULL, NULL, false, 2, '2026-03-05 16:13:20', '2026-03-05 16:13:20');
INSERT INTO "customers" ("id", "customer_number", "notes", "is_deleted", "created_at", "updated_at") VALUES ('55b78bc0-cc5d-4673-abcd-4c93c0d67b7c', '20210329-C01', '原始報價編號: 20210329-003
報價紀錄: 20210329-003, 20220217-009, 20240215-008, 20250903-005
歷史成交數: 4', false, '2026-03-05 16:13:20', '2026-03-05 16:13:20');
INSERT INTO "company_names" ("id", "customer_id", "company_name", "is_primary", "sort_order", "created_at", "updated_at") VALUES ('5ec1ff46-b013-4275-8ba9-cce882c48706', '55b78bc0-cc5d-4673-abcd-4c93c0d67b7c', '圓神出版社有限公司', true, 1, '2026-03-05 16:13:20', '2026-03-05 16:13:20');
INSERT INTO "company_names" ("id", "customer_id", "company_name", "is_primary", "sort_order", "created_at", "updated_at") VALUES ('fcbfd775-bbda-4108-9f7c-781ee6f31822', '55b78bc0-cc5d-4673-abcd-4c93c0d67b7c', '叩應股份有限公司', false, 2, '2026-03-05 16:13:20', '2026-03-05 16:13:20');
INSERT INTO "locations" ("id", "customer_id", "name", "address", "is_primary", "sort_order", "created_at", "updated_at") VALUES ('f84fd09e-eedf-4db1-ab23-702934ce7909', '55b78bc0-cc5d-4673-abcd-4c93c0d67b7c', '主要地址', '台北市信義區松平路132號13樓', true, 1, '2026-03-05 16:13:20', '2026-03-05 16:13:20');
INSERT INTO "locations" ("id", "customer_id", "name", "address", "is_primary", "sort_order", "created_at", "updated_at") VALUES ('47ffe6ae-5f32-4191-a06b-f67b592235ed', '55b78bc0-cc5d-4673-abcd-4c93c0d67b7c', '分支地址2', '新北市新店區寶興路45巷8弄7號4樓', false, 2, '2026-03-05 16:13:20', '2026-03-05 16:13:20');
INSERT INTO "locations" ("id", "customer_id", "name", "address", "is_primary", "sort_order", "created_at", "updated_at") VALUES ('5e8cb985-b33c-4040-a860-22a193b9408d', '55b78bc0-cc5d-4673-abcd-4c93c0d67b7c', '分支地址3', '台北市南京東路四段50號6樓之1', false, 3, '2026-03-05 16:13:20', '2026-03-05 16:13:20');
INSERT INTO "contacts" ("id", "customer_id", "name", "phone", "mobile", "email", "fax", "is_primary", "sort_order", "created_at", "updated_at") VALUES ('64d36258-5380-41f4-935c-c3a085217c81', '55b78bc0-cc5d-4673-abcd-4c93c0d67b7c', '劉鳳剛 副總經理', '02-2579-8800 #111', '0922-780-141', NULL, NULL, true, 1, '2026-03-05 16:13:20', '2026-03-05 16:13:20');
INSERT INTO "customers" ("id", "customer_number", "notes", "is_deleted", "created_at", "updated_at") VALUES ('46c65ce0-abc1-4692-b7fa-8ce7939f60ad', '20210329-C02', '原始報價編號: 20210329-004
報價紀錄: 20210329-004, 20220117-013, 20220330-003, 20221212-006, 20250514-008
歷史成交數: 5', false, '2026-03-05 16:13:20', '2026-03-05 16:13:20');
INSERT INTO "company_names" ("id", "customer_id", "company_name", "is_primary", "sort_order", "created_at", "updated_at") VALUES ('1a7aed8e-4ff2-44d3-8c71-03c6e7d33149', '46c65ce0-abc1-4692-b7fa-8ce7939f60ad', '四維企業股份有限公司', true, 1, '2026-03-05 16:13:20', '2026-03-05 16:13:20');
INSERT INTO "locations" ("id", "customer_id", "name", "address", "is_primary", "sort_order", "created_at", "updated_at") VALUES ('d5b76a83-dbb0-4ddb-89c2-6ae34b249f12', '46c65ce0-abc1-4692-b7fa-8ce7939f60ad', '主要地址', '新北市三重區光復路一段61巷12號1樓', true, 1, '2026-03-05 16:13:20', '2026-03-05 16:13:20');
INSERT INTO "contacts" ("id", "customer_id", "name", "phone", "mobile", "email", "fax", "is_primary", "sort_order", "created_at", "updated_at") VALUES ('9b00c167-48cc-4b4d-8b7b-a815ec549c18', '46c65ce0-abc1-4692-b7fa-8ce7939f60ad', '黃睦仁 先生', '02-2999-1111 #12748', '0930-042-732', NULL, NULL, true, 1, '2026-03-05 16:13:20', '2026-03-05 16:13:20');
INSERT INTO "contacts" ("id", "customer_id", "name", "phone", "mobile", "email", "fax", "is_primary", "sort_order", "created_at", "updated_at") VALUES ('8bccabe3-6993-47ea-82da-c9a5780549a8', '46c65ce0-abc1-4692-b7fa-8ce7939f60ad', 'Emrys', '02-2999-1111', NULL, NULL, NULL, false, 2, '2026-03-05 16:13:20', '2026-03-05 16:13:20');
INSERT INTO "contacts" ("id", "customer_id", "name", "phone", "mobile", "email", "fax", "is_primary", "sort_order", "created_at", "updated_at") VALUES ('d600ac15-f1db-4cea-b087-9590ae607855', '46c65ce0-abc1-4692-b7fa-8ce7939f60ad', '林先生', '02-2999-1111 #12374', NULL, NULL, NULL, false, 3, '2026-03-05 16:13:20', '2026-03-05 16:13:20');
INSERT INTO "contacts" ("id", "customer_id", "name", "phone", "mobile", "email", "fax", "is_primary", "sort_order", "created_at", "updated_at") VALUES ('49324845-500d-406f-be7c-90d61e3bbcea', '46c65ce0-abc1-4692-b7fa-8ce7939f60ad', '徐小姐', NULL, NULL, NULL, NULL, false, 4, '2026-03-05 16:13:20', '2026-03-05 16:13:20');
INSERT INTO "customers" ("id", "customer_number", "notes", "is_deleted", "created_at", "updated_at") VALUES ('d816e99b-83d4-4448-bb49-9e2d22ef96da', '20210330-C01', '原始報價編號: 20210330-005
報價紀錄: 20210330-005
歷史成交數: 1', false, '2026-03-05 16:13:20', '2026-03-05 16:13:20');
INSERT INTO "company_names" ("id", "customer_id", "company_name", "is_primary", "sort_order", "created_at", "updated_at") VALUES ('b1765777-371f-414c-a5f3-c58769b32396', 'd816e99b-83d4-4448-bb49-9e2d22ef96da', '辰浩科技有限公司', true, 1, '2026-03-05 16:13:20', '2026-03-05 16:13:20');
INSERT INTO "locations" ("id", "customer_id", "name", "address", "is_primary", "sort_order", "created_at", "updated_at") VALUES ('8344d11d-b485-4aa3-961e-96f7376c9af8', 'd816e99b-83d4-4448-bb49-9e2d22ef96da', '主要地址', '新北市板橋區信義路163巷4號8樓', true, 1, '2026-03-05 16:13:20', '2026-03-05 16:13:20');
INSERT INTO "contacts" ("id", "customer_id", "name", "phone", "mobile", "email", "fax", "is_primary", "sort_order", "created_at", "updated_at") VALUES ('c2283bdf-6c5d-4086-a277-bb83ceb80951', 'd816e99b-83d4-4448-bb49-9e2d22ef96da', 'Richard Chiang', '02-8953-6876', NULL, NULL, NULL, true, 1, '2026-03-05 16:13:20', '2026-03-05 16:13:20');
INSERT INTO "customers" ("id", "customer_number", "notes", "is_deleted", "created_at", "updated_at") VALUES ('89384fa9-f5c1-4094-8c7e-ba7077cab2c6', '20210408-C01', '原始報價編號: 20210408-008
報價紀錄: 20210408-008
歷史成交數: 1', false, '2026-03-05 16:13:20', '2026-03-05 16:13:20');
INSERT INTO "company_names" ("id", "customer_id", "company_name", "is_primary", "sort_order", "created_at", "updated_at") VALUES ('6aac2b37-82d5-4ebd-bac4-5a8e78f298a7', '89384fa9-f5c1-4094-8c7e-ba7077cab2c6', '埕間設計顧問有限公司', true, 1, '2026-03-05 16:13:20', '2026-03-05 16:13:20');
INSERT INTO "locations" ("id", "customer_id", "name", "address", "is_primary", "sort_order", "created_at", "updated_at") VALUES ('5ff1f29b-c6a5-457f-aa96-4917cc0d38e1', '89384fa9-f5c1-4094-8c7e-ba7077cab2c6', '主要地址', '台北市羅斯福路五段269巷30號1樓', true, 1, '2026-03-05 16:13:20', '2026-03-05 16:13:20');
INSERT INTO "contacts" ("id", "customer_id", "name", "phone", "mobile", "email", "fax", "is_primary", "sort_order", "created_at", "updated_at") VALUES ('b5ba2d92-6b65-42fd-8c94-8fb7c251a45e', '89384fa9-f5c1-4094-8c7e-ba7077cab2c6', '莊元瑋 先生', '02-8789-0311', '0926-745-172', NULL, NULL, true, 1, '2026-03-05 16:13:20', '2026-03-05 16:13:20');
INSERT INTO "customers" ("id", "customer_number", "notes", "is_deleted", "created_at", "updated_at") VALUES ('cd901795-89b5-4ca7-a2b9-a0bf911bcbf1', '20210412-C01', '原始報價編號: 20210412-003
報價紀錄: 20210412-003, 20210625-009, 20210916-009, 20210922-016, 20210927-003, 20211012-008, 20220808-009
歷史成交數: 7', false, '2026-03-05 16:13:20', '2026-03-05 16:13:20');
INSERT INTO "company_names" ("id", "customer_id", "company_name", "is_primary", "sort_order", "created_at", "updated_at") VALUES ('40c6b97b-070e-466e-90fa-5efac8b1b73c', 'cd901795-89b5-4ca7-a2b9-a0bf911bcbf1', '紅光娛樂媒體行銷有限公司', true, 1, '2026-03-05 16:13:20', '2026-03-05 16:13:20');
INSERT INTO "company_names" ("id", "customer_id", "company_name", "is_primary", "sort_order", "created_at", "updated_at") VALUES ('4e4833cc-90e5-4a96-8739-f40e8c516d99', 'cd901795-89b5-4ca7-a2b9-a0bf911bcbf1', '優樂策略行銷有限公司', false, 2, '2026-03-05 16:13:20', '2026-03-05 16:13:20');
INSERT INTO "company_names" ("id", "customer_id", "company_name", "is_primary", "sort_order", "created_at", "updated_at") VALUES ('540c4dba-92a5-4e8a-b5b7-ee0c624d1f73', 'cd901795-89b5-4ca7-a2b9-a0bf911bcbf1', '貝斯特整合行銷有限公司', false, 3, '2026-03-05 16:13:20', '2026-03-05 16:13:20');
INSERT INTO "locations" ("id", "customer_id", "name", "address", "is_primary", "sort_order", "created_at", "updated_at") VALUES ('268fd8a9-0f09-4028-9034-240fb9e15002', 'cd901795-89b5-4ca7-a2b9-a0bf911bcbf1', '主要地址', '台北市信義區忠孝東路四段560號6樓之1', true, 1, '2026-03-05 16:13:20', '2026-03-05 16:13:20');
INSERT INTO "locations" ("id", "customer_id", "name", "address", "is_primary", "sort_order", "created_at", "updated_at") VALUES ('4c7898dd-05d7-404d-af40-0ed3e7724be1', 'cd901795-89b5-4ca7-a2b9-a0bf911bcbf1', '分支地址2', '台北市信義區文昌街316號5樓', false, 2, '2026-03-05 16:13:20', '2026-03-05 16:13:20');
INSERT INTO "locations" ("id", "customer_id", "name", "address", "is_primary", "sort_order", "created_at", "updated_at") VALUES ('9c042e15-3355-4b8f-939c-00f877f6bd1b', 'cd901795-89b5-4ca7-a2b9-a0bf911bcbf1', '分支地址3', '台北市松山區復興南路一段27號10樓', false, 3, '2026-03-05 16:13:20', '2026-03-05 16:13:20');
INSERT INTO "locations" ("id", "customer_id", "name", "address", "is_primary", "sort_order", "created_at", "updated_at") VALUES ('037d4f2b-6a1e-46f3-a7b1-f54c06d4aa31', 'cd901795-89b5-4ca7-a2b9-a0bf911bcbf1', '分支地址4', '台北市信義區基隆路一段432號12樓之6', false, 4, '2026-03-05 16:13:20', '2026-03-05 16:13:20');
INSERT INTO "locations" ("id", "customer_id", "name", "address", "is_primary", "sort_order", "created_at", "updated_at") VALUES ('9e6965cd-8e62-4180-8659-b9e88cc2f1bb', 'cd901795-89b5-4ca7-a2b9-a0bf911bcbf1', '分支地址5', '台北市基隆路一段380號10樓', false, 5, '2026-03-05 16:13:20', '2026-03-05 16:13:20');
INSERT INTO "contacts" ("id", "customer_id", "name", "phone", "mobile", "email", "fax", "is_primary", "sort_order", "created_at", "updated_at") VALUES ('5c6eb5a0-2ebd-4dbc-ac54-1e973b2caf3f', 'cd901795-89b5-4ca7-a2b9-a0bf911bcbf1', 'Niko', NULL, '0971-835-612', NULL, NULL, true, 1, '2026-03-05 16:13:20', '2026-03-05 16:13:20');
INSERT INTO "contacts" ("id", "customer_id", "name", "phone", "mobile", "email", "fax", "is_primary", "sort_order", "created_at", "updated_at") VALUES ('2d95ce22-a541-4964-b4a7-c7a0d4aa2858', 'cd901795-89b5-4ca7-a2b9-a0bf911bcbf1', '劉哲翰 先生', NULL, '0930-543-912', NULL, NULL, false, 2, '2026-03-05 16:13:20', '2026-03-05 16:13:20');
INSERT INTO "contacts" ("id", "customer_id", "name", "phone", "mobile", "email", "fax", "is_primary", "sort_order", "created_at", "updated_at") VALUES ('23b6d7d6-a8b7-4707-b84a-dc98d9c3649b', 'cd901795-89b5-4ca7-a2b9-a0bf911bcbf1', '劉先生', NULL, NULL, NULL, NULL, false, 3, '2026-03-05 16:13:20', '2026-03-05 16:13:20');
INSERT INTO "customers" ("id", "customer_number", "notes", "is_deleted", "created_at", "updated_at") VALUES ('66251e49-8ee1-4a39-a62f-6e34f203421e', '20210413-C01', '原始報價編號: 20210413-003
報價紀錄: 20210413-003, 20211019-005
歷史成交數: 2', false, '2026-03-05 16:13:20', '2026-03-05 16:13:20');
INSERT INTO "company_names" ("id", "customer_id", "company_name", "is_primary", "sort_order", "created_at", "updated_at") VALUES ('c988edc5-315e-4da4-9bf9-ddadaf8bbd8b', '66251e49-8ee1-4a39-a62f-6e34f203421e', '第一建築經理股份有限公司', true, 1, '2026-03-05 16:13:20', '2026-03-05 16:13:20');
INSERT INTO "locations" ("id", "customer_id", "name", "address", "is_primary", "sort_order", "created_at", "updated_at") VALUES ('b152b161-0b6c-47b1-92ef-9006266600d1', '66251e49-8ee1-4a39-a62f-6e34f203421e', '主要地址', '台北市敦化北路88號11樓之1', true, 1, '2026-03-05 16:13:20', '2026-03-05 16:13:20');
INSERT INTO "contacts" ("id", "customer_id", "name", "phone", "mobile", "email", "fax", "is_primary", "sort_order", "created_at", "updated_at") VALUES ('5c219e81-b262-4edd-965f-e76966cf68ae', '66251e49-8ee1-4a39-a62f-6e34f203421e', '劉先生', '02-2772-0111 #888', '0928-590-425', NULL, NULL, true, 1, '2026-03-05 16:13:20', '2026-03-05 16:13:20');
INSERT INTO "contacts" ("id", "customer_id", "name", "phone", "mobile", "email", "fax", "is_primary", "sort_order", "created_at", "updated_at") VALUES ('2079c816-192d-475f-899b-ec94154b67fa', '66251e49-8ee1-4a39-a62f-6e34f203421e', '蕭家津 小姐', '02-2750-8811 #122', '0963-060-418', NULL, NULL, false, 2, '2026-03-05 16:13:20', '2026-03-05 16:13:20');
INSERT INTO "customers" ("id", "customer_number", "notes", "is_deleted", "created_at", "updated_at") VALUES ('9b96012a-a7a6-45d8-bb84-c6a7f51630a7', '20210416-C01', '原始報價編號: 20210416-005
報價紀錄: 20210416-005, 20231225-012, 20240728-005
歷史成交數: 3', false, '2026-03-05 16:13:20', '2026-03-05 16:13:20');
INSERT INTO "company_names" ("id", "customer_id", "company_name", "is_primary", "sort_order", "created_at", "updated_at") VALUES ('644d5559-73a6-4384-bcc5-49334bcf0b33', '9b96012a-a7a6-45d8-bb84-c6a7f51630a7', '廣豐勝科技有限公司', true, 1, '2026-03-05 16:13:20', '2026-03-05 16:13:20');
INSERT INTO "locations" ("id", "customer_id", "name", "address", "is_primary", "sort_order", "created_at", "updated_at") VALUES ('1fb35afc-d21b-4599-b6f9-559e3d41cf12', '9b96012a-a7a6-45d8-bb84-c6a7f51630a7', '主要地址', '台北市大安區忠孝東路四段181巷10弄15號2樓', true, 1, '2026-03-05 16:13:20', '2026-03-05 16:13:20');
INSERT INTO "locations" ("id", "customer_id", "name", "address", "is_primary", "sort_order", "created_at", "updated_at") VALUES ('a221a62c-3bf6-48cd-9439-c2ae4845f07b', '9b96012a-a7a6-45d8-bb84-c6a7f51630a7', '分支地址2', '台北市大安區忠孝東路四段181巷10弄15號2F', false, 2, '2026-03-05 16:13:20', '2026-03-05 16:13:20');
INSERT INTO "contacts" ("id", "customer_id", "name", "phone", "mobile", "email", "fax", "is_primary", "sort_order", "created_at", "updated_at") VALUES ('53a7a1c2-f1af-44e7-840b-27f3c8448916', '9b96012a-a7a6-45d8-bb84-c6a7f51630a7', '謝筱箐 小姐', '02-2731-3670', '0919-058-499', NULL, NULL, true, 1, '2026-03-05 16:13:20', '2026-03-05 16:13:20');
INSERT INTO "contacts" ("id", "customer_id", "name", "phone", "mobile", "email", "fax", "is_primary", "sort_order", "created_at", "updated_at") VALUES ('331af89f-c5b4-4555-894a-58a951a18003', '9b96012a-a7a6-45d8-bb84-c6a7f51630a7', '謝小姐', '02-2731-3670 #61', NULL, NULL, NULL, false, 2, '2026-03-05 16:13:20', '2026-03-05 16:13:20');
INSERT INTO "contacts" ("id", "customer_id", "name", "phone", "mobile", "email", "fax", "is_primary", "sort_order", "created_at", "updated_at") VALUES ('a32a08f8-83b8-4e99-bb65-f43c2185a68f', '9b96012a-a7a6-45d8-bb84-c6a7f51630a7', '鄭小姐', NULL, NULL, NULL, NULL, false, 3, '2026-03-05 16:13:20', '2026-03-05 16:13:20');
INSERT INTO "customers" ("id", "customer_number", "notes", "is_deleted", "created_at", "updated_at") VALUES ('24b39c8b-19db-4596-8572-e10052cdf9df', '20210419-C01', '原始報價編號: 20210419-008
報價紀錄: 20210419-008, 20211021-009, 20240821-007, 20250507-003
歷史成交數: 4', false, '2026-03-05 16:13:20', '2026-03-05 16:13:20');
INSERT INTO "company_names" ("id", "customer_id", "company_name", "is_primary", "sort_order", "created_at", "updated_at") VALUES ('582c48dc-36b2-4812-aedb-3618d25fe59c', '24b39c8b-19db-4596-8572-e10052cdf9df', '世大科技有限公司', true, 1, '2026-03-05 16:13:20', '2026-03-05 16:13:20');
INSERT INTO "company_names" ("id", "customer_id", "company_name", "is_primary", "sort_order", "created_at", "updated_at") VALUES ('7453ca72-de47-486c-a566-1e51a713264d', '24b39c8b-19db-4596-8572-e10052cdf9df', '優實安全衛生管理顧問有限公司', false, 2, '2026-03-05 16:13:20', '2026-03-05 16:13:20');
INSERT INTO "company_names" ("id", "customer_id", "company_name", "is_primary", "sort_order", "created_at", "updated_at") VALUES ('2790c339-61fc-440f-929a-4daa517c54bf', '24b39c8b-19db-4596-8572-e10052cdf9df', '優實檢驗股份有限公司', false, 3, '2026-03-05 16:13:20', '2026-03-05 16:13:20');
INSERT INTO "locations" ("id", "customer_id", "name", "address", "is_primary", "sort_order", "created_at", "updated_at") VALUES ('53a64a2e-f746-47ed-a2ea-dce6dd2f0a93', '24b39c8b-19db-4596-8572-e10052cdf9df', '主要地址', '台北市中正區杭州南路一段23號11樓之4', true, 1, '2026-03-05 16:13:20', '2026-03-05 16:13:20');
INSERT INTO "locations" ("id", "customer_id", "name", "address", "is_primary", "sort_order", "created_at", "updated_at") VALUES ('af306de4-4103-4449-8169-ef9bf349b9cf', '24b39c8b-19db-4596-8572-e10052cdf9df', '分支地址2', '新北市中和區橋和路88號6樓', false, 2, '2026-03-05 16:13:20', '2026-03-05 16:13:20');
INSERT INTO "contacts" ("id", "customer_id", "name", "phone", "mobile", "email", "fax", "is_primary", "sort_order", "created_at", "updated_at") VALUES ('d2e11d2a-3d93-47b9-9888-7ef0dc822001', '24b39c8b-19db-4596-8572-e10052cdf9df', '郭小姐', '2391-6201', NULL, NULL, NULL, true, 1, '2026-03-05 16:13:20', '2026-03-05 16:13:20');
INSERT INTO "contacts" ("id", "customer_id", "name", "phone", "mobile", "email", "fax", "is_primary", "sort_order", "created_at", "updated_at") VALUES ('b357922d-8b64-4892-a89f-ad0c2ef68d08', '24b39c8b-19db-4596-8572-e10052cdf9df', '郭美吟 小姐', '02-2396-0311 #11', NULL, NULL, NULL, false, 2, '2026-03-05 16:13:20', '2026-03-05 16:13:20');
INSERT INTO "customers" ("id", "customer_number", "notes", "is_deleted", "created_at", "updated_at") VALUES ('1d82ae82-8be8-4a58-9047-74ea42237bae', '20210420-C01', '原始報價編號: 20210420-005
報價紀錄: 20210420-005, 20220207-003
歷史成交數: 2', false, '2026-03-05 16:13:20', '2026-03-05 16:13:20');
INSERT INTO "company_names" ("id", "customer_id", "company_name", "is_primary", "sort_order", "created_at", "updated_at") VALUES ('c20b9c39-137d-48a4-87b7-702a1506a83b', '1d82ae82-8be8-4a58-9047-74ea42237bae', '龍德造船工業股份有限公司', true, 1, '2026-03-05 16:13:20', '2026-03-05 16:13:20');
INSERT INTO "locations" ("id", "customer_id", "name", "address", "is_primary", "sort_order", "created_at", "updated_at") VALUES ('9829a817-7187-4a50-8bf6-4cdbad01dccf', '1d82ae82-8be8-4a58-9047-74ea42237bae', '主要地址', '宜蘭縣冬山鄉德興五路15號', true, 1, '2026-03-05 16:13:20', '2026-03-05 16:13:20');
INSERT INTO "contacts" ("id", "customer_id", "name", "phone", "mobile", "email", "fax", "is_primary", "sort_order", "created_at", "updated_at") VALUES ('7783c540-d0de-4754-a1db-1fe72086025b', '1d82ae82-8be8-4a58-9047-74ea42237bae', '林惠蘭 小姐', '03-990-1166 #109', NULL, NULL, NULL, true, 1, '2026-03-05 16:13:20', '2026-03-05 16:13:20');
INSERT INTO "customers" ("id", "customer_number", "notes", "is_deleted", "created_at", "updated_at") VALUES ('ed6fdb9b-d78c-47a8-8c29-346203467328', '20210421-C01', '原始報價編號: 20210421-008
報價紀錄: 20210421-008
歷史成交數: 1', false, '2026-03-05 16:13:20', '2026-03-05 16:13:20');
INSERT INTO "company_names" ("id", "customer_id", "company_name", "is_primary", "sort_order", "created_at", "updated_at") VALUES ('0caf1934-7fe2-4019-9530-3b10627e2cf6', 'ed6fdb9b-d78c-47a8-8c29-346203467328', '德毅國際顧問有限公司', true, 1, '2026-03-05 16:13:20', '2026-03-05 16:13:20');
INSERT INTO "locations" ("id", "customer_id", "name", "address", "is_primary", "sort_order", "created_at", "updated_at") VALUES ('a6491f6d-551f-4889-b19e-2e9952c36ae2', 'ed6fdb9b-d78c-47a8-8c29-346203467328', '主要地址', '台北市信義區基隆路一段432號3樓之5', true, 1, '2026-03-05 16:13:20', '2026-03-05 16:13:20');
INSERT INTO "contacts" ("id", "customer_id", "name", "phone", "mobile", "email", "fax", "is_primary", "sort_order", "created_at", "updated_at") VALUES ('8ff134c8-5ad7-476f-8d6a-b938bc6b8bdd', 'ed6fdb9b-d78c-47a8-8c29-346203467328', '周先生', NULL, '0956-368-333', NULL, NULL, true, 1, '2026-03-05 16:13:20', '2026-03-05 16:13:20');
INSERT INTO "customers" ("id", "customer_number", "notes", "is_deleted", "created_at", "updated_at") VALUES ('2824c39c-247b-4494-bf8d-919e24623cf5', '20210428-C01', '原始報價編號: 20210428-003
報價紀錄: 20210428-003, 20230914-005
歷史成交數: 2', false, '2026-03-05 16:13:20', '2026-03-05 16:13:20');
INSERT INTO "company_names" ("id", "customer_id", "company_name", "is_primary", "sort_order", "created_at", "updated_at") VALUES ('a185db0d-be66-40a1-9b40-b4e36b48270c', '2824c39c-247b-4494-bf8d-919e24623cf5', '阿福股份有限公司', true, 1, '2026-03-05 16:13:20', '2026-03-05 16:13:20');
INSERT INTO "locations" ("id", "customer_id", "name", "address", "is_primary", "sort_order", "created_at", "updated_at") VALUES ('db9987b7-6971-4724-8daa-7b80947d9656', '2824c39c-247b-4494-bf8d-919e24623cf5', '主要地址', '台北市信義區信義路五段2號13樓', true, 1, '2026-03-05 16:13:20', '2026-03-05 16:13:20');
INSERT INTO "locations" ("id", "customer_id", "name", "address", "is_primary", "sort_order", "created_at", "updated_at") VALUES ('0e6b0b56-1da5-4ab4-8616-e6f5a889ed02', '2824c39c-247b-4494-bf8d-919e24623cf5', '分支地址2', '台北市信義區信義路五段2號13樓', false, 2, '2026-03-05 16:13:20', '2026-03-05 16:13:20');
INSERT INTO "contacts" ("id", "customer_id", "name", "phone", "mobile", "email", "fax", "is_primary", "sort_order", "created_at", "updated_at") VALUES ('cfac625b-ca29-44c5-bc3b-450cd3071ca4', '2824c39c-247b-4494-bf8d-919e24623cf5', 'Elsa Wu', '02-2523-5556', '0965-239-262', NULL, NULL, true, 1, '2026-03-05 16:13:20', '2026-03-05 16:13:20');
INSERT INTO "customers" ("id", "customer_number", "notes", "is_deleted", "created_at", "updated_at") VALUES ('4e81cc75-a2da-4a6b-8cb1-2d4e8d80afba', '20210429-C01', '原始報價編號: 20210429-006
報價紀錄: 20210429-006, 20210723-001, 20210723-001, 20241118-005, 20241216-003, 20251229-003
歷史成交數: 6', false, '2026-03-05 16:13:20', '2026-03-05 16:13:20');
INSERT INTO "company_names" ("id", "customer_id", "company_name", "is_primary", "sort_order", "created_at", "updated_at") VALUES ('06ef6f4b-2873-4d5a-8f6e-47622f43680c', '4e81cc75-a2da-4a6b-8cb1-2d4e8d80afba', '松昱國際商務股份有限公司', true, 1, '2026-03-05 16:13:20', '2026-03-05 16:13:20');
INSERT INTO "locations" ("id", "customer_id", "name", "address", "is_primary", "sort_order", "created_at", "updated_at") VALUES ('4a010fbc-23df-482f-a7b0-8e1c57847ce2', '4e81cc75-a2da-4a6b-8cb1-2d4e8d80afba', '主要地址', '台北市中山區松江路315號11樓', true, 1, '2026-03-05 16:13:20', '2026-03-05 16:13:20');
INSERT INTO "locations" ("id", "customer_id", "name", "address", "is_primary", "sort_order", "created_at", "updated_at") VALUES ('70ff1a93-4aae-4174-99cf-f524171db9cf', '4e81cc75-a2da-4a6b-8cb1-2d4e8d80afba', '分支地址2', '台北市中山區松江路315號11樓', false, 2, '2026-03-05 16:13:20', '2026-03-05 16:13:20');
INSERT INTO "contacts" ("id", "customer_id", "name", "phone", "mobile", "email", "fax", "is_primary", "sort_order", "created_at", "updated_at") VALUES ('97784f29-89f6-4866-ad28-199f9ede10d1', '4e81cc75-a2da-4a6b-8cb1-2d4e8d80afba', '王芯怡 小姐', '02-2503-0808', '0989-901-469', NULL, NULL, true, 1, '2026-03-05 16:13:20', '2026-03-05 16:13:20');
INSERT INTO "contacts" ("id", "customer_id", "name", "phone", "mobile", "email", "fax", "is_primary", "sort_order", "created_at", "updated_at") VALUES ('b9f1ec4a-f9bb-41c4-8d01-ead5230b7f46', '4e81cc75-a2da-4a6b-8cb1-2d4e8d80afba', '任依仁 先生', NULL, '0970-756-185', NULL, NULL, false, 2, '2026-03-05 16:13:20', '2026-03-05 16:13:20');
INSERT INTO "contacts" ("id", "customer_id", "name", "phone", "mobile", "email", "fax", "is_primary", "sort_order", "created_at", "updated_at") VALUES ('c2b7759d-1294-45f3-aba8-c18273db7fff', '4e81cc75-a2da-4a6b-8cb1-2d4e8d80afba', '侯小姐', NULL, NULL, NULL, NULL, false, 3, '2026-03-05 16:13:20', '2026-03-05 16:13:20');
INSERT INTO "contacts" ("id", "customer_id", "name", "phone", "mobile", "email", "fax", "is_primary", "sort_order", "created_at", "updated_at") VALUES ('205ac743-5dca-405a-884e-7382882e907b', '4e81cc75-a2da-4a6b-8cb1-2d4e8d80afba', '侯怡芸 小姐', NULL, NULL, NULL, NULL, false, 4, '2026-03-05 16:13:20', '2026-03-05 16:13:20');
INSERT INTO "customers" ("id", "customer_number", "notes", "is_deleted", "created_at", "updated_at") VALUES ('fcfec80a-7892-4865-a50e-198595fde8d7', '20210504-C01', '原始報價編號: 20210504-008
報價紀錄: 20210504-008
歷史成交數: 1', false, '2026-03-05 16:13:20', '2026-03-05 16:13:20');
INSERT INTO "company_names" ("id", "customer_id", "company_name", "is_primary", "sort_order", "created_at", "updated_at") VALUES ('06a5fe48-28c9-4950-b1a2-e9f811e4cdf1', 'fcfec80a-7892-4865-a50e-198595fde8d7', '中華民國新女性聯合會', true, 1, '2026-03-05 16:13:20', '2026-03-05 16:13:20');
INSERT INTO "locations" ("id", "customer_id", "name", "address", "is_primary", "sort_order", "created_at", "updated_at") VALUES ('c993bc84-d03e-47cf-b43f-48cd74d50aaa', 'fcfec80a-7892-4865-a50e-198595fde8d7', '主要地址', '台北市中正區南昌路一段114號4樓', true, 1, '2026-03-05 16:13:20', '2026-03-05 16:13:20');
INSERT INTO "contacts" ("id", "customer_id", "name", "phone", "mobile", "email", "fax", "is_primary", "sort_order", "created_at", "updated_at") VALUES ('a12d2352-4e49-4278-b6ba-07499b5aec11', 'fcfec80a-7892-4865-a50e-198595fde8d7', '吳湘媚 秘書', '02-2322-3065', NULL, NULL, NULL, true, 1, '2026-03-05 16:13:20', '2026-03-05 16:13:20');
INSERT INTO "customers" ("id", "customer_number", "notes", "is_deleted", "created_at", "updated_at") VALUES ('529f1e13-4b51-4dea-ae49-86ca1d8bb072', '20210505-C01', '原始報價編號: 20210505-006
報價紀錄: 20210505-006, 20220210-006
歷史成交數: 2', false, '2026-03-05 16:13:20', '2026-03-05 16:13:20');
INSERT INTO "company_names" ("id", "customer_id", "company_name", "is_primary", "sort_order", "created_at", "updated_at") VALUES ('4f5b685b-6ffc-45a4-845a-d4b9288e5efb', '529f1e13-4b51-4dea-ae49-86ca1d8bb072', '新加坡商遠豪科技有限公司台灣分公司', true, 1, '2026-03-05 16:13:20', '2026-03-05 16:13:20');
INSERT INTO "locations" ("id", "customer_id", "name", "address", "is_primary", "sort_order", "created_at", "updated_at") VALUES ('d121c32b-70a7-4ab4-8e68-491d764a02d8', '529f1e13-4b51-4dea-ae49-86ca1d8bb072', '主要地址', '台北市中山區建國北路二段82號3樓', true, 1, '2026-03-05 16:13:20', '2026-03-05 16:13:20');
INSERT INTO "contacts" ("id", "customer_id", "name", "phone", "mobile", "email", "fax", "is_primary", "sort_order", "created_at", "updated_at") VALUES ('4c28698c-6359-4b7a-8e6c-98a11e277764', '529f1e13-4b51-4dea-ae49-86ca1d8bb072', '蕭小姐', NULL, '0911-355-579', NULL, NULL, true, 1, '2026-03-05 16:13:20', '2026-03-05 16:13:20');
INSERT INTO "customers" ("id", "customer_number", "notes", "is_deleted", "created_at", "updated_at") VALUES ('4ab56c64-ac24-42f2-8a76-0c078ef4b62d', '20210505-C02', '原始報價編號: 20210505-008
報價紀錄: 20210505-008, 20221129-009, 20221130-005, 20221205-003, 20230511-007
歷史成交數: 5', false, '2026-03-05 16:13:20', '2026-03-05 16:13:20');
INSERT INTO "company_names" ("id", "customer_id", "company_name", "is_primary", "sort_order", "created_at", "updated_at") VALUES ('a25c137c-f90b-45be-b476-074f493765f4', '4ab56c64-ac24-42f2-8a76-0c078ef4b62d', '華光百貨有限公司', true, 1, '2026-03-05 16:13:20', '2026-03-05 16:13:20');
INSERT INTO "locations" ("id", "customer_id", "name", "address", "is_primary", "sort_order", "created_at", "updated_at") VALUES ('6100a32f-b680-4abc-9d08-cb2b9769dd5e', '4ab56c64-ac24-42f2-8a76-0c078ef4b62d', '主要地址', '台北市松山區八德路2段374號12樓之9', true, 1, '2026-03-05 16:13:20', '2026-03-05 16:13:20');
INSERT INTO "contacts" ("id", "customer_id", "name", "phone", "mobile", "email", "fax", "is_primary", "sort_order", "created_at", "updated_at") VALUES ('47a835cd-88dd-4180-b361-b864091c058c', '4ab56c64-ac24-42f2-8a76-0c078ef4b62d', '鄭小姐', '02-2741-2859', '0933-701-273', NULL, NULL, true, 1, '2026-03-05 16:13:20', '2026-03-05 16:13:20');
INSERT INTO "customers" ("id", "customer_number", "notes", "is_deleted", "created_at", "updated_at") VALUES ('b0f70046-7c9f-4521-ad98-3cf016d86290', '20210512-C01', '原始報價編號: 20210512-010
報價紀錄: 20210512-010, 20211206-012, 20220704-006, 20220712-009
歷史成交數: 4', false, '2026-03-05 16:13:20', '2026-03-05 16:13:20');
INSERT INTO "company_names" ("id", "customer_id", "company_name", "is_primary", "sort_order", "created_at", "updated_at") VALUES ('9658642a-ed4e-41cb-ae18-b16ee4f78067', 'b0f70046-7c9f-4521-ad98-3cf016d86290', '十三月股份有限公司', true, 1, '2026-03-05 16:13:20', '2026-03-05 16:13:20');
INSERT INTO "locations" ("id", "customer_id", "name", "address", "is_primary", "sort_order", "created_at", "updated_at") VALUES ('42df4e33-8ffb-4dfc-935a-50183a3cc2ae', 'b0f70046-7c9f-4521-ad98-3cf016d86290', '主要地址', '台北市內湖區內湖路一段324號9樓', true, 1, '2026-03-05 16:13:20', '2026-03-05 16:13:20');
INSERT INTO "contacts" ("id", "customer_id", "name", "phone", "mobile", "email", "fax", "is_primary", "sort_order", "created_at", "updated_at") VALUES ('a8b132ec-9c15-4377-964b-704527e27be7', 'b0f70046-7c9f-4521-ad98-3cf016d86290', '蕭小姐', '02-2656-0711', '0963-305-023', NULL, NULL, true, 1, '2026-03-05 16:13:20', '2026-03-05 16:13:20');
INSERT INTO "contacts" ("id", "customer_id", "name", "phone", "mobile", "email", "fax", "is_primary", "sort_order", "created_at", "updated_at") VALUES ('19cd4f20-0d30-413c-92ca-9bdc80fea445', 'b0f70046-7c9f-4521-ad98-3cf016d86290', '典典', NULL, NULL, NULL, NULL, false, 2, '2026-03-05 16:13:20', '2026-03-05 16:13:20');
INSERT INTO "contacts" ("id", "customer_id", "name", "phone", "mobile", "email", "fax", "is_primary", "sort_order", "created_at", "updated_at") VALUES ('c4981eaa-7f9d-4165-8ca4-c2769232a0b1', 'b0f70046-7c9f-4521-ad98-3cf016d86290', '小點 小姐', NULL, NULL, NULL, NULL, false, 3, '2026-03-05 16:13:20', '2026-03-05 16:13:20');
INSERT INTO "customers" ("id", "customer_number", "notes", "is_deleted", "created_at", "updated_at") VALUES ('490060e7-e317-4e45-a173-02c3b7540840', '20210513-C01', '原始報價編號: 20210513-008
報價紀錄: 20210513-008, 20210628-003, 20220215-003, 20220922-006, 20220922-007, 20221012-005
歷史成交數: 6', false, '2026-03-05 16:13:20', '2026-03-05 16:13:20');
INSERT INTO "company_names" ("id", "customer_id", "company_name", "is_primary", "sort_order", "created_at", "updated_at") VALUES ('3bec3f8e-4186-4369-a420-88fab4da5d8a', '490060e7-e317-4e45-a173-02c3b7540840', '双融域股份有限公司', true, 1, '2026-03-05 16:13:20', '2026-03-05 16:13:20');
INSERT INTO "company_names" ("id", "customer_id", "company_name", "is_primary", "sort_order", "created_at", "updated_at") VALUES ('29e9fcd2-fa93-4a3b-be10-70b43fb422f4', '490060e7-e317-4e45-a173-02c3b7540840', '耳匯影音製作工程有限公司', false, 2, '2026-03-05 16:13:20', '2026-03-05 16:13:20');
INSERT INTO "locations" ("id", "customer_id", "name", "address", "is_primary", "sort_order", "created_at", "updated_at") VALUES ('5c91e669-060a-4828-bb18-4e5598a42d6e', '490060e7-e317-4e45-a173-02c3b7540840', '主要地址', '台北市信義路五段7號5樓(101 多元區入口、C機房)', true, 1, '2026-03-05 16:13:20', '2026-03-05 16:13:20');
INSERT INTO "locations" ("id", "customer_id", "name", "address", "is_primary", "sort_order", "created_at", "updated_at") VALUES ('baaec0a7-025a-4ad8-87e5-b202daca689f', '490060e7-e317-4e45-a173-02c3b7540840', '分支地址2', '台北市信義路五段7號5樓(101五樓觀景台)', false, 2, '2026-03-05 16:13:20', '2026-03-05 16:13:20');
INSERT INTO "locations" ("id", "customer_id", "name", "address", "is_primary", "sort_order", "created_at", "updated_at") VALUES ('6d3e781f-51c0-4024-a9f7-592fcce1a28c', '490060e7-e317-4e45-a173-02c3b7540840', '分支地址3', '台北市信義路五段7號5樓(101 多元區入口)', false, 3, '2026-03-05 16:13:20', '2026-03-05 16:13:20');
INSERT INTO "contacts" ("id", "customer_id", "name", "phone", "mobile", "email", "fax", "is_primary", "sort_order", "created_at", "updated_at") VALUES ('c8c2d035-62c1-4f52-a2f1-d9d21aed6100', '490060e7-e317-4e45-a173-02c3b7540840', '林安如 先生', '02-2701-8568 #888', NULL, NULL, NULL, true, 1, '2026-03-05 16:13:20', '2026-03-05 16:13:20');
INSERT INTO "contacts" ("id", "customer_id", "name", "phone", "mobile", "email", "fax", "is_primary", "sort_order", "created_at", "updated_at") VALUES ('6d19a242-6eb3-440f-8048-f776193428fe', '490060e7-e317-4e45-a173-02c3b7540840', 'Albert Liu', '02-2100-1222', NULL, NULL, NULL, false, 2, '2026-03-05 16:13:20', '2026-03-05 16:13:20');
INSERT INTO "contacts" ("id", "customer_id", "name", "phone", "mobile", "email", "fax", "is_primary", "sort_order", "created_at", "updated_at") VALUES ('62dab6dd-5d2d-4fc4-a7cc-f5b6fb79f0ec', '490060e7-e317-4e45-a173-02c3b7540840', 'Yuhsin Yang', NULL, NULL, NULL, NULL, false, 3, '2026-03-05 16:13:20', '2026-03-05 16:13:20');
INSERT INTO "customers" ("id", "customer_number", "notes", "is_deleted", "created_at", "updated_at") VALUES ('d77651e4-40b3-41b7-a14a-481241f38a1a', '20210514-C01', '原始報價編號: 20210514-011
報價紀錄: 20210514-011
歷史成交數: 1', false, '2026-03-05 16:13:20', '2026-03-05 16:13:20');
INSERT INTO "company_names" ("id", "customer_id", "company_name", "is_primary", "sort_order", "created_at", "updated_at") VALUES ('9253a943-e4b5-46cd-ae51-b3179939151a', 'd77651e4-40b3-41b7-a14a-481241f38a1a', '光自在空間設計工作室', true, 1, '2026-03-05 16:13:20', '2026-03-05 16:13:20');
INSERT INTO "locations" ("id", "customer_id", "name", "address", "is_primary", "sort_order", "created_at", "updated_at") VALUES ('ca930f4c-a68e-47e7-b4cf-ef97b746b112', 'd77651e4-40b3-41b7-a14a-481241f38a1a', '主要地址', '台北市中山區雙城街32巷12之1號B1', true, 1, '2026-03-05 16:13:20', '2026-03-05 16:13:20');
INSERT INTO "contacts" ("id", "customer_id", "name", "phone", "mobile", "email", "fax", "is_primary", "sort_order", "created_at", "updated_at") VALUES ('015a7a00-62ca-4bb7-9bc4-cc2bedb15cc3', 'd77651e4-40b3-41b7-a14a-481241f38a1a', '張能雄 先生', NULL, '0989-124-121', NULL, NULL, true, 1, '2026-03-05 16:13:20', '2026-03-05 16:13:20');
INSERT INTO "customers" ("id", "customer_number", "notes", "is_deleted", "created_at", "updated_at") VALUES ('42b5222d-a86d-464a-b709-d911c5daa241', '20210518-C01', '原始報價編號: 20210518-006
報價紀錄: 20210518-006
歷史成交數: 1', false, '2026-03-05 16:13:20', '2026-03-05 16:13:20');
INSERT INTO "company_names" ("id", "customer_id", "company_name", "is_primary", "sort_order", "created_at", "updated_at") VALUES ('036550a8-740b-49f9-bde0-7bad2ab1ccd4', '42b5222d-a86d-464a-b709-d911c5daa241', '匡衡數據科技有限公司', true, 1, '2026-03-05 16:13:20', '2026-03-05 16:13:20');
INSERT INTO "locations" ("id", "customer_id", "name", "address", "is_primary", "sort_order", "created_at", "updated_at") VALUES ('0a10b5c0-cc16-4c56-bb84-4b2d142e5dac', '42b5222d-a86d-464a-b709-d911c5daa241', '主要地址', '台北市中正區重慶南路一段10號9樓', true, 1, '2026-03-05 16:13:20', '2026-03-05 16:13:20');
INSERT INTO "contacts" ("id", "customer_id", "name", "phone", "mobile", "email", "fax", "is_primary", "sort_order", "created_at", "updated_at") VALUES ('abd5e70d-7278-4e08-9a6c-ebd9c7368d6b', '42b5222d-a86d-464a-b709-d911c5daa241', '蔡宜庭 小姐', NULL, '0928-535-936', NULL, NULL, true, 1, '2026-03-05 16:13:20', '2026-03-05 16:13:20');
INSERT INTO "customers" ("id", "customer_number", "notes", "is_deleted", "created_at", "updated_at") VALUES ('4c5c7311-419b-48e1-9b9f-7185c00e60f2', '20210518-C03', '原始報價編號: 20210518-018
報價紀錄: 20210518-018, 20210805-003, 20220104-016, 20221228-003
歷史成交數: 4', false, '2026-03-05 16:13:20', '2026-03-05 16:13:20');
INSERT INTO "company_names" ("id", "customer_id", "company_name", "is_primary", "sort_order", "created_at", "updated_at") VALUES ('ba788954-c23d-426d-8651-5e23f6407c01', '4c5c7311-419b-48e1-9b9f-7185c00e60f2', '財團法人語言訓練測驗中心', true, 1, '2026-03-05 16:13:20', '2026-03-05 16:13:20');
INSERT INTO "locations" ("id", "customer_id", "name", "address", "is_primary", "sort_order", "created_at", "updated_at") VALUES ('bfeb90f8-97ed-4eb3-bcfc-1ed21390a6a9', '4c5c7311-419b-48e1-9b9f-7185c00e60f2', '主要地址', '台北市基隆路二段189號19樓', true, 1, '2026-03-05 16:13:20', '2026-03-05 16:13:20');
INSERT INTO "locations" ("id", "customer_id", "name", "address", "is_primary", "sort_order", "created_at", "updated_at") VALUES ('ebfd9239-9463-446a-bff4-43a5858fb19a', '4c5c7311-419b-48e1-9b9f-7185c00e60f2', '分支地址2', '新北市中和區中山路二段327巷7號2樓', false, 2, '2026-03-05 16:13:20', '2026-03-05 16:13:20');
INSERT INTO "contacts" ("id", "customer_id", "name", "phone", "mobile", "email", "fax", "is_primary", "sort_order", "created_at", "updated_at") VALUES ('e2308fb0-8931-4b85-8673-6963067eaae7', '4c5c7311-419b-48e1-9b9f-7185c00e60f2', '鄭凱元 先生', '02-3365-1500 #216', '0938-088-133', NULL, NULL, true, 1, '2026-03-05 16:13:20', '2026-03-05 16:13:20');
INSERT INTO "customers" ("id", "customer_number", "notes", "is_deleted", "created_at", "updated_at") VALUES ('22d2804a-d7d9-43ca-98ce-ff55a104e580', '20210520-C01', '原始報價編號: 20210520-006
報價紀錄: 20210520-006, 20220831-009
歷史成交數: 2', false, '2026-03-05 16:13:20', '2026-03-05 16:13:20');
INSERT INTO "company_names" ("id", "customer_id", "company_name", "is_primary", "sort_order", "created_at", "updated_at") VALUES ('cb4efa3d-332a-4e64-9873-253e28d49e94', '22d2804a-d7d9-43ca-98ce-ff55a104e580', '三漢企業股份有限公司', true, 1, '2026-03-05 16:13:20', '2026-03-05 16:13:20');
INSERT INTO "locations" ("id", "customer_id", "name", "address", "is_primary", "sort_order", "created_at", "updated_at") VALUES ('99e10202-5b4b-400d-866b-fcc61b5f1bb8', '22d2804a-d7d9-43ca-98ce-ff55a104e580', '主要地址', '台北市內湖區內湖路一段322號10樓', true, 1, '2026-03-05 16:13:20', '2026-03-05 16:13:20');
INSERT INTO "contacts" ("id", "customer_id", "name", "phone", "mobile", "email", "fax", "is_primary", "sort_order", "created_at", "updated_at") VALUES ('89817360-8636-40fc-84c2-132a42cb6d55', '22d2804a-d7d9-43ca-98ce-ff55a104e580', '熊仁郁 小姐', '02-2627-0018 #100', NULL, NULL, NULL, true, 1, '2026-03-05 16:13:20', '2026-03-05 16:13:20');
INSERT INTO "contacts" ("id", "customer_id", "name", "phone", "mobile", "email", "fax", "is_primary", "sort_order", "created_at", "updated_at") VALUES ('c8141059-e463-46a8-b8ef-355464b7807e', '22d2804a-d7d9-43ca-98ce-ff55a104e580', '熊小姐', NULL, NULL, NULL, NULL, false, 2, '2026-03-05 16:13:20', '2026-03-05 16:13:20');
INSERT INTO "customers" ("id", "customer_number", "notes", "is_deleted", "created_at", "updated_at") VALUES ('dc56dcd4-0a95-40c9-aba0-1f17a224b8c4', '20210524-C01', '原始報價編號: 20210524-005
報價紀錄: 20210524-005
歷史成交數: 1', false, '2026-03-05 16:13:20', '2026-03-05 16:13:20');
INSERT INTO "company_names" ("id", "customer_id", "company_name", "is_primary", "sort_order", "created_at", "updated_at") VALUES ('45b27456-5a6f-4f0e-b5ce-f2d1d92b1639', 'dc56dcd4-0a95-40c9-aba0-1f17a224b8c4', '學貫補習班', true, 1, '2026-03-05 16:13:20', '2026-03-05 16:13:20');
INSERT INTO "locations" ("id", "customer_id", "name", "address", "is_primary", "sort_order", "created_at", "updated_at") VALUES ('c113016a-03d1-4fac-8548-f9a6410de5b5', 'dc56dcd4-0a95-40c9-aba0-1f17a224b8c4', '主要地址', '台北市松山區南京東路四段17號4樓', true, 1, '2026-03-05 16:13:20', '2026-03-05 16:13:20');
INSERT INTO "contacts" ("id", "customer_id", "name", "phone", "mobile", "email", "fax", "is_primary", "sort_order", "created_at", "updated_at") VALUES ('9d02153a-4bb6-490a-9b11-5ca41eaf05a7', 'dc56dcd4-0a95-40c9-aba0-1f17a224b8c4', '任先生', '02-2545-5488', '0966-655-916', NULL, NULL, true, 1, '2026-03-05 16:13:20', '2026-03-05 16:13:20');
INSERT INTO "customers" ("id", "customer_number", "notes", "is_deleted", "created_at", "updated_at") VALUES ('48a1025b-b3a0-426e-ae27-ab330b54a3c1', '20210526-C01', '原始報價編號: 20210526-003
報價紀錄: 20210526-003, 20210608-005
歷史成交數: 2', false, '2026-03-05 16:13:20', '2026-03-05 16:13:20');
INSERT INTO "company_names" ("id", "customer_id", "company_name", "is_primary", "sort_order", "created_at", "updated_at") VALUES ('7b8f9261-d4c3-49bd-ae41-8a50968a343c', '48a1025b-b3a0-426e-ae27-ab330b54a3c1', '數碼動量股份有限公司', true, 1, '2026-03-05 16:13:20', '2026-03-05 16:13:20');
INSERT INTO "locations" ("id", "customer_id", "name", "address", "is_primary", "sort_order", "created_at", "updated_at") VALUES ('abcffa16-be0d-4b97-9e90-a7b01a73ca68', '48a1025b-b3a0-426e-ae27-ab330b54a3c1', '主要地址', '新北市板橋區雙十路二段48號4樓', true, 1, '2026-03-05 16:13:20', '2026-03-05 16:13:20');
INSERT INTO "contacts" ("id", "customer_id", "name", "phone", "mobile", "email", "fax", "is_primary", "sort_order", "created_at", "updated_at") VALUES ('432e7e94-516c-422f-9a4e-5cad0c3b3f63', '48a1025b-b3a0-426e-ae27-ab330b54a3c1', '陳佳敬 小姐', '02-2253-3683 #108', NULL, NULL, NULL, true, 1, '2026-03-05 16:13:20', '2026-03-05 16:13:20');
INSERT INTO "customers" ("id", "customer_number", "notes", "is_deleted", "created_at", "updated_at") VALUES ('92292792-f36d-43cc-91cf-12b5b1da7f17', '20210602-C01', '原始報價編號: 20210602-005
報價紀錄: 20210602-005
歷史成交數: 1', false, '2026-03-05 16:13:20', '2026-03-05 16:13:20');
INSERT INTO "company_names" ("id", "customer_id", "company_name", "is_primary", "sort_order", "created_at", "updated_at") VALUES ('0d9b94ef-b283-483e-b0c6-524cf5475cf2', '92292792-f36d-43cc-91cf-12b5b1da7f17', '國防醫學院衛勤訓練中心', true, 1, '2026-03-05 16:13:20', '2026-03-05 16:13:20');
INSERT INTO "locations" ("id", "customer_id", "name", "address", "is_primary", "sort_order", "created_at", "updated_at") VALUES ('b8942c42-2dac-4b52-bcff-697eb7941b43', '92292792-f36d-43cc-91cf-12b5b1da7f17', '主要地址', '台北市內湖區金湖路365號', true, 1, '2026-03-05 16:13:20', '2026-03-05 16:13:20');
INSERT INTO "contacts" ("id", "customer_id", "name", "phone", "mobile", "email", "fax", "is_primary", "sort_order", "created_at", "updated_at") VALUES ('c4843db5-2a08-4212-ad6a-43c4bf434b83', '92292792-f36d-43cc-91cf-12b5b1da7f17', '廖偉淇 小姐', NULL, '0955-809-077', NULL, NULL, true, 1, '2026-03-05 16:13:20', '2026-03-05 16:13:20');
INSERT INTO "customers" ("id", "customer_number", "notes", "is_deleted", "created_at", "updated_at") VALUES ('4649b25a-82a8-40de-a47d-be81160a3317', '20210603-C01', '原始報價編號: 20210603-006
報價紀錄: 20210603-006
歷史成交數: 1', false, '2026-03-05 16:13:20', '2026-03-05 16:13:20');
INSERT INTO "company_names" ("id", "customer_id", "company_name", "is_primary", "sort_order", "created_at", "updated_at") VALUES ('e999bce0-10e4-48b9-abda-9b60d607b272', '4649b25a-82a8-40de-a47d-be81160a3317', '鍍成有限公司', true, 1, '2026-03-05 16:13:20', '2026-03-05 16:13:20');
INSERT INTO "locations" ("id", "customer_id", "name", "address", "is_primary", "sort_order", "created_at", "updated_at") VALUES ('c2c7529a-6c05-4f97-a32c-f06a1f1d9007', '4649b25a-82a8-40de-a47d-be81160a3317', '主要地址', '台北市大安區安和路二段5號9樓之2', true, 1, '2026-03-05 16:13:20', '2026-03-05 16:13:20');
INSERT INTO "contacts" ("id", "customer_id", "name", "phone", "mobile", "email", "fax", "is_primary", "sort_order", "created_at", "updated_at") VALUES ('62459deb-3f07-4d7d-89fb-1408ed281362', '4649b25a-82a8-40de-a47d-be81160a3317', '張小姐', '02-2709-0352', '0914-296-188', NULL, NULL, true, 1, '2026-03-05 16:13:20', '2026-03-05 16:13:20');
INSERT INTO "customers" ("id", "customer_number", "notes", "is_deleted", "created_at", "updated_at") VALUES ('854c149d-2c22-4dd8-b2ae-a2b0269e9cc2', '20210609-C01', '原始報價編號: 20210609-008
報價紀錄: 20210609-008
歷史成交數: 1', false, '2026-03-05 16:13:20', '2026-03-05 16:13:20');
INSERT INTO "company_names" ("id", "customer_id", "company_name", "is_primary", "sort_order", "created_at", "updated_at") VALUES ('875027f0-b41d-4487-9d78-692caba081f9', '854c149d-2c22-4dd8-b2ae-a2b0269e9cc2', '侍達遊戲藝術有限公司', true, 1, '2026-03-05 16:13:20', '2026-03-05 16:13:20');
INSERT INTO "locations" ("id", "customer_id", "name", "address", "is_primary", "sort_order", "created_at", "updated_at") VALUES ('37d9bd1f-432d-4e9a-abda-ec502b90a24e', '854c149d-2c22-4dd8-b2ae-a2b0269e9cc2', '主要地址', '台北市信義區東興路47號8樓', true, 1, '2026-03-05 16:13:20', '2026-03-05 16:13:20');
INSERT INTO "contacts" ("id", "customer_id", "name", "phone", "mobile", "email", "fax", "is_primary", "sort_order", "created_at", "updated_at") VALUES ('e17ca534-73f5-470a-be67-c86bed1b040e', '854c149d-2c22-4dd8-b2ae-a2b0269e9cc2', '賴小姐', NULL, '0920-169-861', NULL, NULL, true, 1, '2026-03-05 16:13:20', '2026-03-05 16:13:20');
INSERT INTO "customers" ("id", "customer_number", "notes", "is_deleted", "created_at", "updated_at") VALUES ('21ed625f-958c-4839-921d-6191fd1f240c', '20210610-C01', '原始報價編號: 20210610-005
報價紀錄: 20210610-005, 20210625-004, 20210923-008, 20211215-006
歷史成交數: 4', false, '2026-03-05 16:13:20', '2026-03-05 16:13:20');
INSERT INTO "company_names" ("id", "customer_id", "company_name", "is_primary", "sort_order", "created_at", "updated_at") VALUES ('3715cea0-ed02-4256-ba90-256c07ef493e', '21ed625f-958c-4839-921d-6191fd1f240c', '中華民國全國商業總會', true, 1, '2026-03-05 16:13:20', '2026-03-05 16:13:20');
INSERT INTO "locations" ("id", "customer_id", "name", "address", "is_primary", "sort_order", "created_at", "updated_at") VALUES ('92d503af-20be-4f6d-9a4b-553ab726066e', '21ed625f-958c-4839-921d-6191fd1f240c', '主要地址', '台北市大安區復興南路一段390號6樓', true, 1, '2026-03-05 16:13:20', '2026-03-05 16:13:20');
INSERT INTO "contacts" ("id", "customer_id", "name", "phone", "mobile", "email", "fax", "is_primary", "sort_order", "created_at", "updated_at") VALUES ('c58f9c53-9fca-4403-826a-b97dc7456c9a', '21ed625f-958c-4839-921d-6191fd1f240c', '游千慧 小姐', '02-2701-2671 #233', NULL, NULL, NULL, true, 1, '2026-03-05 16:13:20', '2026-03-05 16:13:20');
INSERT INTO "customers" ("id", "customer_number", "notes", "is_deleted", "created_at", "updated_at") VALUES ('a40c9ef9-d945-4f40-ac75-e774f23ef574', '20210621-C01', '原始報價編號: 20210621-003
報價紀錄: 20210621-003, 20211228-005
歷史成交數: 2', false, '2026-03-05 16:13:20', '2026-03-05 16:13:20');
INSERT INTO "company_names" ("id", "customer_id", "company_name", "is_primary", "sort_order", "created_at", "updated_at") VALUES ('d9a1988c-e409-45c2-92de-128e40c02577', 'a40c9ef9-d945-4f40-ac75-e774f23ef574', '戀戀北投第二期管理委員會', true, 1, '2026-03-05 16:13:20', '2026-03-05 16:13:20');
INSERT INTO "company_names" ("id", "customer_id", "company_name", "is_primary", "sort_order", "created_at", "updated_at") VALUES ('4898ac57-b13f-4223-bb89-7627146b65d3', 'a40c9ef9-d945-4f40-ac75-e774f23ef574', '戀戀北投等二期', false, 2, '2026-03-05 16:13:20', '2026-03-05 16:13:20');
INSERT INTO "locations" ("id", "customer_id", "name", "address", "is_primary", "sort_order", "created_at", "updated_at") VALUES ('1d141da9-f127-47f1-b033-0adfa2d0f616', 'a40c9ef9-d945-4f40-ac75-e774f23ef574', '主要地址', '台北市北投區清江路177巷6~12號', true, 1, '2026-03-05 16:13:20', '2026-03-05 16:13:20');
INSERT INTO "contacts" ("id", "customer_id", "name", "phone", "mobile", "email", "fax", "is_primary", "sort_order", "created_at", "updated_at") VALUES ('62dbc499-4d89-4d93-81ed-aea13dcd4e75', 'a40c9ef9-d945-4f40-ac75-e774f23ef574', '李景天 先生', NULL, '0938-900-930', NULL, NULL, true, 1, '2026-03-05 16:13:20', '2026-03-05 16:13:20');
INSERT INTO "contacts" ("id", "customer_id", "name", "phone", "mobile", "email", "fax", "is_primary", "sort_order", "created_at", "updated_at") VALUES ('fcc35f72-e17d-4aaa-b5b1-2b773d30d657', 'a40c9ef9-d945-4f40-ac75-e774f23ef574', '顏和正 先生', NULL, '0933-859-599', NULL, NULL, false, 2, '2026-03-05 16:13:20', '2026-03-05 16:13:20');
INSERT INTO "customers" ("id", "customer_number", "notes", "is_deleted", "created_at", "updated_at") VALUES ('1be9d7b3-101b-4176-8fdc-a39be69ad5bb', '20210621-C02', '原始報價編號: 20210621-007
報價紀錄: 20210621-007
歷史成交數: 1', false, '2026-03-05 16:13:20', '2026-03-05 16:13:20');
INSERT INTO "company_names" ("id", "customer_id", "company_name", "is_primary", "sort_order", "created_at", "updated_at") VALUES ('0f2d6380-5b3d-4356-8c31-c20d66683bdb', '1be9d7b3-101b-4176-8fdc-a39be69ad5bb', '社團法人台北市希望基督教協會', true, 1, '2026-03-05 16:13:20', '2026-03-05 16:13:20');
INSERT INTO "locations" ("id", "customer_id", "name", "address", "is_primary", "sort_order", "created_at", "updated_at") VALUES ('6e475d34-e677-4765-b94d-bbf52f8c55e9', '1be9d7b3-101b-4176-8fdc-a39be69ad5bb', '主要地址', '台北市大同區重慶北路二段153號2樓', true, 1, '2026-03-05 16:13:20', '2026-03-05 16:13:20');
INSERT INTO "contacts" ("id", "customer_id", "name", "phone", "mobile", "email", "fax", "is_primary", "sort_order", "created_at", "updated_at") VALUES ('f87c8f7e-fc8d-4c9f-9a9c-35a833d73967', '1be9d7b3-101b-4176-8fdc-a39be69ad5bb', '李大若 先生', NULL, '0939-397-378', NULL, NULL, true, 1, '2026-03-05 16:13:20', '2026-03-05 16:13:20');
INSERT INTO "customers" ("id", "customer_number", "notes", "is_deleted", "created_at", "updated_at") VALUES ('693513c2-87e6-4d8e-8cde-fc66aa4b3ffb', '20210625-C01', '原始報價編號: 20210625-006
報價紀錄: 20210625-006
歷史成交數: 1', false, '2026-03-05 16:13:20', '2026-03-05 16:13:20');
INSERT INTO "company_names" ("id", "customer_id", "company_name", "is_primary", "sort_order", "created_at", "updated_at") VALUES ('61405f62-c84e-4fbb-b1b5-4fcf2d8eff9f', '693513c2-87e6-4d8e-8cde-fc66aa4b3ffb', '新北市私立宏仁幼兒園', true, 1, '2026-03-05 16:13:20', '2026-03-05 16:13:20');
INSERT INTO "locations" ("id", "customer_id", "name", "address", "is_primary", "sort_order", "created_at", "updated_at") VALUES ('b9b0d5d8-b9c8-41a0-aeca-1ff8096aab0e', '693513c2-87e6-4d8e-8cde-fc66aa4b3ffb', '主要地址', '新北市新莊區中平路6巷42號', true, 1, '2026-03-05 16:13:20', '2026-03-05 16:13:20');
INSERT INTO "contacts" ("id", "customer_id", "name", "phone", "mobile", "email", "fax", "is_primary", "sort_order", "created_at", "updated_at") VALUES ('e00b5680-8cc5-4938-80c8-710014c0051e', '693513c2-87e6-4d8e-8cde-fc66aa4b3ffb', '王曉萍 小姐', '02-2992-0634', '0983-528-073', NULL, NULL, true, 1, '2026-03-05 16:13:20', '2026-03-05 16:13:20');
INSERT INTO "customers" ("id", "customer_number", "notes", "is_deleted", "created_at", "updated_at") VALUES ('5f4c38d7-caae-476c-b993-5fba3797377b', '20210628-C01', '原始報價編號: 20210628-006
報價紀錄: 20210628-006, 20240221-003
歷史成交數: 2', false, '2026-03-05 16:13:20', '2026-03-05 16:13:20');
INSERT INTO "company_names" ("id", "customer_id", "company_name", "is_primary", "sort_order", "created_at", "updated_at") VALUES ('def953ba-c876-4641-b618-e537ecda93db', '5f4c38d7-caae-476c-b993-5fba3797377b', '泰升資訊有限公司', true, 1, '2026-03-05 16:13:20', '2026-03-05 16:13:20');
INSERT INTO "locations" ("id", "customer_id", "name", "address", "is_primary", "sort_order", "created_at", "updated_at") VALUES ('4cf73170-b80a-4713-8f93-9e9b90521f0f', '5f4c38d7-caae-476c-b993-5fba3797377b', '主要地址', '台北市中正區貴陽街一段56號2樓（東吳大學）', true, 1, '2026-03-05 16:13:20', '2026-03-05 16:13:20');
INSERT INTO "contacts" ("id", "customer_id", "name", "phone", "mobile", "email", "fax", "is_primary", "sort_order", "created_at", "updated_at") VALUES ('be326575-8705-438d-9390-a8471a8b7fd8', '5f4c38d7-caae-476c-b993-5fba3797377b', '楊定維 先生', '02-7709-9921', '0981-811-507', NULL, NULL, true, 1, '2026-03-05 16:13:20', '2026-03-05 16:13:20');
INSERT INTO "customers" ("id", "customer_number", "notes", "is_deleted", "created_at", "updated_at") VALUES ('f3e33d53-8454-47a7-9b23-c54f7f822454', '20210702-C01', '原始報價編號: 20210702-008
報價紀錄: 20210702-008
歷史成交數: 1', false, '2026-03-05 16:13:20', '2026-03-05 16:13:20');
INSERT INTO "company_names" ("id", "customer_id", "company_name", "is_primary", "sort_order", "created_at", "updated_at") VALUES ('c9b192ab-3e05-42e9-92aa-ee13a5c95e2e', 'f3e33d53-8454-47a7-9b23-c54f7f822454', '瑞集腦神經行銷顧問股份有限公司', true, 1, '2026-03-05 16:13:20', '2026-03-05 16:13:20');
INSERT INTO "locations" ("id", "customer_id", "name", "address", "is_primary", "sort_order", "created_at", "updated_at") VALUES ('dee1c183-8d5b-4267-91e3-75849e901758', 'f3e33d53-8454-47a7-9b23-c54f7f822454', '主要地址', '台北市信義區松山路130號9樓', true, 1, '2026-03-05 16:13:20', '2026-03-05 16:13:20');
INSERT INTO "contacts" ("id", "customer_id", "name", "phone", "mobile", "email", "fax", "is_primary", "sort_order", "created_at", "updated_at") VALUES ('3fb479b1-f11e-4a6e-800a-62de89aedee1', 'f3e33d53-8454-47a7-9b23-c54f7f822454', '蔡佳家 小姐', NULL, '0966-710-818', NULL, NULL, true, 1, '2026-03-05 16:13:20', '2026-03-05 16:13:20');
INSERT INTO "customers" ("id", "customer_number", "notes", "is_deleted", "created_at", "updated_at") VALUES ('820e24e1-c8df-4e84-9645-a04815dc7e59', '20210705-C01', '原始報價編號: 20210705-001
報價紀錄: 20210705-001
歷史成交數: 1', false, '2026-03-05 16:13:20', '2026-03-05 16:13:20');
INSERT INTO "company_names" ("id", "customer_id", "company_name", "is_primary", "sort_order", "created_at", "updated_at") VALUES ('867b1bfb-46d8-41fb-b306-1aa2740cccc1', '820e24e1-c8df-4e84-9645-a04815dc7e59', '繽紛室內設計有限公司', true, 1, '2026-03-05 16:13:20', '2026-03-05 16:13:20');
INSERT INTO "locations" ("id", "customer_id", "name", "address", "is_primary", "sort_order", "created_at", "updated_at") VALUES ('e1f27993-87cd-4aba-b6e0-57eeda12b7c0', '820e24e1-c8df-4e84-9645-a04815dc7e59', '主要地址', '台北市中山北路二段177號15樓', true, 1, '2026-03-05 16:13:20', '2026-03-05 16:13:20');
INSERT INTO "contacts" ("id", "customer_id", "name", "phone", "mobile", "email", "fax", "is_primary", "sort_order", "created_at", "updated_at") VALUES ('ba83765d-c475-44d5-aa1f-26782fb5625e', '820e24e1-c8df-4e84-9645-a04815dc7e59', 'Don Don', NULL, '0926-553-080', NULL, NULL, true, 1, '2026-03-05 16:13:20', '2026-03-05 16:13:20');
INSERT INTO "customers" ("id", "customer_number", "notes", "is_deleted", "created_at", "updated_at") VALUES ('4906a967-4e3f-4c13-8c0d-b74ed7fa22c7', '20210708-C01', '原始報價編號: 20210708-009
報價紀錄: 20210708-009
歷史成交數: 1', false, '2026-03-05 16:13:20', '2026-03-05 16:13:20');
INSERT INTO "company_names" ("id", "customer_id", "company_name", "is_primary", "sort_order", "created_at", "updated_at") VALUES ('5ae8fb0e-dc9f-4ec3-8522-e06c7de75d22', '4906a967-4e3f-4c13-8c0d-b74ed7fa22c7', '華圓', true, 1, '2026-03-05 16:13:20', '2026-03-05 16:13:20');
INSERT INTO "locations" ("id", "customer_id", "name", "address", "is_primary", "sort_order", "created_at", "updated_at") VALUES ('2cdb32c8-1d38-47f4-920b-4f9992233e3c', '4906a967-4e3f-4c13-8c0d-b74ed7fa22c7', '主要地址', '台北市仁愛路四段230號1樓', true, 1, '2026-03-05 16:13:20', '2026-03-05 16:13:20');
INSERT INTO "contacts" ("id", "customer_id", "name", "phone", "mobile", "email", "fax", "is_primary", "sort_order", "created_at", "updated_at") VALUES ('9850ca3a-8fae-4eb5-a689-f90a66cadb8c', '4906a967-4e3f-4c13-8c0d-b74ed7fa22c7', '張小姐', '02-2700-8230', NULL, NULL, NULL, true, 1, '2026-03-05 16:13:20', '2026-03-05 16:13:20');
INSERT INTO "customers" ("id", "customer_number", "notes", "is_deleted", "created_at", "updated_at") VALUES ('b9eeacf0-65b4-4a8a-9c42-5d846a5e29aa', '20210712-C01', '原始報價編號: 20210712-006
報價紀錄: 20210712-006
歷史成交數: 1', false, '2026-03-05 16:13:20', '2026-03-05 16:13:20');
INSERT INTO "company_names" ("id", "customer_id", "company_name", "is_primary", "sort_order", "created_at", "updated_at") VALUES ('580decd6-4b5e-4c49-a6af-cbd479b0b376', 'b9eeacf0-65b4-4a8a-9c42-5d846a5e29aa', '財團法人伊甸社會福利基金會', true, 1, '2026-03-05 16:13:20', '2026-03-05 16:13:20');
INSERT INTO "locations" ("id", "customer_id", "name", "address", "is_primary", "sort_order", "created_at", "updated_at") VALUES ('ac515fa1-7d0d-4468-aa78-6ff5c8c7d4d5', 'b9eeacf0-65b4-4a8a-9c42-5d846a5e29aa', '主要地址', '台北市南港區忠孝東路六段85號3樓', true, 1, '2026-03-05 16:13:20', '2026-03-05 16:13:20');
INSERT INTO "contacts" ("id", "customer_id", "name", "phone", "mobile", "email", "fax", "is_primary", "sort_order", "created_at", "updated_at") VALUES ('7afb22c7-82e8-4c2c-be66-e2398dbd74f1', 'b9eeacf0-65b4-4a8a-9c42-5d846a5e29aa', '賴玲君 小姐', '02-2788-2656 #20', NULL, NULL, NULL, true, 1, '2026-03-05 16:13:20', '2026-03-05 16:13:20');
INSERT INTO "customers" ("id", "customer_number", "notes", "is_deleted", "created_at", "updated_at") VALUES ('bdd9a237-c6d1-479c-a05d-db8f56e402dc', '20210713-C01', '原始報價編號: 20210713-003
報價紀錄: 20210713-003, 20210929-011
歷史成交數: 2', false, '2026-03-05 16:13:20', '2026-03-05 16:13:20');
INSERT INTO "company_names" ("id", "customer_id", "company_name", "is_primary", "sort_order", "created_at", "updated_at") VALUES ('a7df9f26-fcfd-42fc-ad34-540ca8fa5ea0', 'bdd9a237-c6d1-479c-a05d-db8f56e402dc', '美商矽磊科技股份有限公司', true, 1, '2026-03-05 16:13:20', '2026-03-05 16:13:20');
INSERT INTO "company_names" ("id", "customer_id", "company_name", "is_primary", "sort_order", "created_at", "updated_at") VALUES ('811f7871-b2b6-41f0-afee-3c84a5da2fdb', 'bdd9a237-c6d1-479c-a05d-db8f56e402dc', '美商矽磊科技', false, 2, '2026-03-05 16:13:20', '2026-03-05 16:13:20');
INSERT INTO "locations" ("id", "customer_id", "name", "address", "is_primary", "sort_order", "created_at", "updated_at") VALUES ('b845f98f-f8ab-4843-9a5c-01d05a9bdb04', 'bdd9a237-c6d1-479c-a05d-db8f56e402dc', '主要地址', '新竹市東區光復路一段371號3樓之5', true, 1, '2026-03-05 16:13:20', '2026-03-05 16:13:20');
INSERT INTO "locations" ("id", "customer_id", "name", "address", "is_primary", "sort_order", "created_at", "updated_at") VALUES ('5f6f13f0-b1ff-4818-9b18-ad68487d00a2', 'bdd9a237-c6d1-479c-a05d-db8f56e402dc', '分支地址2', '新竹市東區光復路一段371號14樓之2', false, 2, '2026-03-05 16:13:20', '2026-03-05 16:13:20');
INSERT INTO "contacts" ("id", "customer_id", "name", "phone", "mobile", "email", "fax", "is_primary", "sort_order", "created_at", "updated_at") VALUES ('addc1a9f-d48c-4fec-b58e-8448ec59ffa2', 'bdd9a237-c6d1-479c-a05d-db8f56e402dc', 'Leo Chang', '03-6660-188 # 52', '0939-575-703', NULL, NULL, true, 1, '2026-03-05 16:13:20', '2026-03-05 16:13:20');
INSERT INTO "contacts" ("id", "customer_id", "name", "phone", "mobile", "email", "fax", "is_primary", "sort_order", "created_at", "updated_at") VALUES ('b16ef6b0-e28c-49c3-ad68-8860fb347104', 'bdd9a237-c6d1-479c-a05d-db8f56e402dc', '張先生', NULL, NULL, NULL, NULL, false, 2, '2026-03-05 16:13:20', '2026-03-05 16:13:20');
INSERT INTO "customers" ("id", "customer_number", "notes", "is_deleted", "created_at", "updated_at") VALUES ('0c5ca7f8-a599-41fc-8556-156533058654', '20210713-C02', '原始報價編號: 20210713-005
報價紀錄: 20210713-005
歷史成交數: 1', false, '2026-03-05 16:13:20', '2026-03-05 16:13:20');
INSERT INTO "company_names" ("id", "customer_id", "company_name", "is_primary", "sort_order", "created_at", "updated_at") VALUES ('5df34be5-e66e-4d41-920a-35f17ddf8e01', '0c5ca7f8-a599-41fc-8556-156533058654', '尚越科技股份有限公司', true, 1, '2026-03-05 16:13:20', '2026-03-05 16:13:20');
INSERT INTO "locations" ("id", "customer_id", "name", "address", "is_primary", "sort_order", "created_at", "updated_at") VALUES ('22143a5f-92d7-4ebd-a8d4-084559776567', '0c5ca7f8-a599-41fc-8556-156533058654', '主要地址', '台北市南港區玉成街166巷29號1樓', true, 1, '2026-03-05 16:13:20', '2026-03-05 16:13:20');
INSERT INTO "contacts" ("id", "customer_id", "name", "phone", "mobile", "email", "fax", "is_primary", "sort_order", "created_at", "updated_at") VALUES ('6688150e-1a31-4337-815c-a13ccf764aa5', '0c5ca7f8-a599-41fc-8556-156533058654', '劉先生', '02-2651-5886 #202', NULL, NULL, NULL, true, 1, '2026-03-05 16:13:20', '2026-03-05 16:13:20');
INSERT INTO "customers" ("id", "customer_number", "notes", "is_deleted", "created_at", "updated_at") VALUES ('c3fd5c8d-44c2-445f-9318-1ebc0da9e4e7', '20210713-C03', '原始報價編號: 20210713-007
報價紀錄: 20210713-007, 20240828-007
歷史成交數: 2', false, '2026-03-05 16:13:20', '2026-03-05 16:13:20');
INSERT INTO "locations" ("id", "customer_id", "name", "address", "is_primary", "sort_order", "created_at", "updated_at") VALUES ('33084f42-54b8-4fb9-aa80-2cd09ab0d8ee', 'c3fd5c8d-44c2-445f-9318-1ebc0da9e4e7', '主要地址', '台北市中正區臨沂街69巷2號6樓之1', true, 1, '2026-03-05 16:13:20', '2026-03-05 16:13:20');
INSERT INTO "contacts" ("id", "customer_id", "name", "phone", "mobile", "email", "fax", "is_primary", "sort_order", "created_at", "updated_at") VALUES ('ae996911-41ce-42d1-b89e-734e0db81f52', 'c3fd5c8d-44c2-445f-9318-1ebc0da9e4e7', '陳世凱 先生', NULL, '0918-060-039', NULL, NULL, true, 1, '2026-03-05 16:13:20', '2026-03-05 16:13:20');
INSERT INTO "customers" ("id", "customer_number", "notes", "is_deleted", "created_at", "updated_at") VALUES ('87c49f79-4e54-4186-a8ec-0a417feaedbc', '20210720-C01', '原始報價編號: 20210720-003
報價紀錄: 20210720-003, 20220127-005, 20221205-008, 20221206-012, 20230223-012, 20230419-009, 20230526-005, 20240131-014
歷史成交數: 8', false, '2026-03-05 16:13:20', '2026-03-05 16:13:20');
INSERT INTO "company_names" ("id", "customer_id", "company_name", "is_primary", "sort_order", "created_at", "updated_at") VALUES ('4426f959-f6df-4d0b-9948-7742f89d937e', '87c49f79-4e54-4186-a8ec-0a417feaedbc', '諾傑股份有限公司', true, 1, '2026-03-05 16:13:20', '2026-03-05 16:13:20');
INSERT INTO "locations" ("id", "customer_id", "name", "address", "is_primary", "sort_order", "created_at", "updated_at") VALUES ('905e3c96-3fb9-4c8a-85f3-22536402b1ad', '87c49f79-4e54-4186-a8ec-0a417feaedbc', '主要地址', '台北市信義區松仁路105號13樓', true, 1, '2026-03-05 16:13:20', '2026-03-05 16:13:20');
INSERT INTO "locations" ("id", "customer_id", "name", "address", "is_primary", "sort_order", "created_at", "updated_at") VALUES ('461a92ce-d346-46f3-9e69-0a01928a6079', '87c49f79-4e54-4186-a8ec-0a417feaedbc', '分支地址2', '台北市信義區松仁路105號7樓', false, 2, '2026-03-05 16:13:20', '2026-03-05 16:13:20');
INSERT INTO "locations" ("id", "customer_id", "name", "address", "is_primary", "sort_order", "created_at", "updated_at") VALUES ('9dfc0e3f-e7fa-4c99-a4a4-4394028d3055', '87c49f79-4e54-4186-a8ec-0a417feaedbc', '分支地址3', '台北市信義區松仁路32號11樓之1', false, 3, '2026-03-05 16:13:20', '2026-03-05 16:13:20');
INSERT INTO "locations" ("id", "customer_id", "name", "address", "is_primary", "sort_order", "created_at", "updated_at") VALUES ('0771e725-d7b3-414b-9dfd-e093238209c9', '87c49f79-4e54-4186-a8ec-0a417feaedbc', '分支地址4', '台北市信義區松仁路105號7F', false, 4, '2026-03-05 16:13:20', '2026-03-05 16:13:20');
INSERT INTO "contacts" ("id", "customer_id", "name", "phone", "mobile", "email", "fax", "is_primary", "sort_order", "created_at", "updated_at") VALUES ('1390dbeb-71ff-4d96-b41d-c95c69d3e176', '87c49f79-4e54-4186-a8ec-0a417feaedbc', '翁先生', '02-2345-9399 #101', '0920-373-508', NULL, NULL, true, 1, '2026-03-05 16:13:20', '2026-03-05 16:13:20');
INSERT INTO "contacts" ("id", "customer_id", "name", "phone", "mobile", "email", "fax", "is_primary", "sort_order", "created_at", "updated_at") VALUES ('3601e43a-81f7-4620-b1b3-9124af82ac0f', '87c49f79-4e54-4186-a8ec-0a417feaedbc', '黃昱樺 小姐', '02-2345-9399', NULL, NULL, NULL, false, 2, '2026-03-05 16:13:20', '2026-03-05 16:13:20');
INSERT INTO "customers" ("id", "customer_number", "notes", "is_deleted", "created_at", "updated_at") VALUES ('0af7d4c3-1577-406d-ae3a-624319fd8855', '20210721-C01', '原始報價編號: 20210721-005
報價紀錄: 20210721-005, 20240221-006
歷史成交數: 2', false, '2026-03-05 16:13:20', '2026-03-05 16:13:20');
INSERT INTO "company_names" ("id", "customer_id", "company_name", "is_primary", "sort_order", "created_at", "updated_at") VALUES ('ff2b30ab-59ca-48a4-93aa-937660532732', '0af7d4c3-1577-406d-ae3a-624319fd8855', '天馬傳播事業有限公司', true, 1, '2026-03-05 16:13:20', '2026-03-05 16:13:20');
INSERT INTO "locations" ("id", "customer_id", "name", "address", "is_primary", "sort_order", "created_at", "updated_at") VALUES ('b76da299-0b13-43f5-b936-b566f8a8fea3', '0af7d4c3-1577-406d-ae3a-624319fd8855', '主要地址', '台北市大安區安和路二段82號5樓之1', true, 1, '2026-03-05 16:13:20', '2026-03-05 16:13:20');
INSERT INTO "locations" ("id", "customer_id", "name", "address", "is_primary", "sort_order", "created_at", "updated_at") VALUES ('b2aadc3b-a66f-4a5b-b08a-1ab52ef9d1dc', '0af7d4c3-1577-406d-ae3a-624319fd8855', '分支地址2', '台北市新生南路一段97巷24號1樓', false, 2, '2026-03-05 16:13:20', '2026-03-05 16:13:20');
INSERT INTO "contacts" ("id", "customer_id", "name", "phone", "mobile", "email", "fax", "is_primary", "sort_order", "created_at", "updated_at") VALUES ('45252ee0-3d1a-434e-82d9-fddcb5100333', '0af7d4c3-1577-406d-ae3a-624319fd8855', '沈小姐', '02-7709-9168', NULL, NULL, NULL, true, 1, '2026-03-05 16:13:20', '2026-03-05 16:13:20');
INSERT INTO "contacts" ("id", "customer_id", "name", "phone", "mobile", "email", "fax", "is_primary", "sort_order", "created_at", "updated_at") VALUES ('4067497b-bb26-464a-af39-7ce2c0950d91', '0af7d4c3-1577-406d-ae3a-624319fd8855', '聯絡人2', '02-7709-9168 #101', NULL, NULL, NULL, false, 2, '2026-03-05 16:13:20', '2026-03-05 16:13:20');
INSERT INTO "customers" ("id", "customer_number", "notes", "is_deleted", "created_at", "updated_at") VALUES ('1c2165cb-4d14-4156-8e0e-6facefb2daed', '20210722-C01', '原始報價編號: 20210722-005
報價紀錄: 20210722-005, 20210823-005, 20211021-003
歷史成交數: 3', false, '2026-03-05 16:13:20', '2026-03-05 16:13:20');
INSERT INTO "company_names" ("id", "customer_id", "company_name", "is_primary", "sort_order", "created_at", "updated_at") VALUES ('4cf29e70-c2e9-4861-a7dd-69c868849f5e', '1c2165cb-4d14-4156-8e0e-6facefb2daed', '銀康生醫股份有限公司', true, 1, '2026-03-05 16:13:20', '2026-03-05 16:13:20');
INSERT INTO "locations" ("id", "customer_id", "name", "address", "is_primary", "sort_order", "created_at", "updated_at") VALUES ('ecd8ba92-bbb5-475d-85b6-5f62781a6b27', '1c2165cb-4d14-4156-8e0e-6facefb2daed', '主要地址', '新北市汐止區大同路一段489號', true, 1, '2026-03-05 16:13:20', '2026-03-05 16:13:20');
INSERT INTO "locations" ("id", "customer_id", "name", "address", "is_primary", "sort_order", "created_at", "updated_at") VALUES ('0a37f1ba-832e-46c7-997d-a17656c10eea', '1c2165cb-4d14-4156-8e0e-6facefb2daed', '分支地址2', '新北市汐止區新台五路一段93號17樓之2 (D棟)', false, 2, '2026-03-05 16:13:20', '2026-03-05 16:13:20');
INSERT INTO "contacts" ("id", "customer_id", "name", "phone", "mobile", "email", "fax", "is_primary", "sort_order", "created_at", "updated_at") VALUES ('595843d3-b2d1-4b93-906b-52d5db156111', '1c2165cb-4d14-4156-8e0e-6facefb2daed', '陳小姐', '02-2697-1189', NULL, NULL, NULL, true, 1, '2026-03-05 16:13:20', '2026-03-05 16:13:20');
INSERT INTO "contacts" ("id", "customer_id", "name", "phone", "mobile", "email", "fax", "is_primary", "sort_order", "created_at", "updated_at") VALUES ('5717b515-5d95-4d9b-9930-93d5c58917d3', '1c2165cb-4d14-4156-8e0e-6facefb2daed', '林秋萍 小姐', '02-2627-1189', NULL, NULL, NULL, false, 2, '2026-03-05 16:13:20', '2026-03-05 16:13:20');
INSERT INTO "customers" ("id", "customer_number", "notes", "is_deleted", "created_at", "updated_at") VALUES ('6beeb4cb-ca2c-4d37-9995-91ad99e8d9ed', '20210722-C02', '原始報價編號: 20210722-009
報價紀錄: 20210722-009
歷史成交數: 1', false, '2026-03-05 16:13:20', '2026-03-05 16:13:20');
INSERT INTO "company_names" ("id", "customer_id", "company_name", "is_primary", "sort_order", "created_at", "updated_at") VALUES ('f3aa7da7-ce28-47d0-a128-c33e0f984520', '6beeb4cb-ca2c-4d37-9995-91ad99e8d9ed', '點線面空間設計有限公司', true, 1, '2026-03-05 16:13:20', '2026-03-05 16:13:20');
INSERT INTO "locations" ("id", "customer_id", "name", "address", "is_primary", "sort_order", "created_at", "updated_at") VALUES ('91b83796-294a-4320-af26-309826373f6a', '6beeb4cb-ca2c-4d37-9995-91ad99e8d9ed', '主要地址', '台北市松山區光復南路58巷8之2號1樓', true, 1, '2026-03-05 16:13:20', '2026-03-05 16:13:20');
INSERT INTO "contacts" ("id", "customer_id", "name", "phone", "mobile", "email", "fax", "is_primary", "sort_order", "created_at", "updated_at") VALUES ('bd95660a-222d-43a9-b3d5-a9c3fa04783c', '6beeb4cb-ca2c-4d37-9995-91ad99e8d9ed', '方人巧 小姐', '02-2577-0257', '0988-281-578', NULL, NULL, true, 1, '2026-03-05 16:13:20', '2026-03-05 16:13:20');
INSERT INTO "customers" ("id", "customer_number", "notes", "is_deleted", "created_at", "updated_at") VALUES ('e41b8e97-7cc7-49df-8045-8fad73dbacfc', '20210726-C01', '原始報價編號: 20210726-003
報價紀錄: 20210726-003, 20221105-003, 20251015-005
歷史成交數: 3', false, '2026-03-05 16:13:20', '2026-03-05 16:13:20');
INSERT INTO "company_names" ("id", "customer_id", "company_name", "is_primary", "sort_order", "created_at", "updated_at") VALUES ('e1246358-847d-4b00-babb-0c1fa9871628', 'e41b8e97-7cc7-49df-8045-8fad73dbacfc', '馬來西亞商思想科技有限公司台灣分公司', true, 1, '2026-03-05 16:13:20', '2026-03-05 16:13:20');
INSERT INTO "locations" ("id", "customer_id", "name", "address", "is_primary", "sort_order", "created_at", "updated_at") VALUES ('bb396b9f-626a-4913-85ad-c024b53be9e1', 'e41b8e97-7cc7-49df-8045-8fad73dbacfc', '主要地址', '台北市中山區民權東路一段45號7樓', true, 1, '2026-03-05 16:13:20', '2026-03-05 16:13:20');
INSERT INTO "contacts" ("id", "customer_id", "name", "phone", "mobile", "email", "fax", "is_primary", "sort_order", "created_at", "updated_at") VALUES ('d9833964-9b51-4917-9a8b-29ed873b2e00', 'e41b8e97-7cc7-49df-8045-8fad73dbacfc', '丁秋玉 小姐', '02-7709-7530 #024', NULL, NULL, NULL, true, 1, '2026-03-05 16:13:20', '2026-03-05 16:13:20');
INSERT INTO "contacts" ("id", "customer_id", "name", "phone", "mobile", "email", "fax", "is_primary", "sort_order", "created_at", "updated_at") VALUES ('980b4643-45d0-43f8-b00a-fa49175c52ac', 'e41b8e97-7cc7-49df-8045-8fad73dbacfc', '聯絡人2', '02-7709-7530 #102', NULL, NULL, NULL, false, 2, '2026-03-05 16:13:20', '2026-03-05 16:13:20');
INSERT INTO "customers" ("id", "customer_number", "notes", "is_deleted", "created_at", "updated_at") VALUES ('53b73dea-1d02-46b0-8cda-1c84831d8069', '20210806-C01', '原始報價編號: 20210806-009
報價紀錄: 20210806-009, 20210907-003, 20220322-006
歷史成交數: 3', false, '2026-03-05 16:13:20', '2026-03-05 16:13:20');
INSERT INTO "company_names" ("id", "customer_id", "company_name", "is_primary", "sort_order", "created_at", "updated_at") VALUES ('37a48952-6e85-40c9-b2ab-96af6afd1357', '53b73dea-1d02-46b0-8cda-1c84831d8069', '先驅媒體社會企業股份有限公司', true, 1, '2026-03-05 16:13:20', '2026-03-05 16:13:20');
INSERT INTO "locations" ("id", "customer_id", "name", "address", "is_primary", "sort_order", "created_at", "updated_at") VALUES ('79fa2bcd-6324-4ceb-94c9-c8a91f1c0884', '53b73dea-1d02-46b0-8cda-1c84831d8069', '主要地址', '台北市內湖區行愛路141巷39號3樓', true, 1, '2026-03-05 16:13:20', '2026-03-05 16:13:20');
INSERT INTO "contacts" ("id", "customer_id", "name", "phone", "mobile", "email", "fax", "is_primary", "sort_order", "created_at", "updated_at") VALUES ('cac7c3a4-8c65-441f-9edc-ac38ac19e1e2', '53b73dea-1d02-46b0-8cda-1c84831d8069', '藍淑惠 小姐', '02-2341-8168 #214', NULL, NULL, NULL, true, 1, '2026-03-05 16:13:20', '2026-03-05 16:13:20');
INSERT INTO "customers" ("id", "customer_number", "notes", "is_deleted", "created_at", "updated_at") VALUES ('66d529b6-1368-4e60-8057-8763a4a09723', '20210806-C02', '原始報價編號: 20210806-010
報價紀錄: 20210806-010, 20211115-003, 20220413-007
歷史成交數: 3', false, '2026-03-05 16:13:20', '2026-03-05 16:13:20');
INSERT INTO "company_names" ("id", "customer_id", "company_name", "is_primary", "sort_order", "created_at", "updated_at") VALUES ('6515431b-04c2-4506-9d03-a022e8f4c254', '66d529b6-1368-4e60-8057-8763a4a09723', '景創工程企業有限公司', true, 1, '2026-03-05 16:13:20', '2026-03-05 16:13:20');
INSERT INTO "locations" ("id", "customer_id", "name", "address", "is_primary", "sort_order", "created_at", "updated_at") VALUES ('fb400285-2478-4eff-a63b-b94f580fde3d', '66d529b6-1368-4e60-8057-8763a4a09723', '主要地址', '台北市內湖區金湖路367巷36號', true, 1, '2026-03-05 16:13:20', '2026-03-05 16:13:20');
INSERT INTO "contacts" ("id", "customer_id", "name", "phone", "mobile", "email", "fax", "is_primary", "sort_order", "created_at", "updated_at") VALUES ('09e90be0-b464-4cb6-9ca6-54699e06ebd5', '66d529b6-1368-4e60-8057-8763a4a09723', '何若水 小姐', '02-2281-6904', '0972-087-104', NULL, NULL, true, 1, '2026-03-05 16:13:20', '2026-03-05 16:13:20');
INSERT INTO "customers" ("id", "customer_number", "notes", "is_deleted", "created_at", "updated_at") VALUES ('99e794e8-d3b5-480e-b06f-9764dca6c085', '20210811-C01', '原始報價編號: 20210811-002
報價紀錄: 20210811-002
歷史成交數: 1', false, '2026-03-05 16:13:20', '2026-03-05 16:13:20');
INSERT INTO "company_names" ("id", "customer_id", "company_name", "is_primary", "sort_order", "created_at", "updated_at") VALUES ('f0ed5ca2-3c60-450f-b5d9-7c32a476c200', '99e794e8-d3b5-480e-b06f-9764dca6c085', '太然空間設計有限公司', true, 1, '2026-03-05 16:13:20', '2026-03-05 16:13:20');
INSERT INTO "locations" ("id", "customer_id", "name", "address", "is_primary", "sort_order", "created_at", "updated_at") VALUES ('732437e2-5225-4f3c-8624-787c386a0d9b', '99e794e8-d3b5-480e-b06f-9764dca6c085', '主要地址', '台北市大同區重慶北路三段216號', true, 1, '2026-03-05 16:13:20', '2026-03-05 16:13:20');
INSERT INTO "contacts" ("id", "customer_id", "name", "phone", "mobile", "email", "fax", "is_primary", "sort_order", "created_at", "updated_at") VALUES ('b4144a7f-320c-420c-80ea-072d4892fbb5', '99e794e8-d3b5-480e-b06f-9764dca6c085', '周小姐', '02-2595-6362 #33', NULL, NULL, NULL, true, 1, '2026-03-05 16:13:20', '2026-03-05 16:13:20');
INSERT INTO "customers" ("id", "customer_number", "notes", "is_deleted", "created_at", "updated_at") VALUES ('3bc56961-551e-4152-a4a3-17a7d2ad93d6', '20210811-C02', '原始報價編號: 20210811-005
報價紀錄: 20210811-005, 20220803-005
歷史成交數: 2', false, '2026-03-05 16:13:20', '2026-03-05 16:13:20');
INSERT INTO "company_names" ("id", "customer_id", "company_name", "is_primary", "sort_order", "created_at", "updated_at") VALUES ('715d359d-37ba-440c-a37f-73f8dd5d81cd', '3bc56961-551e-4152-a4a3-17a7d2ad93d6', '士加股份有限公司', true, 1, '2026-03-05 16:13:20', '2026-03-05 16:13:20');
INSERT INTO "locations" ("id", "customer_id", "name", "address", "is_primary", "sort_order", "created_at", "updated_at") VALUES ('a3e3f3ae-dd31-44ba-90bb-d1dc8e8f9f7f', '3bc56961-551e-4152-a4a3-17a7d2ad93d6', '主要地址', '新北市新店區中正路538巷3號2樓', true, 1, '2026-03-05 16:13:20', '2026-03-05 16:13:20');
INSERT INTO "contacts" ("id", "customer_id", "name", "phone", "mobile", "email", "fax", "is_primary", "sort_order", "created_at", "updated_at") VALUES ('21d5780a-c0f3-40c5-bd4e-a7fe3cc019da', '3bc56961-551e-4152-a4a3-17a7d2ad93d6', '張小姐', '02-2218-3066', '0988-819-082', NULL, NULL, true, 1, '2026-03-05 16:13:20', '2026-03-05 16:13:20');
INSERT INTO "contacts" ("id", "customer_id", "name", "phone", "mobile", "email", "fax", "is_primary", "sort_order", "created_at", "updated_at") VALUES ('219c551d-b81f-4f88-a390-001bec805d8c', '3bc56961-551e-4152-a4a3-17a7d2ad93d6', '魏士翔 先生', NULL, NULL, NULL, NULL, false, 2, '2026-03-05 16:13:20', '2026-03-05 16:13:20');
INSERT INTO "customers" ("id", "customer_number", "notes", "is_deleted", "created_at", "updated_at") VALUES ('e8ab7483-f61c-4d9e-acae-46505897140b', '20210818-C01', '原始報價編號: 20210818-010
報價紀錄: 20210818-010
歷史成交數: 1', false, '2026-03-05 16:13:20', '2026-03-05 16:13:20');
INSERT INTO "company_names" ("id", "customer_id", "company_name", "is_primary", "sort_order", "created_at", "updated_at") VALUES ('f322e5b9-d4dd-48c8-84f9-99e6afcf031b', 'e8ab7483-f61c-4d9e-acae-46505897140b', '寶積企業有限公司', true, 1, '2026-03-05 16:13:20', '2026-03-05 16:13:20');
INSERT INTO "locations" ("id", "customer_id", "name", "address", "is_primary", "sort_order", "created_at", "updated_at") VALUES ('186b4e38-7a1e-4e69-af0e-b696a0214194', 'e8ab7483-f61c-4d9e-acae-46505897140b', '主要地址', '台北市內湖區內湖路一段360巷15號6樓之3', true, 1, '2026-03-05 16:13:20', '2026-03-05 16:13:20');
INSERT INTO "contacts" ("id", "customer_id", "name", "phone", "mobile", "email", "fax", "is_primary", "sort_order", "created_at", "updated_at") VALUES ('136df7a5-a0c0-4eb1-ba96-99a0e476a777', 'e8ab7483-f61c-4d9e-acae-46505897140b', '陳小姐', '02-2799-6788', NULL, NULL, NULL, true, 1, '2026-03-05 16:13:20', '2026-03-05 16:13:20');
INSERT INTO "customers" ("id", "customer_number", "notes", "is_deleted", "created_at", "updated_at") VALUES ('e57b5ba5-12d6-4cee-afeb-f2cf1011c1e1', '20210820-C01', '原始報價編號: 20210820-008
報價紀錄: 20210820-008
歷史成交數: 1', false, '2026-03-05 16:13:20', '2026-03-05 16:13:20');
INSERT INTO "company_names" ("id", "customer_id", "company_name", "is_primary", "sort_order", "created_at", "updated_at") VALUES ('4b214b8a-b959-4845-a466-65cdfc187208', 'e57b5ba5-12d6-4cee-afeb-f2cf1011c1e1', '志伸股份有限公司', true, 1, '2026-03-05 16:13:20', '2026-03-05 16:13:20');
INSERT INTO "locations" ("id", "customer_id", "name", "address", "is_primary", "sort_order", "created_at", "updated_at") VALUES ('2ca29310-3a79-4931-845e-72494b0038b3', 'e57b5ba5-12d6-4cee-afeb-f2cf1011c1e1', '主要地址', '台北市內湖區南京東路六段386號12樓', true, 1, '2026-03-05 16:13:20', '2026-03-05 16:13:20');
INSERT INTO "contacts" ("id", "customer_id", "name", "phone", "mobile", "email", "fax", "is_primary", "sort_order", "created_at", "updated_at") VALUES ('963cc27b-5fc6-4e37-ab43-87227b639582', 'e57b5ba5-12d6-4cee-afeb-f2cf1011c1e1', '廖翊鈞 先生', '02-8791-8399 #604', '0910-313-063', NULL, NULL, true, 1, '2026-03-05 16:13:20', '2026-03-05 16:13:20');
INSERT INTO "customers" ("id", "customer_number", "notes", "is_deleted", "created_at", "updated_at") VALUES ('04c04c11-46fc-4415-b843-85292863c38d', '20210821-C01', '原始報價編號: 20210821-003
報價紀錄: 20210821-003
歷史成交數: 1', false, '2026-03-05 16:13:20', '2026-03-05 16:13:20');
INSERT INTO "locations" ("id", "customer_id", "name", "address", "is_primary", "sort_order", "created_at", "updated_at") VALUES ('3cfd07b0-3512-4d5c-bc13-481055e014de', '04c04c11-46fc-4415-b843-85292863c38d', '主要地址', '台北市龍江街317巷1之1號1樓', true, 1, '2026-03-05 16:13:20', '2026-03-05 16:13:20');
INSERT INTO "contacts" ("id", "customer_id", "name", "phone", "mobile", "email", "fax", "is_primary", "sort_order", "created_at", "updated_at") VALUES ('b472416d-fc36-498f-b496-347f9756df4c', '04c04c11-46fc-4415-b843-85292863c38d', '廖小姐', NULL, '0933-006-061', NULL, NULL, true, 1, '2026-03-05 16:13:20', '2026-03-05 16:13:20');
INSERT INTO "customers" ("id", "customer_number", "notes", "is_deleted", "created_at", "updated_at") VALUES ('086c5448-4d9f-4788-b2c7-d939f1352a05', '20210825-C01', '原始報價編號: 20210825-005
報價紀錄: 20210825-005
歷史成交數: 1', false, '2026-03-05 16:13:20', '2026-03-05 16:13:20');
INSERT INTO "company_names" ("id", "customer_id", "company_name", "is_primary", "sort_order", "created_at", "updated_at") VALUES ('2734cdc5-a20e-4cc7-b111-a601b2621fe6', '086c5448-4d9f-4788-b2c7-d939f1352a05', '元佑實業股份有限公司', true, 1, '2026-03-05 16:13:20', '2026-03-05 16:13:20');
INSERT INTO "locations" ("id", "customer_id", "name", "address", "is_primary", "sort_order", "created_at", "updated_at") VALUES ('82341ded-9080-4753-9275-c17f388d1a02', '086c5448-4d9f-4788-b2c7-d939f1352a05', '主要地址', '台北市松山區寶清街111巷31號', true, 1, '2026-03-05 16:13:20', '2026-03-05 16:13:20');
INSERT INTO "contacts" ("id", "customer_id", "name", "phone", "mobile", "email", "fax", "is_primary", "sort_order", "created_at", "updated_at") VALUES ('f1cdae3b-0616-423a-9156-28f20e52e56b', '086c5448-4d9f-4788-b2c7-d939f1352a05', '施先生', NULL, '0983-023-235', NULL, NULL, true, 1, '2026-03-05 16:13:20', '2026-03-05 16:13:20');
INSERT INTO "customers" ("id", "customer_number", "notes", "is_deleted", "created_at", "updated_at") VALUES ('0fdd2e4e-d033-407d-85ec-c400fa264e23', '20210825-C02', '原始報價編號: 20210825-006
報價紀錄: 20210825-006, 20220314-005
歷史成交數: 2', false, '2026-03-05 16:13:20', '2026-03-05 16:13:20');
INSERT INTO "company_names" ("id", "customer_id", "company_name", "is_primary", "sort_order", "created_at", "updated_at") VALUES ('dcc53b5d-68e2-4880-8089-04189c2b5128', '0fdd2e4e-d033-407d-85ec-c400fa264e23', '希世比能源科技股份有限公司', true, 1, '2026-03-05 16:13:20', '2026-03-05 16:13:20');
INSERT INTO "locations" ("id", "customer_id", "name", "address", "is_primary", "sort_order", "created_at", "updated_at") VALUES ('264a0278-86eb-4bb7-b450-7c3ab665f5c4', '0fdd2e4e-d033-407d-85ec-c400fa264e23', '主要地址', '台北市承德路四段150號11樓', true, 1, '2026-03-05 16:13:20', '2026-03-05 16:13:20');
INSERT INTO "contacts" ("id", "customer_id", "name", "phone", "mobile", "email", "fax", "is_primary", "sort_order", "created_at", "updated_at") VALUES ('42df7af5-2c1a-4ea8-879b-fbbab99fd24a', '0fdd2e4e-d033-407d-85ec-c400fa264e23', '藍小姐', '02-2880-5600 #312', '0905-402-973', NULL, NULL, true, 1, '2026-03-05 16:13:20', '2026-03-05 16:13:20');
INSERT INTO "contacts" ("id", "customer_id", "name", "phone", "mobile", "email", "fax", "is_primary", "sort_order", "created_at", "updated_at") VALUES ('2063e1b6-9673-4774-aaef-5f601eb0d955', '0fdd2e4e-d033-407d-85ec-c400fa264e23', '王雍順 先生', '02-2880-5600 #308', NULL, NULL, NULL, false, 2, '2026-03-05 16:13:20', '2026-03-05 16:13:20');
INSERT INTO "customers" ("id", "customer_number", "notes", "is_deleted", "created_at", "updated_at") VALUES ('3b5ff3d6-30f8-4b07-9001-2b8bd5864d7b', '20210901-C01', '原始報價編號: 20210901-003
報價紀錄: 20210901-003
歷史成交數: 1', false, '2026-03-05 16:13:20', '2026-03-05 16:13:20');
INSERT INTO "locations" ("id", "customer_id", "name", "address", "is_primary", "sort_order", "created_at", "updated_at") VALUES ('c4ee244f-6282-440e-82c0-94fd42c5c2dd', '3b5ff3d6-30f8-4b07-9001-2b8bd5864d7b', '主要地址', '台北市中正區忠孝東路一段85號5樓', true, 1, '2026-03-05 16:13:20', '2026-03-05 16:13:20');
INSERT INTO "contacts" ("id", "customer_id", "name", "phone", "mobile", "email", "fax", "is_primary", "sort_order", "created_at", "updated_at") VALUES ('f678520b-c533-4c36-b578-74e910dce428', '3b5ff3d6-30f8-4b07-9001-2b8bd5864d7b', '吳偲豪 先生', NULL, '0935-541-254', NULL, NULL, true, 1, '2026-03-05 16:13:20', '2026-03-05 16:13:20');
INSERT INTO "customers" ("id", "customer_number", "notes", "is_deleted", "created_at", "updated_at") VALUES ('7dcbffa9-5f88-4ef2-ae99-7e1d7e14aa6b', '20210901-C02', '原始報價編號: 20210901-006
報價紀錄: 20210901-006
歷史成交數: 1', false, '2026-03-05 16:13:20', '2026-03-05 16:13:20');
INSERT INTO "company_names" ("id", "customer_id", "company_name", "is_primary", "sort_order", "created_at", "updated_at") VALUES ('b9839c1a-07df-4b04-a0b6-76474d266fe6', '7dcbffa9-5f88-4ef2-ae99-7e1d7e14aa6b', '儷舍大廈管理委員會', true, 1, '2026-03-05 16:13:20', '2026-03-05 16:13:20');
INSERT INTO "locations" ("id", "customer_id", "name", "address", "is_primary", "sort_order", "created_at", "updated_at") VALUES ('4e3a6e66-6dd1-43ba-bc55-0f070407ccbb', '7dcbffa9-5f88-4ef2-ae99-7e1d7e14aa6b', '主要地址', '台北市大安區四維路14巷15號1樓', true, 1, '2026-03-05 16:13:20', '2026-03-05 16:13:20');
INSERT INTO "contacts" ("id", "customer_id", "name", "phone", "mobile", "email", "fax", "is_primary", "sort_order", "created_at", "updated_at") VALUES ('ccee746c-ef0d-4240-b9bb-942b925f1e26', '7dcbffa9-5f88-4ef2-ae99-7e1d7e14aa6b', '預設聯絡人', '02-2707-0017', NULL, NULL, NULL, true, 1, '2026-03-05 16:13:20', '2026-03-05 16:13:20');
INSERT INTO "customers" ("id", "customer_number", "notes", "is_deleted", "created_at", "updated_at") VALUES ('c43397c3-0e2a-4dad-bfcc-4a48a6deece1', '20210902-C01', '原始報價編號: 20210902-005
報價紀錄: 20210902-005, 20220411-003, 20220526-008
歷史成交數: 3', false, '2026-03-05 16:13:20', '2026-03-05 16:13:20');
INSERT INTO "company_names" ("id", "customer_id", "company_name", "is_primary", "sort_order", "created_at", "updated_at") VALUES ('ae49b7f6-3ca1-433f-a464-6201fefec2b5', 'c43397c3-0e2a-4dad-bfcc-4a48a6deece1', '普立得科技有限公司', true, 1, '2026-03-05 16:13:20', '2026-03-05 16:13:20');
INSERT INTO "locations" ("id", "customer_id", "name", "address", "is_primary", "sort_order", "created_at", "updated_at") VALUES ('15da1962-890b-4cb4-9d9f-edcb741e4b0d', 'c43397c3-0e2a-4dad-bfcc-4a48a6deece1', '主要地址', '新北市中和區建康路164號11樓', true, 1, '2026-03-05 16:13:20', '2026-03-05 16:13:20');
INSERT INTO "contacts" ("id", "customer_id", "name", "phone", "mobile", "email", "fax", "is_primary", "sort_order", "created_at", "updated_at") VALUES ('5de8c5f4-f329-45e9-ba73-48c330a19a06', 'c43397c3-0e2a-4dad-bfcc-4a48a6deece1', '陳彥翔 先生', '02-8228-1900 #305', NULL, NULL, NULL, true, 1, '2026-03-05 16:13:20', '2026-03-05 16:13:20');
INSERT INTO "customers" ("id", "customer_number", "notes", "is_deleted", "created_at", "updated_at") VALUES ('f2c65f4b-3844-45b7-9d4a-19f42a777dfe', '20210906-C01', '原始報價編號: 20210906-011
報價紀錄: 20210906-011, 20251105-003
歷史成交數: 2', false, '2026-03-05 16:13:20', '2026-03-05 16:13:20');
INSERT INTO "company_names" ("id", "customer_id", "company_name", "is_primary", "sort_order", "created_at", "updated_at") VALUES ('c77745f5-e5e3-4412-987e-048d7df76a02', 'f2c65f4b-3844-45b7-9d4a-19f42a777dfe', '臺北市私立書宜幼兒園', true, 1, '2026-03-05 16:13:20', '2026-03-05 16:13:20');
INSERT INTO "locations" ("id", "customer_id", "name", "address", "is_primary", "sort_order", "created_at", "updated_at") VALUES ('e1fd0abf-7120-42e3-8c36-5e4602f3e349', 'f2c65f4b-3844-45b7-9d4a-19f42a777dfe', '主要地址', '台北市文山區羅斯福路六段150巷22號1樓', true, 1, '2026-03-05 16:13:20', '2026-03-05 16:13:20');
INSERT INTO "contacts" ("id", "customer_id", "name", "phone", "mobile", "email", "fax", "is_primary", "sort_order", "created_at", "updated_at") VALUES ('5d3d9a4b-c319-439a-a8ed-f5c06522e48f', 'f2c65f4b-3844-45b7-9d4a-19f42a777dfe', '陳主任', '02-8932-2211', NULL, NULL, NULL, true, 1, '2026-03-05 16:13:20', '2026-03-05 16:13:20');
INSERT INTO "contacts" ("id", "customer_id", "name", "phone", "mobile", "email", "fax", "is_primary", "sort_order", "created_at", "updated_at") VALUES ('cc6e4f0d-aeb7-490e-a2a4-3fcb218ca551', 'f2c65f4b-3844-45b7-9d4a-19f42a777dfe', '姜小姐', NULL, NULL, NULL, NULL, false, 2, '2026-03-05 16:13:20', '2026-03-05 16:13:20');
INSERT INTO "customers" ("id", "customer_number", "notes", "is_deleted", "created_at", "updated_at") VALUES ('07b51547-8ece-404a-86c8-5919f8d864a2', '20210909-C01', '原始報價編號: 20210909-010
報價紀錄: 20210909-010, 20210910-010
歷史成交數: 2', false, '2026-03-05 16:13:20', '2026-03-05 16:13:20');
INSERT INTO "company_names" ("id", "customer_id", "company_name", "is_primary", "sort_order", "created_at", "updated_at") VALUES ('8105c122-df9b-4892-9a7b-edf219d34620', '07b51547-8ece-404a-86c8-5919f8d864a2', '呂工十有限公司', true, 1, '2026-03-05 16:13:20', '2026-03-05 16:13:20');
INSERT INTO "company_names" ("id", "customer_id", "company_name", "is_primary", "sort_order", "created_at", "updated_at") VALUES ('08f1544b-692a-41b0-a3b9-5c6134d54165', '07b51547-8ece-404a-86c8-5919f8d864a2', '台灣艾納康有限公司', false, 2, '2026-03-05 16:13:20', '2026-03-05 16:13:20');
INSERT INTO "locations" ("id", "customer_id", "name", "address", "is_primary", "sort_order", "created_at", "updated_at") VALUES ('30dafa68-785c-404e-9af9-cb1351672030', '07b51547-8ece-404a-86c8-5919f8d864a2', '主要地址', '台北市大安區光復南路180巷1號B1', true, 1, '2026-03-05 16:13:20', '2026-03-05 16:13:20');
INSERT INTO "contacts" ("id", "customer_id", "name", "phone", "mobile", "email", "fax", "is_primary", "sort_order", "created_at", "updated_at") VALUES ('0ddbf5c2-cddb-439f-8600-95d162d6fff2', '07b51547-8ece-404a-86c8-5919f8d864a2', '郭小姐', '02-8726-3732', '0905-327-509', NULL, NULL, true, 1, '2026-03-05 16:13:20', '2026-03-05 16:13:20');
INSERT INTO "contacts" ("id", "customer_id", "name", "phone", "mobile", "email", "fax", "is_primary", "sort_order", "created_at", "updated_at") VALUES ('ba90206e-3202-48ee-9c79-998f03156d78', '07b51547-8ece-404a-86c8-5919f8d864a2', 'WYL', NULL, NULL, NULL, NULL, false, 2, '2026-03-05 16:13:20', '2026-03-05 16:13:20');
INSERT INTO "customers" ("id", "customer_number", "notes", "is_deleted", "created_at", "updated_at") VALUES ('afdf0672-f820-4eee-ba0d-7cffa6ac3852', '20210910-C01', '原始報價編號: 20210910-013
報價紀錄: 20210910-013, 20210910-014
歷史成交數: 2', false, '2026-03-05 16:13:20', '2026-03-05 16:13:20');
INSERT INTO "company_names" ("id", "customer_id", "company_name", "is_primary", "sort_order", "created_at", "updated_at") VALUES ('5c26b6da-af2a-41c3-8237-3a782a8dc72d', 'afdf0672-f820-4eee-ba0d-7cffa6ac3852', '元昕商務管理顧問股份有限公司', true, 1, '2026-03-05 16:13:20', '2026-03-05 16:13:20');
INSERT INTO "locations" ("id", "customer_id", "name", "address", "is_primary", "sort_order", "created_at", "updated_at") VALUES ('41b6f21f-13e7-4382-9806-f1e1e8799329', 'afdf0672-f820-4eee-ba0d-7cffa6ac3852', '主要地址', '新北市新莊區新北大道四段171號2樓及173號2樓', true, 1, '2026-03-05 16:13:20', '2026-03-05 16:13:20');
INSERT INTO "contacts" ("id", "customer_id", "name", "phone", "mobile", "email", "fax", "is_primary", "sort_order", "created_at", "updated_at") VALUES ('7916eed3-1b5c-43ca-b9c4-d9add91c19de', 'afdf0672-f820-4eee-ba0d-7cffa6ac3852', '林秀蘭 小姐', NULL, '0929-311-453', NULL, NULL, true, 1, '2026-03-05 16:13:20', '2026-03-05 16:13:20');
INSERT INTO "customers" ("id", "customer_number", "notes", "is_deleted", "created_at", "updated_at") VALUES ('9669d4e2-ee47-4055-b90a-0d0b84d08d79', '20210913-C01', '原始報價編號: 20210913-003
報價紀錄: 20210913-003
歷史成交數: 1', false, '2026-03-05 16:13:20', '2026-03-05 16:13:20');
INSERT INTO "company_names" ("id", "customer_id", "company_name", "is_primary", "sort_order", "created_at", "updated_at") VALUES ('44620998-c41d-41aa-9a7f-fe9d4e33856e', '9669d4e2-ee47-4055-b90a-0d0b84d08d79', '賓力實業有限公司', true, 1, '2026-03-05 16:13:20', '2026-03-05 16:13:20');
INSERT INTO "locations" ("id", "customer_id", "name", "address", "is_primary", "sort_order", "created_at", "updated_at") VALUES ('3790270d-0595-420c-ae35-99a7bb836f95', '9669d4e2-ee47-4055-b90a-0d0b84d08d79', '主要地址', '台北市大安區復興南路二段236號12樓之3', true, 1, '2026-03-05 16:13:20', '2026-03-05 16:13:20');
INSERT INTO "contacts" ("id", "customer_id", "name", "phone", "mobile", "email", "fax", "is_primary", "sort_order", "created_at", "updated_at") VALUES ('629e1dd3-51e5-4994-89b3-e229e1757661', '9669d4e2-ee47-4055-b90a-0d0b84d08d79', '張欣蘋 小姐', '02-5579-6888', '0960-642-787', NULL, NULL, true, 1, '2026-03-05 16:13:20', '2026-03-05 16:13:20');
INSERT INTO "customers" ("id", "customer_number", "notes", "is_deleted", "created_at", "updated_at") VALUES ('c29186ba-06fe-4544-9c0d-e938766e363b', '20210915-C01', '原始報價編號: 20210915-003
報價紀錄: 20210915-003, 20220216-011
歷史成交數: 2', false, '2026-03-05 16:13:20', '2026-03-05 16:13:20');
INSERT INTO "company_names" ("id", "customer_id", "company_name", "is_primary", "sort_order", "created_at", "updated_at") VALUES ('b5d78756-4c6b-44f9-ad96-29694082d4d1', 'c29186ba-06fe-4544-9c0d-e938766e363b', '富義實業有限公司', true, 1, '2026-03-05 16:13:20', '2026-03-05 16:13:20');
INSERT INTO "locations" ("id", "customer_id", "name", "address", "is_primary", "sort_order", "created_at", "updated_at") VALUES ('d70aa2fe-56e6-4626-8913-931162419ca7', 'c29186ba-06fe-4544-9c0d-e938766e363b', '主要地址', '台北市松山區民權東路三段170號5樓4-7室', true, 1, '2026-03-05 16:13:20', '2026-03-05 16:13:20');
INSERT INTO "contacts" ("id", "customer_id", "name", "phone", "mobile", "email", "fax", "is_primary", "sort_order", "created_at", "updated_at") VALUES ('28df9eb0-c005-4e12-8ad7-530cbf5adf54', 'c29186ba-06fe-4544-9c0d-e938766e363b', '翁小姐', '02-2712-3331 #326', NULL, NULL, NULL, true, 1, '2026-03-05 16:13:20', '2026-03-05 16:13:20');
INSERT INTO "customers" ("id", "customer_number", "notes", "is_deleted", "created_at", "updated_at") VALUES ('f8647eec-6e96-4264-9bfd-b07cb6fda345', '20210922-C01', '原始報價編號: 20210922-015
報價紀錄: 20210922-015, 20220613-005
歷史成交數: 2', false, '2026-03-05 16:13:20', '2026-03-05 16:13:20');
INSERT INTO "company_names" ("id", "customer_id", "company_name", "is_primary", "sort_order", "created_at", "updated_at") VALUES ('b00baa0c-6efb-40e7-8814-4e56d0b3d05d', 'f8647eec-6e96-4264-9bfd-b07cb6fda345', '智星教育用品股份有限公司', true, 1, '2026-03-05 16:13:20', '2026-03-05 16:13:20');
INSERT INTO "locations" ("id", "customer_id", "name", "address", "is_primary", "sort_order", "created_at", "updated_at") VALUES ('276183bd-03d4-4b5a-910d-d809c806b41b', 'f8647eec-6e96-4264-9bfd-b07cb6fda345', '主要地址', '台北市松山區復興北路301&303號9樓', true, 1, '2026-03-05 16:13:20', '2026-03-05 16:13:20');
INSERT INTO "contacts" ("id", "customer_id", "name", "phone", "mobile", "email", "fax", "is_primary", "sort_order", "created_at", "updated_at") VALUES ('75d2a0d4-ecfb-4864-86f7-badcfa20bdc2', 'f8647eec-6e96-4264-9bfd-b07cb6fda345', 'Mori', '02-2713-4155', NULL, NULL, NULL, true, 1, '2026-03-05 16:13:20', '2026-03-05 16:13:20');
INSERT INTO "customers" ("id", "customer_number", "notes", "is_deleted", "created_at", "updated_at") VALUES ('6485c576-d438-41a7-94e0-bfabd18b868c', '20210922-C02', '原始報價編號: 20210922-017
報價紀錄: 20210922-017
歷史成交數: 1', false, '2026-03-05 16:13:20', '2026-03-05 16:13:20');
INSERT INTO "company_names" ("id", "customer_id", "company_name", "is_primary", "sort_order", "created_at", "updated_at") VALUES ('5762bfaa-f3c7-45f2-bc44-a5be70fd53d8', '6485c576-d438-41a7-94e0-bfabd18b868c', '英渥德科技股份有限公司', true, 1, '2026-03-05 16:13:20', '2026-03-05 16:13:20');
INSERT INTO "locations" ("id", "customer_id", "name", "address", "is_primary", "sort_order", "created_at", "updated_at") VALUES ('c4fcfb60-c688-4850-b43a-ff0dcbc20437', '6485c576-d438-41a7-94e0-bfabd18b868c', '主要地址', '台北市大安區信義路四段303號10樓', true, 1, '2026-03-05 16:13:20', '2026-03-05 16:13:20');
INSERT INTO "contacts" ("id", "customer_id", "name", "phone", "mobile", "email", "fax", "is_primary", "sort_order", "created_at", "updated_at") VALUES ('1963ed91-27f4-4f92-8e0d-73d083fbfbd5', '6485c576-d438-41a7-94e0-bfabd18b868c', '張思萍 小姐', '02-2754-9966 #625', NULL, NULL, NULL, true, 1, '2026-03-05 16:13:20', '2026-03-05 16:13:20');
INSERT INTO "customers" ("id", "customer_number", "notes", "is_deleted", "created_at", "updated_at") VALUES ('c6cfaaf0-d267-44f5-88fc-fa75840c3d83', '20210928-C01', '原始報價編號: 20210928-008
報價紀錄: 20210928-008
歷史成交數: 1', false, '2026-03-05 16:13:20', '2026-03-05 16:13:20');
INSERT INTO "company_names" ("id", "customer_id", "company_name", "is_primary", "sort_order", "created_at", "updated_at") VALUES ('607a46f9-5673-4e82-843e-6a2bffabd204', 'c6cfaaf0-d267-44f5-88fc-fa75840c3d83', '佛特納國際資訊有限公司', true, 1, '2026-03-05 16:13:20', '2026-03-05 16:13:20');
INSERT INTO "locations" ("id", "customer_id", "name", "address", "is_primary", "sort_order", "created_at", "updated_at") VALUES ('1cc195a1-a7e5-4e2b-a706-c46366ddd202', 'c6cfaaf0-d267-44f5-88fc-fa75840c3d83', '主要地址', '台北市大同區長安西路150號7樓', true, 1, '2026-03-05 16:13:20', '2026-03-05 16:13:20');
INSERT INTO "contacts" ("id", "customer_id", "name", "phone", "mobile", "email", "fax", "is_primary", "sort_order", "created_at", "updated_at") VALUES ('c4c9f25c-cb54-470a-885a-36a6fabf7296', 'c6cfaaf0-d267-44f5-88fc-fa75840c3d83', 'Kim', NULL, '0909-054-587', NULL, NULL, true, 1, '2026-03-05 16:13:20', '2026-03-05 16:13:20');
INSERT INTO "customers" ("id", "customer_number", "notes", "is_deleted", "created_at", "updated_at") VALUES ('7a9762dc-35ea-40b5-9d9c-fa21d8236c08', '20210928-C02', '原始報價編號: 20210928-009
報價紀錄: 20210928-009, 20220113-003
歷史成交數: 2', false, '2026-03-05 16:13:20', '2026-03-05 16:13:20');
INSERT INTO "company_names" ("id", "customer_id", "company_name", "is_primary", "sort_order", "created_at", "updated_at") VALUES ('e1dc7aef-e451-42a1-96cf-3ff9b8f71f46', '7a9762dc-35ea-40b5-9d9c-fa21d8236c08', '台灣德司達股份有限公司', true, 1, '2026-03-05 16:13:20', '2026-03-05 16:13:20');
INSERT INTO "locations" ("id", "customer_id", "name", "address", "is_primary", "sort_order", "created_at", "updated_at") VALUES ('23e7f16a-975f-4b1a-8fb0-1f0382bb60b2', '7a9762dc-35ea-40b5-9d9c-fa21d8236c08', '主要地址', '台北市中正區衡陽路7號3樓', true, 1, '2026-03-05 16:13:20', '2026-03-05 16:13:20');
INSERT INTO "contacts" ("id", "customer_id", "name", "phone", "mobile", "email", "fax", "is_primary", "sort_order", "created_at", "updated_at") VALUES ('b7bbdce7-022c-418c-b340-ef42fb77ed0f', '7a9762dc-35ea-40b5-9d9c-fa21d8236c08', 'Debby Wu', '02-2311-3998 #318', NULL, NULL, NULL, true, 1, '2026-03-05 16:13:20', '2026-03-05 16:13:20');
INSERT INTO "contacts" ("id", "customer_id", "name", "phone", "mobile", "email", "fax", "is_primary", "sort_order", "created_at", "updated_at") VALUES ('074e99d9-60a8-4a71-a4a5-8370f043ce6e', '7a9762dc-35ea-40b5-9d9c-fa21d8236c08', '吳小姐', NULL, NULL, NULL, NULL, false, 2, '2026-03-05 16:13:20', '2026-03-05 16:13:20');
INSERT INTO "customers" ("id", "customer_number", "notes", "is_deleted", "created_at", "updated_at") VALUES ('24f4de95-e328-4369-b310-cd5f8f37e713', '20211005-C01', '原始報價編號: 20211005-003
報價紀錄: 20211005-003
歷史成交數: 1', false, '2026-03-05 16:13:20', '2026-03-05 16:13:20');
INSERT INTO "company_names" ("id", "customer_id", "company_name", "is_primary", "sort_order", "created_at", "updated_at") VALUES ('b143448c-f1d7-4f0f-98e9-ecb637755ba6', '24f4de95-e328-4369-b310-cd5f8f37e713', '許坤錩建築師事務所/ 禾舍設計', true, 1, '2026-03-05 16:13:20', '2026-03-05 16:13:20');
INSERT INTO "locations" ("id", "customer_id", "name", "address", "is_primary", "sort_order", "created_at", "updated_at") VALUES ('0af7d958-1c19-4dc3-aea2-9b72fcf0e2fe', '24f4de95-e328-4369-b310-cd5f8f37e713', '主要地址', '台東縣台東市上海街14巷31弄8號', true, 1, '2026-03-05 16:13:20', '2026-03-05 16:13:20');
INSERT INTO "contacts" ("id", "customer_id", "name", "phone", "mobile", "email", "fax", "is_primary", "sort_order", "created_at", "updated_at") VALUES ('a900ebc5-8751-4702-8166-4ee10857e1e5', '24f4de95-e328-4369-b310-cd5f8f37e713', '王思喻 小姐', NULL, '0919-470-605', NULL, NULL, true, 1, '2026-03-05 16:13:20', '2026-03-05 16:13:20');
INSERT INTO "customers" ("id", "customer_number", "notes", "is_deleted", "created_at", "updated_at") VALUES ('149b12d3-6d28-4a1c-b6ff-5f92d394a2f4', '20211007-C01', '原始報價編號: 20211007-006
報價紀錄: 20211007-006, 20221118-003
歷史成交數: 2', false, '2026-03-05 16:13:20', '2026-03-05 16:13:20');
INSERT INTO "company_names" ("id", "customer_id", "company_name", "is_primary", "sort_order", "created_at", "updated_at") VALUES ('8dcc6253-32da-4725-8dd8-48f4029ef48d', '149b12d3-6d28-4a1c-b6ff-5f92d394a2f4', '凱易資訊股份有限公司', true, 1, '2026-03-05 16:13:20', '2026-03-05 16:13:20');
INSERT INTO "locations" ("id", "customer_id", "name", "address", "is_primary", "sort_order", "created_at", "updated_at") VALUES ('38eabb33-c0a9-40f6-9c20-b8d0bb87fa9d', '149b12d3-6d28-4a1c-b6ff-5f92d394a2f4', '主要地址', '台北市松山區敦化北路207號8樓之4', true, 1, '2026-03-05 16:13:20', '2026-03-05 16:13:20');
INSERT INTO "contacts" ("id", "customer_id", "name", "phone", "mobile", "email", "fax", "is_primary", "sort_order", "created_at", "updated_at") VALUES ('2b646eb1-e282-4104-827b-f19b71e89150', '149b12d3-6d28-4a1c-b6ff-5f92d394a2f4', '高國瑄 小姐', NULL, '0922-023-930', NULL, NULL, true, 1, '2026-03-05 16:13:20', '2026-03-05 16:13:20');
INSERT INTO "customers" ("id", "customer_number", "notes", "is_deleted", "created_at", "updated_at") VALUES ('d40e5361-3004-47dc-8790-a1a532117f3d', '20211021-C01', '原始報價編號: 20211021-010
報價紀錄: 20211021-010, 20220622-003, 20220623-010, 20220721-005, 20230601-003
歷史成交數: 5', false, '2026-03-05 16:13:20', '2026-03-05 16:13:20');
INSERT INTO "company_names" ("id", "customer_id", "company_name", "is_primary", "sort_order", "created_at", "updated_at") VALUES ('97bcc1c4-fb61-4f17-ba84-95633f724915', 'd40e5361-3004-47dc-8790-a1a532117f3d', '易麗企業有限公司', true, 1, '2026-03-05 16:13:20', '2026-03-05 16:13:20');
INSERT INTO "locations" ("id", "customer_id", "name", "address", "is_primary", "sort_order", "created_at", "updated_at") VALUES ('cc2b321b-9a2a-466e-8d32-6e8dc257c753', 'd40e5361-3004-47dc-8790-a1a532117f3d', '主要地址', '台北市大安區仁愛路四段79號5樓', true, 1, '2026-03-05 16:13:20', '2026-03-05 16:13:20');
INSERT INTO "contacts" ("id", "customer_id", "name", "phone", "mobile", "email", "fax", "is_primary", "sort_order", "created_at", "updated_at") VALUES ('08617612-5a54-4e99-9ab5-46b1dcb6a5c5', 'd40e5361-3004-47dc-8790-a1a532117f3d', '梁錦政 先生', '02-2772-7508', '0910-009-876', NULL, NULL, true, 1, '2026-03-05 16:13:20', '2026-03-05 16:13:20');
INSERT INTO "customers" ("id", "customer_number", "notes", "is_deleted", "created_at", "updated_at") VALUES ('cd8e3726-31c6-4a4a-905a-49f25d6a7fa5', '20211025-C01', '原始報價編號: 20211025-003
報價紀錄: 20211025-003, 20240220-003
歷史成交數: 2', false, '2026-03-05 16:13:20', '2026-03-05 16:13:20');
INSERT INTO "company_names" ("id", "customer_id", "company_name", "is_primary", "sort_order", "created_at", "updated_at") VALUES ('0b2a0590-2eb6-424b-b527-240d13d4c99b', 'cd8e3726-31c6-4a4a-905a-49f25d6a7fa5', '欣偉科技股份有限公司', true, 1, '2026-03-05 16:13:20', '2026-03-05 16:13:20');
INSERT INTO "locations" ("id", "customer_id", "name", "address", "is_primary", "sort_order", "created_at", "updated_at") VALUES ('62c5e744-bdc6-4320-81a5-770bfe88de81', 'cd8e3726-31c6-4a4a-905a-49f25d6a7fa5', '主要地址', '桃園市大園區工一路13號', true, 1, '2026-03-05 16:13:20', '2026-03-05 16:13:20');
INSERT INTO "contacts" ("id", "customer_id", "name", "phone", "mobile", "email", "fax", "is_primary", "sort_order", "created_at", "updated_at") VALUES ('5e27e7ed-b1b0-45cf-9c03-7b1f014b6ee0', 'cd8e3726-31c6-4a4a-905a-49f25d6a7fa5', '張家瑜 小姐', '03-3869-300 #107', NULL, NULL, NULL, true, 1, '2026-03-05 16:13:20', '2026-03-05 16:13:20');
INSERT INTO "contacts" ("id", "customer_id", "name", "phone", "mobile", "email", "fax", "is_primary", "sort_order", "created_at", "updated_at") VALUES ('13ec0b6b-2891-4c49-b222-17a2e950be42', 'cd8e3726-31c6-4a4a-905a-49f25d6a7fa5', '楊惠筑小姐', '03-386-9300 #107', NULL, NULL, NULL, false, 2, '2026-03-05 16:13:20', '2026-03-05 16:13:20');
INSERT INTO "customers" ("id", "customer_number", "notes", "is_deleted", "created_at", "updated_at") VALUES ('4869d8b0-162e-47a4-a8ca-df884264d1ad', '20211102-C01', '原始報價編號: 20211102-006
報價紀錄: 20211102-006, 20211104-010, 20211221-003
歷史成交數: 3', false, '2026-03-05 16:13:20', '2026-03-05 16:13:20');
INSERT INTO "company_names" ("id", "customer_id", "company_name", "is_primary", "sort_order", "created_at", "updated_at") VALUES ('9fc184ef-0220-41c6-bded-9ef6791f78ef', '4869d8b0-162e-47a4-a8ca-df884264d1ad', '珊嘉杉開發股份有限公司', true, 1, '2026-03-05 16:13:20', '2026-03-05 16:13:20');
INSERT INTO "locations" ("id", "customer_id", "name", "address", "is_primary", "sort_order", "created_at", "updated_at") VALUES ('c5daa3d8-338f-44af-b494-411842867673', '4869d8b0-162e-47a4-a8ca-df884264d1ad', '主要地址', '台北市敦化南路一段1號3樓B室', true, 1, '2026-03-05 16:13:20', '2026-03-05 16:13:20');
INSERT INTO "contacts" ("id", "customer_id", "name", "phone", "mobile", "email", "fax", "is_primary", "sort_order", "created_at", "updated_at") VALUES ('2858cb36-f9f2-4b74-ad3a-4656b3a93c0b', '4869d8b0-162e-47a4-a8ca-df884264d1ad', '李怡蕙 小姐', NULL, '0931-505-445', NULL, NULL, true, 1, '2026-03-05 16:13:20', '2026-03-05 16:13:20');
INSERT INTO "customers" ("id", "customer_number", "notes", "is_deleted", "created_at", "updated_at") VALUES ('82586b50-e2a0-4ff1-a62c-4f2118580010', '20211108-C01', '原始報價編號: 20211108-003
報價紀錄: 20211108-003
歷史成交數: 1', false, '2026-03-05 16:13:20', '2026-03-05 16:13:20');
INSERT INTO "company_names" ("id", "customer_id", "company_name", "is_primary", "sort_order", "created_at", "updated_at") VALUES ('e592d80e-c043-45f2-a959-d2b5eb8fdef1', '82586b50-e2a0-4ff1-a62c-4f2118580010', '台灣永紘興業有限公司', true, 1, '2026-03-05 16:13:20', '2026-03-05 16:13:20');
INSERT INTO "locations" ("id", "customer_id", "name", "address", "is_primary", "sort_order", "created_at", "updated_at") VALUES ('f2cc1f41-623d-4447-ad7a-6516529512e5', '82586b50-e2a0-4ff1-a62c-4f2118580010', '主要地址', '台北市內湖區新湖三路168號2樓之2', true, 1, '2026-03-05 16:13:20', '2026-03-05 16:13:20');
INSERT INTO "contacts" ("id", "customer_id", "name", "phone", "mobile", "email", "fax", "is_primary", "sort_order", "created_at", "updated_at") VALUES ('07282b8c-e9ab-441d-8940-774359a766fe', '82586b50-e2a0-4ff1-a62c-4f2118580010', '陳美華 小姐', '02-2790-6883 #21', '0936-208-665', NULL, NULL, true, 1, '2026-03-05 16:13:20', '2026-03-05 16:13:20');
INSERT INTO "customers" ("id", "customer_number", "notes", "is_deleted", "created_at", "updated_at") VALUES ('b9f137c1-248a-4f24-a485-170d69a2ef8b', '20211112-C01', '原始報價編號: 20211112-003
報價紀錄: 20211112-003
歷史成交數: 1', false, '2026-03-05 16:13:20', '2026-03-05 16:13:20');
INSERT INTO "company_names" ("id", "customer_id", "company_name", "is_primary", "sort_order", "created_at", "updated_at") VALUES ('75bf250b-d884-4924-8aad-e00f7207a16c', 'b9f137c1-248a-4f24-a485-170d69a2ef8b', '佢佳地產有限公司', true, 1, '2026-03-05 16:13:20', '2026-03-05 16:13:20');
INSERT INTO "locations" ("id", "customer_id", "name", "address", "is_primary", "sort_order", "created_at", "updated_at") VALUES ('6d7579a7-b86f-4a9c-93b2-1a17c22b17f1', 'b9f137c1-248a-4f24-a485-170d69a2ef8b', '主要地址', '台北市大安區和平東路2段229號', true, 1, '2026-03-05 16:13:20', '2026-03-05 16:13:20');
INSERT INTO "locations" ("id", "customer_id", "name", "address", "is_primary", "sort_order", "created_at", "updated_at") VALUES ('15c95cd1-3b45-47d8-bc2d-d98e818fe23c', 'b9f137c1-248a-4f24-a485-170d69a2ef8b', '分支地址2', '台北市復興南路二段236號5樓之4', false, 2, '2026-03-05 16:13:20', '2026-03-05 16:13:20');
INSERT INTO "contacts" ("id", "customer_id", "name", "phone", "mobile", "email", "fax", "is_primary", "sort_order", "created_at", "updated_at") VALUES ('73b0212a-613d-4820-af13-0aa1fe25ae08', 'b9f137c1-248a-4f24-a485-170d69a2ef8b', '朱詩媛 小姐', '02-2703-5252', '0933-600-684', NULL, NULL, true, 1, '2026-03-05 16:13:20', '2026-03-05 16:13:20');
INSERT INTO "customers" ("id", "customer_number", "notes", "is_deleted", "created_at", "updated_at") VALUES ('616231bd-b5fc-4461-aa1a-90bd84879787', '20211116-C01', '原始報價編號: 20211116-009
報價紀錄: 20211116-009
歷史成交數: 1', false, '2026-03-05 16:13:20', '2026-03-05 16:13:20');
INSERT INTO "company_names" ("id", "customer_id", "company_name", "is_primary", "sort_order", "created_at", "updated_at") VALUES ('3644e577-d8a0-406b-8d9b-c0f84a7b90c1', '616231bd-b5fc-4461-aa1a-90bd84879787', '彰化銀行新湖分行', true, 1, '2026-03-05 16:13:20', '2026-03-05 16:13:20');
INSERT INTO "locations" ("id", "customer_id", "name", "address", "is_primary", "sort_order", "created_at", "updated_at") VALUES ('aeee8c40-b591-4122-91a1-a5840df91862', '616231bd-b5fc-4461-aa1a-90bd84879787', '主要地址', '台北市內湖區新湖二路180號1樓', true, 1, '2026-03-05 16:13:20', '2026-03-05 16:13:20');
INSERT INTO "contacts" ("id", "customer_id", "name", "phone", "mobile", "email", "fax", "is_primary", "sort_order", "created_at", "updated_at") VALUES ('b6d31c77-e58a-4cbc-9c60-9565c90d25d5', '616231bd-b5fc-4461-aa1a-90bd84879787', '陳怡君 小姐', '02-2793-1616 #1640', NULL, NULL, NULL, true, 1, '2026-03-05 16:13:20', '2026-03-05 16:13:20');
INSERT INTO "customers" ("id", "customer_number", "notes", "is_deleted", "created_at", "updated_at") VALUES ('d2a06673-4430-415f-a2fa-b282b6384160', '20211117-C01', '原始報價編號: 20211117-003
報價紀錄: 20211117-003
歷史成交數: 1', false, '2026-03-05 16:13:20', '2026-03-05 16:13:20');
INSERT INTO "company_names" ("id", "customer_id", "company_name", "is_primary", "sort_order", "created_at", "updated_at") VALUES ('794596be-2739-4f85-bb8c-662f9bbdc1c2', 'd2a06673-4430-415f-a2fa-b282b6384160', '海尉事業股份有限公司', true, 1, '2026-03-05 16:13:20', '2026-03-05 16:13:20');
INSERT INTO "locations" ("id", "customer_id", "name", "address", "is_primary", "sort_order", "created_at", "updated_at") VALUES ('a13d228c-9a0a-40a2-89d3-0b275121ebcd', 'd2a06673-4430-415f-a2fa-b282b6384160', '主要地址', '台北市內湖區新湖三路132號2樓', true, 1, '2026-03-05 16:13:20', '2026-03-05 16:13:20');
INSERT INTO "contacts" ("id", "customer_id", "name", "phone", "mobile", "email", "fax", "is_primary", "sort_order", "created_at", "updated_at") VALUES ('23e29181-cc65-4344-8f90-7b5ff22646cc', 'd2a06673-4430-415f-a2fa-b282b6384160', '游小姐', '02-8792-6655', NULL, NULL, NULL, true, 1, '2026-03-05 16:13:20', '2026-03-05 16:13:20');
INSERT INTO "customers" ("id", "customer_number", "notes", "is_deleted", "created_at", "updated_at") VALUES ('b597fae0-2018-4560-8786-72159a676ea6', '20211125-C01', '原始報價編號: 20211125-005
報價紀錄: 20211125-005
歷史成交數: 1', false, '2026-03-05 16:13:20', '2026-03-05 16:13:20');
INSERT INTO "company_names" ("id", "customer_id", "company_name", "is_primary", "sort_order", "created_at", "updated_at") VALUES ('e9c2d0e0-3f21-43c7-859d-c3edb40edaed', 'b597fae0-2018-4560-8786-72159a676ea6', '歐特儀股份有限公司-光興國小地下停車場', true, 1, '2026-03-05 16:13:20', '2026-03-05 16:13:20');
INSERT INTO "locations" ("id", "customer_id", "name", "address", "is_primary", "sort_order", "created_at", "updated_at") VALUES ('6a8be677-316a-4ad2-9b6f-8293977257e4', 'b597fae0-2018-4560-8786-72159a676ea6', '主要地址', '新北市三重區正義南路62號B1', true, 1, '2026-03-05 16:13:20', '2026-03-05 16:13:20');
INSERT INTO "contacts" ("id", "customer_id", "name", "phone", "mobile", "email", "fax", "is_primary", "sort_order", "created_at", "updated_at") VALUES ('52065807-8bdd-41e3-9501-2fa47868ac83', 'b597fae0-2018-4560-8786-72159a676ea6', '現場:蔡宜軒 小姐 賴珮如 小姐', '02-2705-7716 #308', '0918-008-219', NULL, NULL, true, 1, '2026-03-05 16:13:20', '2026-03-05 16:13:20');
INSERT INTO "customers" ("id", "customer_number", "notes", "is_deleted", "created_at", "updated_at") VALUES ('0a884b82-a847-4b63-a39e-fe49ba4150c2', '20211206-C01', '原始報價編號: 20211206-006
報價紀錄: 20211206-006
歷史成交數: 1', false, '2026-03-05 16:13:20', '2026-03-05 16:13:20');
INSERT INTO "company_names" ("id", "customer_id", "company_name", "is_primary", "sort_order", "created_at", "updated_at") VALUES ('14218ee5-fe98-4a6e-8f00-c23b2730f430', '0a884b82-a847-4b63-a39e-fe49ba4150c2', '啟奕資訊股份有限公司', true, 1, '2026-03-05 16:13:20', '2026-03-05 16:13:20');
INSERT INTO "locations" ("id", "customer_id", "name", "address", "is_primary", "sort_order", "created_at", "updated_at") VALUES ('1db28b7a-1586-4955-a97c-7fc1c0863d4f', '0a884b82-a847-4b63-a39e-fe49ba4150c2', '主要地址', '台北市南港區三重路195之2號12樓', true, 1, '2026-03-05 16:13:20', '2026-03-05 16:13:20');
INSERT INTO "contacts" ("id", "customer_id", "name", "phone", "mobile", "email", "fax", "is_primary", "sort_order", "created_at", "updated_at") VALUES ('4a7b0946-48f6-43cd-aa67-6ec62b8ac618', '0a884b82-a847-4b63-a39e-fe49ba4150c2', '李鳳秋 小姐', '02-2655-2828 #600', NULL, NULL, NULL, true, 1, '2026-03-05 16:13:20', '2026-03-05 16:13:20');
INSERT INTO "customers" ("id", "customer_number", "notes", "is_deleted", "created_at", "updated_at") VALUES ('2a66c78c-2979-4be4-abb5-28501ad0538b', '20211208-C01', '原始報價編號: 20211208-001
報價紀錄: 20211208-001, 20220503-005
歷史成交數: 2', false, '2026-03-05 16:13:20', '2026-03-05 16:13:20');
INSERT INTO "locations" ("id", "customer_id", "name", "address", "is_primary", "sort_order", "created_at", "updated_at") VALUES ('1e20162f-ed8e-4693-ad4a-fa8580670c03', '2a66c78c-2979-4be4-abb5-28501ad0538b', '主要地址', '新北市三重區自強路二段86號2樓', true, 1, '2026-03-05 16:13:20', '2026-03-05 16:13:20');
INSERT INTO "contacts" ("id", "customer_id", "name", "phone", "mobile", "email", "fax", "is_primary", "sort_order", "created_at", "updated_at") VALUES ('d1861694-ab51-41e9-9cc3-3b81b455344b', '2a66c78c-2979-4be4-abb5-28501ad0538b', '陳秀芬 小姐', '02-2749-1755', NULL, NULL, NULL, true, 1, '2026-03-05 16:13:20', '2026-03-05 16:13:20');
INSERT INTO "customers" ("id", "customer_number", "notes", "is_deleted", "created_at", "updated_at") VALUES ('1714bbf5-951f-43b9-acc7-484d99ba5f05', '20211209-C01', '原始報價編號: 20211209-005
報價紀錄: 20211209-005
歷史成交數: 1', false, '2026-03-05 16:13:20', '2026-03-05 16:13:20');
INSERT INTO "locations" ("id", "customer_id", "name", "address", "is_primary", "sort_order", "created_at", "updated_at") VALUES ('c08df2e9-b5d2-4aa1-b491-bbe1e7ac22a7', '1714bbf5-951f-43b9-acc7-484d99ba5f05', '主要地址', '台北市南京東路五段188號6樓之4', true, 1, '2026-03-05 16:13:20', '2026-03-05 16:13:20');
INSERT INTO "contacts" ("id", "customer_id", "name", "phone", "mobile", "email", "fax", "is_primary", "sort_order", "created_at", "updated_at") VALUES ('3948a50f-87fe-4a57-94bd-b240ca9fb968', '1714bbf5-951f-43b9-acc7-484d99ba5f05', '許先生', NULL, '0926-657-676', NULL, NULL, true, 1, '2026-03-05 16:13:20', '2026-03-05 16:13:20');
INSERT INTO "customers" ("id", "customer_number", "notes", "is_deleted", "created_at", "updated_at") VALUES ('bc2b1636-02fc-47b7-939b-5bb91f9db76d', '20211210-C01', '原始報價編號: 20211210-005
報價紀錄: 20211210-005
歷史成交數: 1', false, '2026-03-05 16:13:20', '2026-03-05 16:13:20');
INSERT INTO "company_names" ("id", "customer_id", "company_name", "is_primary", "sort_order", "created_at", "updated_at") VALUES ('2f769bb1-31a3-472e-9ed2-63030050edd4', 'bc2b1636-02fc-47b7-939b-5bb91f9db76d', '安尼趣有限公司', true, 1, '2026-03-05 16:13:20', '2026-03-05 16:13:20');
INSERT INTO "locations" ("id", "customer_id", "name", "address", "is_primary", "sort_order", "created_at", "updated_at") VALUES ('01376e0c-ce95-44cf-9b82-fb56e9247af9', 'bc2b1636-02fc-47b7-939b-5bb91f9db76d', '主要地址', '台北市松山區八德路四段245巷18號1樓', true, 1, '2026-03-05 16:13:20', '2026-03-05 16:13:20');
INSERT INTO "contacts" ("id", "customer_id", "name", "phone", "mobile", "email", "fax", "is_primary", "sort_order", "created_at", "updated_at") VALUES ('50d244a6-4daa-42d5-b76a-e913f523aedb', 'bc2b1636-02fc-47b7-939b-5bb91f9db76d', '徐先生', NULL, '0981-220-028', NULL, NULL, true, 1, '2026-03-05 16:13:20', '2026-03-05 16:13:20');
INSERT INTO "customers" ("id", "customer_number", "notes", "is_deleted", "created_at", "updated_at") VALUES ('9405710a-f8db-4089-a213-890313a95a48', '20211217-C01', '原始報價編號: 20211217-003
報價紀錄: 20211217-003, 20211217-004, 20211217-005, 20220114-003, 20220830-011, 20221005-009, 20221214-003, 20230223-006, 20240703-003, 20260126-003
歷史成交數: 10', false, '2026-03-05 16:13:20', '2026-03-05 16:13:20');
INSERT INTO "company_names" ("id", "customer_id", "company_name", "is_primary", "sort_order", "created_at", "updated_at") VALUES ('6e4c8ee5-0251-4bfe-a793-11e3f4932c6c', '9405710a-f8db-4089-a213-890313a95a48', '宏璽室內裝修有限公司', true, 1, '2026-03-05 16:13:20', '2026-03-05 16:13:20');
INSERT INTO "company_names" ("id", "customer_id", "company_name", "is_primary", "sort_order", "created_at", "updated_at") VALUES ('2a3464d3-ab41-4102-b446-7f7a7a107f80', '9405710a-f8db-4089-a213-890313a95a48', '威芯科技有限公司', false, 2, '2026-03-05 16:13:20', '2026-03-05 16:13:20');
INSERT INTO "locations" ("id", "customer_id", "name", "address", "is_primary", "sort_order", "created_at", "updated_at") VALUES ('7c72a645-3290-41a0-91a9-07cdb9995f50', '9405710a-f8db-4089-a213-890313a95a48', '主要地址', '台北市大安區仁愛路三段5巷7-9號（大安阿曼9樓）', true, 1, '2026-03-05 16:13:20', '2026-03-05 16:13:20');
INSERT INTO "locations" ("id", "customer_id", "name", "address", "is_primary", "sort_order", "created_at", "updated_at") VALUES ('46c29792-d488-47e5-b1f5-bf716c2ab18a', '9405710a-f8db-4089-a213-890313a95a48', '分支地址2', '台北市中山區植福路286巷30號B棟19樓 (西華富邦)', false, 2, '2026-03-05 16:13:20', '2026-03-05 16:13:20');
INSERT INTO "contacts" ("id", "customer_id", "name", "phone", "mobile", "email", "fax", "is_primary", "sort_order", "created_at", "updated_at") VALUES ('b6fd92dc-657a-44bd-af3a-e0a18e60d1f3', '9405710a-f8db-4089-a213-890313a95a48', '張珺涵 小姐', '02-2567-6272', '0979-993-108', NULL, NULL, true, 1, '2026-03-05 16:13:20', '2026-03-05 16:13:20');
INSERT INTO "contacts" ("id", "customer_id", "name", "phone", "mobile", "email", "fax", "is_primary", "sort_order", "created_at", "updated_at") VALUES ('0593c358-5ec6-46b4-bd36-589967defdd4', '9405710a-f8db-4089-a213-890313a95a48', '小方', NULL, '0926-210-723', NULL, NULL, false, 2, '2026-03-05 16:13:20', '2026-03-05 16:13:20');
INSERT INTO "contacts" ("id", "customer_id", "name", "phone", "mobile", "email", "fax", "is_primary", "sort_order", "created_at", "updated_at") VALUES ('d7185c07-38b5-455b-b456-22b81a980258', '9405710a-f8db-4089-a213-890313a95a48', 'Eason', NULL, '0987-337-471', NULL, NULL, false, 3, '2026-03-05 16:13:20', '2026-03-05 16:13:20');
INSERT INTO "customers" ("id", "customer_number", "notes", "is_deleted", "created_at", "updated_at") VALUES ('2d2d8c0e-efbc-4378-a9d9-f5e76223035e', '20211217-C02', '原始報價編號: 20211217-007
報價紀錄: 20211217-007
歷史成交數: 1', false, '2026-03-05 16:13:20', '2026-03-05 16:13:20');
INSERT INTO "company_names" ("id", "customer_id", "company_name", "is_primary", "sort_order", "created_at", "updated_at") VALUES ('0a94dd27-36d7-4e5f-a8a1-74f4a1d86a5b', '2d2d8c0e-efbc-4378-a9d9-f5e76223035e', '台灣江波龍電子有限公司', true, 1, '2026-03-05 16:13:20', '2026-03-05 16:13:20');
INSERT INTO "locations" ("id", "customer_id", "name", "address", "is_primary", "sort_order", "created_at", "updated_at") VALUES ('38b86f41-2473-4d80-b28b-606cbb9eb060', '2d2d8c0e-efbc-4378-a9d9-f5e76223035e', '主要地址', '台北市內湖區文湖街12號10樓', true, 1, '2026-03-05 16:13:20', '2026-03-05 16:13:20');
INSERT INTO "contacts" ("id", "customer_id", "name", "phone", "mobile", "email", "fax", "is_primary", "sort_order", "created_at", "updated_at") VALUES ('29c0a79b-0b1a-4c8e-8bbe-30ad0fbb411e', '2d2d8c0e-efbc-4378-a9d9-f5e76223035e', '江小姐', '02-2657-7370 #1851', NULL, NULL, NULL, true, 1, '2026-03-05 16:13:20', '2026-03-05 16:13:20');
INSERT INTO "customers" ("id", "customer_number", "notes", "is_deleted", "created_at", "updated_at") VALUES ('7425207c-a250-48ae-8385-c941bc27ef5b', '20211220-C01', '原始報價編號: 20211220-009
報價紀錄: 20211220-009
歷史成交數: 1', false, '2026-03-05 16:13:20', '2026-03-05 16:13:20');
INSERT INTO "company_names" ("id", "customer_id", "company_name", "is_primary", "sort_order", "created_at", "updated_at") VALUES ('c1512803-2b0c-4617-acf5-66d7a201c29a', '7425207c-a250-48ae-8385-c941bc27ef5b', '艾索科技股份有限公司', true, 1, '2026-03-05 16:13:20', '2026-03-05 16:13:20');
INSERT INTO "locations" ("id", "customer_id", "name", "address", "is_primary", "sort_order", "created_at", "updated_at") VALUES ('383ed7de-3f22-4080-8298-613484877bab', '7425207c-a250-48ae-8385-c941bc27ef5b', '主要地址', '台北市中山區松江路131號8樓', true, 1, '2026-03-05 16:13:20', '2026-03-05 16:13:20');
INSERT INTO "contacts" ("id", "customer_id", "name", "phone", "mobile", "email", "fax", "is_primary", "sort_order", "created_at", "updated_at") VALUES ('12731328-f239-4bed-880e-c5dcb564f068', '7425207c-a250-48ae-8385-c941bc27ef5b', '戴小姐', '02-2500-6210 #101', NULL, NULL, NULL, true, 1, '2026-03-05 16:13:20', '2026-03-05 16:13:20');
INSERT INTO "customers" ("id", "customer_number", "notes", "is_deleted", "created_at", "updated_at") VALUES ('cc6e1901-744b-4dae-b9b7-6bf86dcf380e', '20211222-C01', '原始報價編號: 20211222-002
報價紀錄: 20211222-002, 20230704-003
歷史成交數: 2', false, '2026-03-05 16:13:20', '2026-03-05 16:13:20');
INSERT INTO "company_names" ("id", "customer_id", "company_name", "is_primary", "sort_order", "created_at", "updated_at") VALUES ('3840421b-a31e-4182-a7ce-a1a5c410c42e', 'cc6e1901-744b-4dae-b9b7-6bf86dcf380e', '掄元管理顧問有限公司', true, 1, '2026-03-05 16:13:20', '2026-03-05 16:13:20');
INSERT INTO "locations" ("id", "customer_id", "name", "address", "is_primary", "sort_order", "created_at", "updated_at") VALUES ('e3e4c9ae-0575-4023-bd8d-03b41aaf1e7e', 'cc6e1901-744b-4dae-b9b7-6bf86dcf380e', '主要地址', '台北市敦化南路一段205號10樓之5 (1005室)', true, 1, '2026-03-05 16:13:20', '2026-03-05 16:13:20');
INSERT INTO "contacts" ("id", "customer_id", "name", "phone", "mobile", "email", "fax", "is_primary", "sort_order", "created_at", "updated_at") VALUES ('3282bf5a-9f92-40f0-a99a-d1aaf1100358', 'cc6e1901-744b-4dae-b9b7-6bf86dcf380e', '羅偉倫 先生', '02-8771-9777', '0987-369-880', NULL, NULL, true, 1, '2026-03-05 16:13:20', '2026-03-05 16:13:20');
INSERT INTO "contacts" ("id", "customer_id", "name", "phone", "mobile", "email", "fax", "is_primary", "sort_order", "created_at", "updated_at") VALUES ('6174cf5a-9b39-4b86-a4be-65c7c8aa04a6', 'cc6e1901-744b-4dae-b9b7-6bf86dcf380e', '卜斌 總經理', NULL, '0912-469-888', NULL, NULL, false, 2, '2026-03-05 16:13:20', '2026-03-05 16:13:20');
INSERT INTO "customers" ("id", "customer_number", "notes", "is_deleted", "created_at", "updated_at") VALUES ('ad0d3524-cae4-48ce-a43b-a0604c430338', '20211223-C01', '原始報價編號: 20211223-003
報價紀錄: 20211223-003
歷史成交數: 1', false, '2026-03-05 16:13:20', '2026-03-05 16:13:20');
INSERT INTO "company_names" ("id", "customer_id", "company_name", "is_primary", "sort_order", "created_at", "updated_at") VALUES ('71f10cc8-6438-4ed4-9b7b-1f2ad186e35a', 'ad0d3524-cae4-48ce-a43b-a0604c430338', '佑電股份有限公司', true, 1, '2026-03-05 16:13:20', '2026-03-05 16:13:20');
INSERT INTO "locations" ("id", "customer_id", "name", "address", "is_primary", "sort_order", "created_at", "updated_at") VALUES ('b5e46e54-1c4a-4b80-8da3-e1624aadcd31', 'ad0d3524-cae4-48ce-a43b-a0604c430338', '主要地址', '台北市內湖區瑞光路583巷21號5樓之5', true, 1, '2026-03-05 16:13:20', '2026-03-05 16:13:20');
INSERT INTO "contacts" ("id", "customer_id", "name", "phone", "mobile", "email", "fax", "is_primary", "sort_order", "created_at", "updated_at") VALUES ('d3d599a2-c929-46cc-a416-28fca24db196', 'ad0d3524-cae4-48ce-a43b-a0604c430338', '杜嘉緯 先生', '02-8751-8826 #2020', NULL, NULL, NULL, true, 1, '2026-03-05 16:13:20', '2026-03-05 16:13:20');
INSERT INTO "customers" ("id", "customer_number", "notes", "is_deleted", "created_at", "updated_at") VALUES ('40e4ad2d-22ab-4b9e-a939-2029023a2c84', '20211229-C01', '原始報價編號: 20211229-007
報價紀錄: 20211229-007, 20211230-005
歷史成交數: 2', false, '2026-03-05 16:13:20', '2026-03-05 16:13:20');
INSERT INTO "company_names" ("id", "customer_id", "company_name", "is_primary", "sort_order", "created_at", "updated_at") VALUES ('f58a386a-63ab-440b-a18d-e6250421ab9a', '40e4ad2d-22ab-4b9e-a939-2029023a2c84', '千里達國際旅行社股份有限公司', true, 1, '2026-03-05 16:13:20', '2026-03-05 16:13:20');
INSERT INTO "locations" ("id", "customer_id", "name", "address", "is_primary", "sort_order", "created_at", "updated_at") VALUES ('d4f18126-7bfe-404b-a204-4b90d1bfddd7', '40e4ad2d-22ab-4b9e-a939-2029023a2c84', '主要地址', '台北市松山區八德路四段760號8樓', true, 1, '2026-03-05 16:13:20', '2026-03-05 16:13:20');
INSERT INTO "contacts" ("id", "customer_id", "name", "phone", "mobile", "email", "fax", "is_primary", "sort_order", "created_at", "updated_at") VALUES ('4eac2c58-c135-4dd1-8c03-b5f536e94149', '40e4ad2d-22ab-4b9e-a939-2029023a2c84', '錢小姐', '02-2536-0162', NULL, NULL, NULL, true, 1, '2026-03-05 16:13:20', '2026-03-05 16:13:20');
INSERT INTO "customers" ("id", "customer_number", "notes", "is_deleted", "created_at", "updated_at") VALUES ('ab84e0e1-14ef-45f4-a527-8c7eeb6e75df', '20211229-C02', '原始報價編號: 20211229-008
報價紀錄: 20211229-008
歷史成交數: 1', false, '2026-03-05 16:13:20', '2026-03-05 16:13:20');
INSERT INTO "company_names" ("id", "customer_id", "company_name", "is_primary", "sort_order", "created_at", "updated_at") VALUES ('451be27f-3350-465d-b312-d1c0a80adba8', 'ab84e0e1-14ef-45f4-a527-8c7eeb6e75df', '祥碩科技股份有限公司', true, 1, '2026-03-05 16:13:20', '2026-03-05 16:13:20');
INSERT INTO "locations" ("id", "customer_id", "name", "address", "is_primary", "sort_order", "created_at", "updated_at") VALUES ('2d40cbc8-ebda-4fe6-807d-b54b4cba7a55', 'ab84e0e1-14ef-45f4-a527-8c7eeb6e75df', '主要地址', '新北市新店區民權路115號6樓', true, 1, '2026-03-05 16:13:20', '2026-03-05 16:13:20');
INSERT INTO "contacts" ("id", "customer_id", "name", "phone", "mobile", "email", "fax", "is_primary", "sort_order", "created_at", "updated_at") VALUES ('03b5d409-37ef-4ff1-a106-b9e81ad3c780', 'ab84e0e1-14ef-45f4-a527-8c7eeb6e75df', '李銘祥 先生', '02-2219-6088 #5503', NULL, NULL, NULL, true, 1, '2026-03-05 16:13:20', '2026-03-05 16:13:20');
INSERT INTO "customers" ("id", "customer_number", "notes", "is_deleted", "created_at", "updated_at") VALUES ('9e0c217d-360e-4abb-bd3c-91a139072d40', '20211229-C03', '原始報價編號: 20211229-011
報價紀錄: 20211229-011
歷史成交數: 1', false, '2026-03-05 16:13:20', '2026-03-05 16:13:20');
INSERT INTO "company_names" ("id", "customer_id", "company_name", "is_primary", "sort_order", "created_at", "updated_at") VALUES ('742266a3-c382-4b28-9786-1b859e9eaf64', '9e0c217d-360e-4abb-bd3c-91a139072d40', '聲色盒子有限公司', true, 1, '2026-03-05 16:13:20', '2026-03-05 16:13:20');
INSERT INTO "locations" ("id", "customer_id", "name", "address", "is_primary", "sort_order", "created_at", "updated_at") VALUES ('8b822aca-85c6-40e4-89fa-e88f39a8a82e', '9e0c217d-360e-4abb-bd3c-91a139072d40', '主要地址', '台北市南港區南港路三段50巷20號5樓', true, 1, '2026-03-05 16:13:20', '2026-03-05 16:13:20');
INSERT INTO "contacts" ("id", "customer_id", "name", "phone", "mobile", "email", "fax", "is_primary", "sort_order", "created_at", "updated_at") VALUES ('59a5e8f0-10dd-455c-bfc7-3df5f2dae59b', '9e0c217d-360e-4abb-bd3c-91a139072d40', '黃薇庭 小姐', '02-2786-7863', NULL, NULL, NULL, true, 1, '2026-03-05 16:13:20', '2026-03-05 16:13:20');
INSERT INTO "customers" ("id", "customer_number", "notes", "is_deleted", "created_at", "updated_at") VALUES ('ef4de07c-78c9-4c8a-9fd1-79af2348fcfc', '20211230-C01', '原始報價編號: 20211230-009
報價紀錄: 20211230-009
歷史成交數: 1', false, '2026-03-05 16:13:20', '2026-03-05 16:13:20');
INSERT INTO "company_names" ("id", "customer_id", "company_name", "is_primary", "sort_order", "created_at", "updated_at") VALUES ('013aaae0-593c-4f7a-a147-f5c46e40dac9', 'ef4de07c-78c9-4c8a-9fd1-79af2348fcfc', '銀泰佶聯合生技股份有限公司', true, 1, '2026-03-05 16:13:20', '2026-03-05 16:13:20');
INSERT INTO "locations" ("id", "customer_id", "name", "address", "is_primary", "sort_order", "created_at", "updated_at") VALUES ('be1a2d55-6003-4feb-8846-2ec0f3a973a1', 'ef4de07c-78c9-4c8a-9fd1-79af2348fcfc', '主要地址', '台北市內湖區瑞光路288號', true, 1, '2026-03-05 16:13:20', '2026-03-05 16:13:20');
INSERT INTO "contacts" ("id", "customer_id", "name", "phone", "mobile", "email", "fax", "is_primary", "sort_order", "created_at", "updated_at") VALUES ('95878fc9-1a50-4f3a-bad5-914062d53102', 'ef4de07c-78c9-4c8a-9fd1-79af2348fcfc', '立婷 小姐', '02-2627-7388', NULL, NULL, NULL, true, 1, '2026-03-05 16:13:20', '2026-03-05 16:13:20');
INSERT INTO "customers" ("id", "customer_number", "notes", "is_deleted", "created_at", "updated_at") VALUES ('50bf8694-7e86-4e96-9747-480482638ba8', '20220103-C01', '原始報價編號: 20220103-003
報價紀錄: 20220103-003, 20250904-003
歷史成交數: 2', false, '2026-03-05 16:13:20', '2026-03-05 16:13:20');
INSERT INTO "company_names" ("id", "customer_id", "company_name", "is_primary", "sort_order", "created_at", "updated_at") VALUES ('7d6331f6-8b6f-4ea5-880b-225dddeab852', '50bf8694-7e86-4e96-9747-480482638ba8', '鍍昇生技顧問股份有限公司', true, 1, '2026-03-05 16:13:20', '2026-03-05 16:13:20');
INSERT INTO "locations" ("id", "customer_id", "name", "address", "is_primary", "sort_order", "created_at", "updated_at") VALUES ('f0a8ce30-1269-4152-be6d-a7f3c1bde69a', '50bf8694-7e86-4e96-9747-480482638ba8', '主要地址', '台北市中正區忠孝東路一段138號11樓', true, 1, '2026-03-05 16:13:20', '2026-03-05 16:13:20');
INSERT INTO "contacts" ("id", "customer_id", "name", "phone", "mobile", "email", "fax", "is_primary", "sort_order", "created_at", "updated_at") VALUES ('9f495bf8-80b1-4316-8b2f-acab92b8f3df', '50bf8694-7e86-4e96-9747-480482638ba8', '陳美妃 小姐', '02-2356-0068 #800', NULL, NULL, NULL, true, 1, '2026-03-05 16:13:20', '2026-03-05 16:13:20');
INSERT INTO "customers" ("id", "customer_number", "notes", "is_deleted", "created_at", "updated_at") VALUES ('fa630347-6127-49cc-b4f5-88f019e45e97', '20220105-C01', '原始報價編號: 20220105-005
報價紀錄: 20220105-005, 20240108-005, 20240906-005, 20250617-003, 20251126-003, 20251203-005
歷史成交數: 6', false, '2026-03-05 16:13:20', '2026-03-05 16:13:20');
INSERT INTO "company_names" ("id", "customer_id", "company_name", "is_primary", "sort_order", "created_at", "updated_at") VALUES ('36f860f1-ac4d-4364-b30e-9f0509a4edab', 'fa630347-6127-49cc-b4f5-88f019e45e97', '翔第有限公司', true, 1, '2026-03-05 16:13:20', '2026-03-05 16:13:20');
INSERT INTO "company_names" ("id", "customer_id", "company_name", "is_primary", "sort_order", "created_at", "updated_at") VALUES ('9325ed46-08ff-413e-a19e-f7f1134f5289', 'fa630347-6127-49cc-b4f5-88f019e45e97', '宏鵬精密科技有限公司', false, 2, '2026-03-05 16:13:20', '2026-03-05 16:13:20');
INSERT INTO "locations" ("id", "customer_id", "name", "address", "is_primary", "sort_order", "created_at", "updated_at") VALUES ('8e711572-2da0-4db9-ab49-42c8d3861ec2', 'fa630347-6127-49cc-b4f5-88f019e45e97', '主要地址', '新北市樹林區大安路40號1樓', true, 1, '2026-03-05 16:13:20', '2026-03-05 16:13:20');
INSERT INTO "locations" ("id", "customer_id", "name", "address", "is_primary", "sort_order", "created_at", "updated_at") VALUES ('1536c3df-c27a-4528-993b-d461a488be89', 'fa630347-6127-49cc-b4f5-88f019e45e97', '分支地址2', '桃園市大園區國際路一段55號', false, 2, '2026-03-05 16:13:20', '2026-03-05 16:13:20');
INSERT INTO "locations" ("id", "customer_id", "name", "address", "is_primary", "sort_order", "created_at", "updated_at") VALUES ('f728df0e-2fbd-4348-a129-6fd95cb03377', 'fa630347-6127-49cc-b4f5-88f019e45e97', '分支地址3', '新北市樹林區田尾街193巷5之5號1樓', false, 3, '2026-03-05 16:13:20', '2026-03-05 16:13:20');
INSERT INTO "locations" ("id", "customer_id", "name", "address", "is_primary", "sort_order", "created_at", "updated_at") VALUES ('37d6f3dd-129b-4d66-8de9-70de40309815', 'fa630347-6127-49cc-b4f5-88f019e45e97', '分支地址4', '雲林縣斗六市復興路8號', false, 4, '2026-03-05 16:13:20', '2026-03-05 16:13:20');
INSERT INTO "contacts" ("id", "customer_id", "name", "phone", "mobile", "email", "fax", "is_primary", "sort_order", "created_at", "updated_at") VALUES ('a00da72c-1211-4a14-a0dc-c5f18da00dbb', 'fa630347-6127-49cc-b4f5-88f019e45e97', '卓曼旋', '02-2688-7098', '0912-516-163', NULL, NULL, true, 1, '2026-03-05 16:13:20', '2026-03-05 16:13:20');
INSERT INTO "contacts" ("id", "customer_id", "name", "phone", "mobile", "email", "fax", "is_primary", "sort_order", "created_at", "updated_at") VALUES ('2e1aa7bd-c09d-4f20-81e0-d3561f2b6d70', 'fa630347-6127-49cc-b4f5-88f019e45e97', '卓小姐', NULL, '0932-252-647', NULL, NULL, false, 2, '2026-03-05 16:13:20', '2026-03-05 16:13:20');
INSERT INTO "contacts" ("id", "customer_id", "name", "phone", "mobile", "email", "fax", "is_primary", "sort_order", "created_at", "updated_at") VALUES ('69522211-a924-4975-8a1f-7506b388c8ec', 'fa630347-6127-49cc-b4f5-88f019e45e97', '陳浚弈 先生', NULL, NULL, NULL, NULL, false, 3, '2026-03-05 16:13:20', '2026-03-05 16:13:20');
INSERT INTO "customers" ("id", "customer_number", "notes", "is_deleted", "created_at", "updated_at") VALUES ('c1fe152f-3697-4ec1-b802-b483b0c0a927', '20220105-C02', '原始報價編號: 20220105-006
報價紀錄: 20220105-006
歷史成交數: 1', false, '2026-03-05 16:13:20', '2026-03-05 16:13:20');
INSERT INTO "locations" ("id", "customer_id", "name", "address", "is_primary", "sort_order", "created_at", "updated_at") VALUES ('12e54b0e-92c8-4b1e-ab05-87e3f3db9f9f', 'c1fe152f-3697-4ec1-b802-b483b0c0a927', '主要地址', '新北市林口區公園路193號1樓', true, 1, '2026-03-05 16:13:20', '2026-03-05 16:13:20');
INSERT INTO "contacts" ("id", "customer_id", "name", "phone", "mobile", "email", "fax", "is_primary", "sort_order", "created_at", "updated_at") VALUES ('e516aa75-ef3a-4b7d-978b-8208044516cb', 'c1fe152f-3697-4ec1-b802-b483b0c0a927', 'Jusmin', NULL, NULL, NULL, NULL, true, 1, '2026-03-05 16:13:20', '2026-03-05 16:13:20');
INSERT INTO "customers" ("id", "customer_number", "notes", "is_deleted", "created_at", "updated_at") VALUES ('9ab00ef2-3233-4c1c-ad7c-d38727dd9076', '20220105-C03', '原始報價編號: 20220105-007
報價紀錄: 20220105-007
歷史成交數: 1', false, '2026-03-05 16:13:20', '2026-03-05 16:13:20');
INSERT INTO "company_names" ("id", "customer_id", "company_name", "is_primary", "sort_order", "created_at", "updated_at") VALUES ('88dfd6eb-f379-4da9-af37-f07ac8a71cdd', '9ab00ef2-3233-4c1c-ad7c-d38727dd9076', '佳峻國際有限公司', true, 1, '2026-03-05 16:13:20', '2026-03-05 16:13:20');
INSERT INTO "locations" ("id", "customer_id", "name", "address", "is_primary", "sort_order", "created_at", "updated_at") VALUES ('ca90e1dd-6b65-4316-bc3b-65dd9b73f266', '9ab00ef2-3233-4c1c-ad7c-d38727dd9076', '主要地址', '台北市瑞光路76巷45號1樓', true, 1, '2026-03-05 16:13:20', '2026-03-05 16:13:20');
INSERT INTO "contacts" ("id", "customer_id", "name", "phone", "mobile", "email", "fax", "is_primary", "sort_order", "created_at", "updated_at") VALUES ('d0ac7fad-9e74-49d6-b5a2-8c38af40636d', '9ab00ef2-3233-4c1c-ad7c-d38727dd9076', '許小姐', '02-2795-2903', NULL, NULL, NULL, true, 1, '2026-03-05 16:13:20', '2026-03-05 16:13:20');
INSERT INTO "customers" ("id", "customer_number", "notes", "is_deleted", "created_at", "updated_at") VALUES ('825393f9-5a94-48f7-946d-669776970042', '20220107-C01', '原始報價編號: 20220107-005
報價紀錄: 20220107-005
歷史成交數: 1', false, '2026-03-05 16:13:20', '2026-03-05 16:13:20');
INSERT INTO "company_names" ("id", "customer_id", "company_name", "is_primary", "sort_order", "created_at", "updated_at") VALUES ('ee2b4197-13d1-48ec-b9e6-676b0ba60607', '825393f9-5a94-48f7-946d-669776970042', '友信行股份有限公司', true, 1, '2026-03-05 16:13:20', '2026-03-05 16:13:20');
INSERT INTO "locations" ("id", "customer_id", "name", "address", "is_primary", "sort_order", "created_at", "updated_at") VALUES ('6c0f7cdb-10bb-4f5c-92b3-baf68e205683', '825393f9-5a94-48f7-946d-669776970042', '主要地址', '台北市南港路三段48號2樓', true, 1, '2026-03-05 16:13:20', '2026-03-05 16:13:20');
INSERT INTO "contacts" ("id", "customer_id", "name", "phone", "mobile", "email", "fax", "is_primary", "sort_order", "created_at", "updated_at") VALUES ('25a17eb4-28a4-4669-9679-34e6b884841a', '825393f9-5a94-48f7-946d-669776970042', '陳先生', NULL, '0933-218-596', NULL, NULL, true, 1, '2026-03-05 16:13:20', '2026-03-05 16:13:20');
INSERT INTO "customers" ("id", "customer_number", "notes", "is_deleted", "created_at", "updated_at") VALUES ('3865a949-aae5-49c7-aff4-f8eeb698ab63', '20220111-C01', '原始報價編號: 20220111-003
報價紀錄: 20220111-003
歷史成交數: 1', false, '2026-03-05 16:13:20', '2026-03-05 16:13:20');
INSERT INTO "company_names" ("id", "customer_id", "company_name", "is_primary", "sort_order", "created_at", "updated_at") VALUES ('d592351e-cc66-4dbc-9f36-27c279ed7d86', '3865a949-aae5-49c7-aff4-f8eeb698ab63', '台灣世界展望會台北寄養家庭服務中心', true, 1, '2026-03-05 16:13:20', '2026-03-05 16:13:20');
INSERT INTO "locations" ("id", "customer_id", "name", "address", "is_primary", "sort_order", "created_at", "updated_at") VALUES ('eb481ad1-ade9-42f8-ae3b-3206800e7334', '3865a949-aae5-49c7-aff4-f8eeb698ab63', '主要地址', '台北市中山區中山北路三段30號5樓之3', true, 1, '2026-03-05 16:13:20', '2026-03-05 16:13:20');
INSERT INTO "contacts" ("id", "customer_id", "name", "phone", "mobile", "email", "fax", "is_primary", "sort_order", "created_at", "updated_at") VALUES ('a2a0d8fa-4c50-40f0-b317-5ec2dd5a96ba', '3865a949-aae5-49c7-aff4-f8eeb698ab63', '謝小姐', '02-2585-1195 #236', NULL, NULL, NULL, true, 1, '2026-03-05 16:13:20', '2026-03-05 16:13:20');
INSERT INTO "customers" ("id", "customer_number", "notes", "is_deleted", "created_at", "updated_at") VALUES ('35cd4fd0-9ce5-4cb3-bcab-37880c9db955', '20220113-C01', '原始報價編號: 20220113-008
報價紀錄: 20220113-008
歷史成交數: 1', false, '2026-03-05 16:13:20', '2026-03-05 16:13:20');
INSERT INTO "company_names" ("id", "customer_id", "company_name", "is_primary", "sort_order", "created_at", "updated_at") VALUES ('a5740744-11ad-4b5c-83c7-abde248fdb62', '35cd4fd0-9ce5-4cb3-bcab-37880c9db955', '有萬科技股份有限公司', true, 1, '2026-03-05 16:13:20', '2026-03-05 16:13:20');
INSERT INTO "locations" ("id", "customer_id", "name", "address", "is_primary", "sort_order", "created_at", "updated_at") VALUES ('75e68ed6-6b37-4ece-b5c4-e14b41c836ea', '35cd4fd0-9ce5-4cb3-bcab-37880c9db955', '主要地址', '台北市南港區三重路19之2號9樓', true, 1, '2026-03-05 16:13:20', '2026-03-05 16:13:20');
INSERT INTO "contacts" ("id", "customer_id", "name", "phone", "mobile", "email", "fax", "is_primary", "sort_order", "created_at", "updated_at") VALUES ('a67a5e7a-eed5-40b8-bf27-5f3b89a85b6d', '35cd4fd0-9ce5-4cb3-bcab-37880c9db955', '顏先生', '02-2655-0077 #266', NULL, NULL, NULL, true, 1, '2026-03-05 16:13:20', '2026-03-05 16:13:20');
INSERT INTO "customers" ("id", "customer_number", "notes", "is_deleted", "created_at", "updated_at") VALUES ('8940e8fb-9122-4362-b443-6bf3e93fa752', '20220117-C01', '原始報價編號: 20220117-003
報價紀錄: 20220117-003
歷史成交數: 1', false, '2026-03-05 16:13:20', '2026-03-05 16:13:20');
INSERT INTO "locations" ("id", "customer_id", "name", "address", "is_primary", "sort_order", "created_at", "updated_at") VALUES ('e8791757-d82f-4ab7-aacc-bbea8b9d7561', '8940e8fb-9122-4362-b443-6bf3e93fa752', '主要地址', '台北市合江街29號7樓之3', true, 1, '2026-03-05 16:13:20', '2026-03-05 16:13:20');
INSERT INTO "contacts" ("id", "customer_id", "name", "phone", "mobile", "email", "fax", "is_primary", "sort_order", "created_at", "updated_at") VALUES ('edc4570c-27d8-4f4d-8097-b1fcf5d81639', '8940e8fb-9122-4362-b443-6bf3e93fa752', '張廷群 先生', NULL, '0932-170-599', NULL, NULL, true, 1, '2026-03-05 16:13:20', '2026-03-05 16:13:20');
INSERT INTO "customers" ("id", "customer_number", "notes", "is_deleted", "created_at", "updated_at") VALUES ('b1b424f6-4334-4d28-9e3c-52643c8898df', '20220119-C01', '原始報價編號: 20220119-003
報價紀錄: 20220119-003
歷史成交數: 1', false, '2026-03-05 16:13:20', '2026-03-05 16:13:20');
INSERT INTO "locations" ("id", "customer_id", "name", "address", "is_primary", "sort_order", "created_at", "updated_at") VALUES ('61f98375-ec96-4283-86d4-108006b7e6d0', 'b1b424f6-4334-4d28-9e3c-52643c8898df', '主要地址', '台北市大安區光復南路412號6樓', true, 1, '2026-03-05 16:13:20', '2026-03-05 16:13:20');
INSERT INTO "contacts" ("id", "customer_id", "name", "phone", "mobile", "email", "fax", "is_primary", "sort_order", "created_at", "updated_at") VALUES ('41ec3546-57a1-4bca-9c88-ab9f1fd98d14', 'b1b424f6-4334-4d28-9e3c-52643c8898df', '李震宥 先生', NULL, '0976-589-163', NULL, NULL, true, 1, '2026-03-05 16:13:20', '2026-03-05 16:13:20');
INSERT INTO "customers" ("id", "customer_number", "notes", "is_deleted", "created_at", "updated_at") VALUES ('93361d51-71a1-484b-ac3f-1c820d2353ff', '20220119-C02', '原始報價編號: 20220119-008
報價紀錄: 20220119-008
歷史成交數: 1', false, '2026-03-05 16:13:20', '2026-03-05 16:13:20');
INSERT INTO "company_names" ("id", "customer_id", "company_name", "is_primary", "sort_order", "created_at", "updated_at") VALUES ('d095aa16-511a-45fb-af25-5615ea2d7413', '93361d51-71a1-484b-ac3f-1c820d2353ff', '虎之穴有限公司', true, 1, '2026-03-05 16:13:20', '2026-03-05 16:13:20');
INSERT INTO "locations" ("id", "customer_id", "name", "address", "is_primary", "sort_order", "created_at", "updated_at") VALUES ('5f4daf6e-ffba-4812-b1c7-81f7ad17591a', '93361d51-71a1-484b-ac3f-1c820d2353ff', '主要地址', '台北市中山區中山北路二段72巷4號', true, 1, '2026-03-05 16:13:20', '2026-03-05 16:13:20');
INSERT INTO "contacts" ("id", "customer_id", "name", "phone", "mobile", "email", "fax", "is_primary", "sort_order", "created_at", "updated_at") VALUES ('7abf25c8-3d66-4b66-bd72-04ba3d98b49c', '93361d51-71a1-484b-ac3f-1c820d2353ff', '洪又新 先生', NULL, '0936-669-540', NULL, NULL, true, 1, '2026-03-05 16:13:20', '2026-03-05 16:13:20');
INSERT INTO "customers" ("id", "customer_number", "notes", "is_deleted", "created_at", "updated_at") VALUES ('57c6a01a-5bd6-44b2-9ce2-44f8a8017885', '20220121-C01', '原始報價編號: 20220121-003
報價紀錄: 20220121-003, 20240618-005
歷史成交數: 2', false, '2026-03-05 16:13:20', '2026-03-05 16:13:20');
INSERT INTO "company_names" ("id", "customer_id", "company_name", "is_primary", "sort_order", "created_at", "updated_at") VALUES ('f6c7d38e-5266-44b2-949a-5129bed6cb80', '57c6a01a-5bd6-44b2-9ce2-44f8a8017885', '京展光學股份有限公司', true, 1, '2026-03-05 16:13:20', '2026-03-05 16:13:20');
INSERT INTO "locations" ("id", "customer_id", "name", "address", "is_primary", "sort_order", "created_at", "updated_at") VALUES ('d54dc580-dcca-4a67-85db-331c32ff7d02', '57c6a01a-5bd6-44b2-9ce2-44f8a8017885', '主要地址', '新北市板橋區信義路117號8樓', true, 1, '2026-03-05 16:13:20', '2026-03-05 16:13:20');
INSERT INTO "locations" ("id", "customer_id", "name", "address", "is_primary", "sort_order", "created_at", "updated_at") VALUES ('57e35752-2987-4c47-bafd-403f68b301dd', '57c6a01a-5bd6-44b2-9ce2-44f8a8017885', '分支地址2', '新北市板橋區信義路117號7樓', false, 2, '2026-03-05 16:13:20', '2026-03-05 16:13:20');
INSERT INTO "contacts" ("id", "customer_id", "name", "phone", "mobile", "email", "fax", "is_primary", "sort_order", "created_at", "updated_at") VALUES ('5af8eaf6-ac38-44fb-bba2-0aee68ee67ee', '57c6a01a-5bd6-44b2-9ce2-44f8a8017885', '張小姐', '02-2958-1701', NULL, NULL, NULL, true, 1, '2026-03-05 16:13:20', '2026-03-05 16:13:20');
INSERT INTO "customers" ("id", "customer_number", "notes", "is_deleted", "created_at", "updated_at") VALUES ('bc4f84ff-c129-495e-ad95-f664682795f6', '20220124-C01', '原始報價編號: 20220124-006
報價紀錄: 20220124-006
歷史成交數: 1', false, '2026-03-05 16:13:20', '2026-03-05 16:13:20');
INSERT INTO "company_names" ("id", "customer_id", "company_name", "is_primary", "sort_order", "created_at", "updated_at") VALUES ('e6af63ef-f203-4e35-9e4f-aaac546f6dea', 'bc4f84ff-c129-495e-ad95-f664682795f6', '美福國際貿易有限公司', true, 1, '2026-03-05 16:13:20', '2026-03-05 16:13:20');
INSERT INTO "locations" ("id", "customer_id", "name", "address", "is_primary", "sort_order", "created_at", "updated_at") VALUES ('8a870beb-b60c-4fa5-a592-6e7e5b5915e9', 'bc4f84ff-c129-495e-ad95-f664682795f6', '主要地址', '新北市中和區中正路868之3號12樓', true, 1, '2026-03-05 16:13:20', '2026-03-05 16:13:20');
INSERT INTO "contacts" ("id", "customer_id", "name", "phone", "mobile", "email", "fax", "is_primary", "sort_order", "created_at", "updated_at") VALUES ('2630920e-6c22-4d65-98a2-5c6ea8f38f72', 'bc4f84ff-c129-495e-ad95-f664682795f6', '何清平 先生', NULL, '0939-813-083', NULL, NULL, true, 1, '2026-03-05 16:13:20', '2026-03-05 16:13:20');
INSERT INTO "customers" ("id", "customer_number", "notes", "is_deleted", "created_at", "updated_at") VALUES ('0ad19be9-f68d-41d3-961f-3dda346ca4fc', '20220208-C01', '原始報價編號: 20220208-012
報價紀錄: 20220208-012
歷史成交數: 1', false, '2026-03-05 16:13:20', '2026-03-05 16:13:20');
INSERT INTO "company_names" ("id", "customer_id", "company_name", "is_primary", "sort_order", "created_at", "updated_at") VALUES ('a297812d-8887-40b4-b1e4-7ad86583616b', '0ad19be9-f68d-41d3-961f-3dda346ca4fc', '顯泰通信工業有限公司', true, 1, '2026-03-05 16:13:20', '2026-03-05 16:13:20');
INSERT INTO "locations" ("id", "customer_id", "name", "address", "is_primary", "sort_order", "created_at", "updated_at") VALUES ('eeb47031-4964-48ae-a12b-af20c86312ed', '0ad19be9-f68d-41d3-961f-3dda346ca4fc', '主要地址', '新北市板橋區國慶路49巷19弄6號1樓', true, 1, '2026-03-05 16:13:20', '2026-03-05 16:13:20');
INSERT INTO "contacts" ("id", "customer_id", "name", "phone", "mobile", "email", "fax", "is_primary", "sort_order", "created_at", "updated_at") VALUES ('da0adfe0-e6c9-487d-b7f9-35fd0161c8cb', '0ad19be9-f68d-41d3-961f-3dda346ca4fc', '游小姐', '02-2962-3391', NULL, NULL, NULL, true, 1, '2026-03-05 16:13:20', '2026-03-05 16:13:20');
INSERT INTO "customers" ("id", "customer_number", "notes", "is_deleted", "created_at", "updated_at") VALUES ('8dfc46ff-236d-4187-8559-21a386b1caed', '20220213-C01', '原始報價編號: 20220213-004
報價紀錄: 20220213-004
歷史成交數: 1', false, '2026-03-05 16:13:20', '2026-03-05 16:13:20');
INSERT INTO "company_names" ("id", "customer_id", "company_name", "is_primary", "sort_order", "created_at", "updated_at") VALUES ('aec904d4-5cd0-4cd3-bf5b-e4cb155cb113', '8dfc46ff-236d-4187-8559-21a386b1caed', '欣響室內管樂團', true, 1, '2026-03-05 16:13:20', '2026-03-05 16:13:20');
INSERT INTO "locations" ("id", "customer_id", "name", "address", "is_primary", "sort_order", "created_at", "updated_at") VALUES ('546b1e8c-b7bc-4f2b-b589-0ae107dd73d7', '8dfc46ff-236d-4187-8559-21a386b1caed', '主要地址', '新北市板橋市長安街216號4樓', true, 1, '2026-03-05 16:13:20', '2026-03-05 16:13:20');
INSERT INTO "contacts" ("id", "customer_id", "name", "phone", "mobile", "email", "fax", "is_primary", "sort_order", "created_at", "updated_at") VALUES ('20f449ac-cd5e-4b4c-8915-1bb7d5851613', '8dfc46ff-236d-4187-8559-21a386b1caed', '陳順發', NULL, '0935-168-414', NULL, NULL, true, 1, '2026-03-05 16:13:20', '2026-03-05 16:13:20');
INSERT INTO "customers" ("id", "customer_number", "notes", "is_deleted", "created_at", "updated_at") VALUES ('6a535926-0211-49dd-88a3-543f87bbf028', '20220216-C01', '原始報價編號: 20220216-005
報價紀錄: 20220216-005
歷史成交數: 1', false, '2026-03-05 16:13:20', '2026-03-05 16:13:20');
INSERT INTO "company_names" ("id", "customer_id", "company_name", "is_primary", "sort_order", "created_at", "updated_at") VALUES ('d9919bbb-a76a-4f99-aef3-606c02ab543e', '6a535926-0211-49dd-88a3-543f87bbf028', '博瀚生物科技股份有限公司', true, 1, '2026-03-05 16:13:20', '2026-03-05 16:13:20');
INSERT INTO "locations" ("id", "customer_id", "name", "address", "is_primary", "sort_order", "created_at", "updated_at") VALUES ('d73383c5-c1d9-45c7-9107-4a98d3141bab', '6a535926-0211-49dd-88a3-543f87bbf028', '主要地址', '新北市汐止區康寧街169巷27號8樓之3', true, 1, '2026-03-05 16:13:20', '2026-03-05 16:13:20');
INSERT INTO "contacts" ("id", "customer_id", "name", "phone", "mobile", "email", "fax", "is_primary", "sort_order", "created_at", "updated_at") VALUES ('26af55a5-c39d-4306-ad72-d9b3a9218405', '6a535926-0211-49dd-88a3-543f87bbf028', '潘先生', '02-2694-2286', NULL, NULL, NULL, true, 1, '2026-03-05 16:13:20', '2026-03-05 16:13:20');
INSERT INTO "customers" ("id", "customer_number", "notes", "is_deleted", "created_at", "updated_at") VALUES ('d44c9548-f029-4deb-8a38-52e4534f087a', '20220216-C02', '原始報價編號: 20220216-010
報價紀錄: 20220216-010
歷史成交數: 1', false, '2026-03-05 16:13:20', '2026-03-05 16:13:20');
INSERT INTO "company_names" ("id", "customer_id", "company_name", "is_primary", "sort_order", "created_at", "updated_at") VALUES ('2fb66b49-df34-4a74-bb06-d3e02d78cedc', 'd44c9548-f029-4deb-8a38-52e4534f087a', '泰赫國際服飾', true, 1, '2026-03-05 16:13:20', '2026-03-05 16:13:20');
INSERT INTO "locations" ("id", "customer_id", "name", "address", "is_primary", "sort_order", "created_at", "updated_at") VALUES ('13a238c4-c79c-4bc9-a588-0fbd745c3a2e', 'd44c9548-f029-4deb-8a38-52e4534f087a', '主要地址', '台北市內湖區內湖路一段91巷24弄6號1樓', true, 1, '2026-03-05 16:13:20', '2026-03-05 16:13:20');
INSERT INTO "contacts" ("id", "customer_id", "name", "phone", "mobile", "email", "fax", "is_primary", "sort_order", "created_at", "updated_at") VALUES ('3ff7d558-8091-45e7-8e3c-9c7b0d11b911', 'd44c9548-f029-4deb-8a38-52e4534f087a', 'Slina Yin', '02-2627-9581', NULL, NULL, NULL, true, 1, '2026-03-05 16:13:20', '2026-03-05 16:13:20');
INSERT INTO "customers" ("id", "customer_number", "notes", "is_deleted", "created_at", "updated_at") VALUES ('cae988ee-3afa-4d1e-ab30-869501f5c80a', '20220218-C01', '原始報價編號: 20220218-003
報價紀錄: 20220218-003, 20231113-005
歷史成交數: 2', false, '2026-03-05 16:13:20', '2026-03-05 16:13:20');
INSERT INTO "company_names" ("id", "customer_id", "company_name", "is_primary", "sort_order", "created_at", "updated_at") VALUES ('dc4cec54-f653-4baa-8020-b08e77bd49bc', 'cae988ee-3afa-4d1e-ab30-869501f5c80a', '今日傳媒股份有限公司', true, 1, '2026-03-05 16:13:20', '2026-03-05 16:13:20');
INSERT INTO "locations" ("id", "customer_id", "name", "address", "is_primary", "sort_order", "created_at", "updated_at") VALUES ('cd5b58e3-7478-45b1-8c6d-091468faf39f', 'cae988ee-3afa-4d1e-ab30-869501f5c80a', '主要地址', '台北市內湖區瑞湖街160號3樓', true, 1, '2026-03-05 16:13:20', '2026-03-05 16:13:20');
INSERT INTO "contacts" ("id", "customer_id", "name", "phone", "mobile", "email", "fax", "is_primary", "sort_order", "created_at", "updated_at") VALUES ('a276c4fe-5f73-42e1-99d4-29748369b7ec', 'cae988ee-3afa-4d1e-ab30-869501f5c80a', 'Hachi', '02-8797-8775', NULL, NULL, NULL, true, 1, '2026-03-05 16:13:20', '2026-03-05 16:13:20');
INSERT INTO "contacts" ("id", "customer_id", "name", "phone", "mobile", "email", "fax", "is_primary", "sort_order", "created_at", "updated_at") VALUES ('20049bf2-67f0-4621-b34f-625387d4b0b4', 'cae988ee-3afa-4d1e-ab30-869501f5c80a', '康先生', '02-8797-8775 #6465', NULL, NULL, NULL, false, 2, '2026-03-05 16:13:20', '2026-03-05 16:13:20');
INSERT INTO "customers" ("id", "customer_number", "notes", "is_deleted", "created_at", "updated_at") VALUES ('31575514-bb83-4bfa-8ce9-7474b7a7e358', '20220218-C02', '原始報價編號: 20220218-008
報價紀錄: 20220218-008
歷史成交數: 1', false, '2026-03-05 16:13:20', '2026-03-05 16:13:20');
INSERT INTO "company_names" ("id", "customer_id", "company_name", "is_primary", "sort_order", "created_at", "updated_at") VALUES ('238e15f0-920e-42da-bd28-d05b31194545', '31575514-bb83-4bfa-8ce9-7474b7a7e358', '錦安市場自治會', true, 1, '2026-03-05 16:13:20', '2026-03-05 16:13:20');
INSERT INTO "locations" ("id", "customer_id", "name", "address", "is_primary", "sort_order", "created_at", "updated_at") VALUES ('e4f93d83-52e2-42b6-9fe0-16f1a454ea2b', '31575514-bb83-4bfa-8ce9-7474b7a7e358', '主要地址', '台北市大安區永康街60號1樓', true, 1, '2026-03-05 16:13:20', '2026-03-05 16:13:20');
INSERT INTO "contacts" ("id", "customer_id", "name", "phone", "mobile", "email", "fax", "is_primary", "sort_order", "created_at", "updated_at") VALUES ('70482fd7-3a85-49ce-8948-0e9b6202dc1e', '31575514-bb83-4bfa-8ce9-7474b7a7e358', '余慧君 小姐', NULL, '0937-585-822', NULL, NULL, true, 1, '2026-03-05 16:13:20', '2026-03-05 16:13:20');
INSERT INTO "customers" ("id", "customer_number", "notes", "is_deleted", "created_at", "updated_at") VALUES ('d7f529a1-da74-44c9-bab6-a9f38421ff5b', '20220223-C01', '原始報價編號: 20220223-015
報價紀錄: 20220223-015
歷史成交數: 1', false, '2026-03-05 16:13:20', '2026-03-05 16:13:20');
INSERT INTO "company_names" ("id", "customer_id", "company_name", "is_primary", "sort_order", "created_at", "updated_at") VALUES ('009a3218-5460-42de-9d77-37a1c5e4a57b', 'd7f529a1-da74-44c9-bab6-a9f38421ff5b', '名人兒童棋院', true, 1, '2026-03-05 16:13:20', '2026-03-05 16:13:20');
INSERT INTO "locations" ("id", "customer_id", "name", "address", "is_primary", "sort_order", "created_at", "updated_at") VALUES ('584c3e2e-e920-499f-871d-622a0d264c34', 'd7f529a1-da74-44c9-bab6-a9f38421ff5b', '主要地址', '台北市大安區羅斯福路三段29號5樓', true, 1, '2026-03-05 16:13:20', '2026-03-05 16:13:20');
INSERT INTO "contacts" ("id", "customer_id", "name", "phone", "mobile", "email", "fax", "is_primary", "sort_order", "created_at", "updated_at") VALUES ('91987023-dbe4-4e72-83fd-66b91ce8496c', 'd7f529a1-da74-44c9-bab6-a9f38421ff5b', '李宜樺 小姐', '02-2362-3225', NULL, NULL, NULL, true, 1, '2026-03-05 16:13:20', '2026-03-05 16:13:20');
INSERT INTO "customers" ("id", "customer_number", "notes", "is_deleted", "created_at", "updated_at") VALUES ('2cc33662-cd37-4b16-939b-a41c0db59f76', '20220224-C01', '原始報價編號: 20220224-010
報價紀錄: 20220224-010
歷史成交數: 1', false, '2026-03-05 16:13:20', '2026-03-05 16:13:20');
INSERT INTO "company_names" ("id", "customer_id", "company_name", "is_primary", "sort_order", "created_at", "updated_at") VALUES ('28520617-3eee-48ff-97d8-84bcfb167ccd', '2cc33662-cd37-4b16-939b-a41c0db59f76', '創利顧問有限公司', true, 1, '2026-03-05 16:13:20', '2026-03-05 16:13:20');
INSERT INTO "locations" ("id", "customer_id", "name", "address", "is_primary", "sort_order", "created_at", "updated_at") VALUES ('3f1926f2-557c-4f30-857c-ca4d66c85a63', '2cc33662-cd37-4b16-939b-a41c0db59f76', '主要地址', '台北市內湖區瑞湖街158號2樓', true, 1, '2026-03-05 16:13:20', '2026-03-05 16:13:20');
INSERT INTO "contacts" ("id", "customer_id", "name", "phone", "mobile", "email", "fax", "is_primary", "sort_order", "created_at", "updated_at") VALUES ('ca3c41e5-7a61-4db4-b6ba-3d68c6373fd2', '2cc33662-cd37-4b16-939b-a41c0db59f76', '楊先生', '02-2659-1955', NULL, NULL, NULL, true, 1, '2026-03-05 16:13:20', '2026-03-05 16:13:20');
INSERT INTO "customers" ("id", "customer_number", "notes", "is_deleted", "created_at", "updated_at") VALUES ('8d9785cb-3369-4096-b532-3299921a8041', '20220224-C02', '原始報價編號: 20220224-011
報價紀錄: 20220224-011
歷史成交數: 1', false, '2026-03-05 16:13:20', '2026-03-05 16:13:20');
INSERT INTO "company_names" ("id", "customer_id", "company_name", "is_primary", "sort_order", "created_at", "updated_at") VALUES ('47ddb633-dc74-4ba4-a6cd-d332b31960de', '8d9785cb-3369-4096-b532-3299921a8041', '喜璿國際法律事務所', true, 1, '2026-03-05 16:13:20', '2026-03-05 16:13:20');
INSERT INTO "locations" ("id", "customer_id", "name", "address", "is_primary", "sort_order", "created_at", "updated_at") VALUES ('435e513a-aca4-4e91-bdb5-bbcf1d0243ff', '8d9785cb-3369-4096-b532-3299921a8041', '主要地址', '台北市松山路130號10樓之2', true, 1, '2026-03-05 16:13:20', '2026-03-05 16:13:20');
INSERT INTO "contacts" ("id", "customer_id", "name", "phone", "mobile", "email", "fax", "is_primary", "sort_order", "created_at", "updated_at") VALUES ('4f0a4dbd-a80e-42bf-bbcc-98e74779e54d', '8d9785cb-3369-4096-b532-3299921a8041', 'Sienna Yu', '02-7730-2982 #101', NULL, NULL, NULL, true, 1, '2026-03-05 16:13:20', '2026-03-05 16:13:20');
INSERT INTO "customers" ("id", "customer_number", "notes", "is_deleted", "created_at", "updated_at") VALUES ('30290148-b2a2-4ec3-bae3-45df1826221b', '20220303-C01', '原始報價編號: 20220303-003
報價紀錄: 20220303-003, 20251223-005
歷史成交數: 2', false, '2026-03-05 16:13:20', '2026-03-05 16:13:20');
INSERT INTO "company_names" ("id", "customer_id", "company_name", "is_primary", "sort_order", "created_at", "updated_at") VALUES ('b05fcad8-d977-47c3-90f0-c175dc08023c', '30290148-b2a2-4ec3-bae3-45df1826221b', '名品王有限公司', true, 1, '2026-03-05 16:13:20', '2026-03-05 16:13:20');
INSERT INTO "locations" ("id", "customer_id", "name", "address", "is_primary", "sort_order", "created_at", "updated_at") VALUES ('bfd8419c-d2b5-4309-a7b8-bacfee2318ad', '30290148-b2a2-4ec3-bae3-45df1826221b', '主要地址', '台北市大安區敦化南路一段233巷50號1樓', true, 1, '2026-03-05 16:13:20', '2026-03-05 16:13:20');
INSERT INTO "contacts" ("id", "customer_id", "name", "phone", "mobile", "email", "fax", "is_primary", "sort_order", "created_at", "updated_at") VALUES ('5c834c93-4cda-4a37-91d0-21188d7c2ab1', '30290148-b2a2-4ec3-bae3-45df1826221b', '張滎瑞 先生', NULL, '0909-072-797', NULL, NULL, true, 1, '2026-03-05 16:13:20', '2026-03-05 16:13:20');
INSERT INTO "contacts" ("id", "customer_id", "name", "phone", "mobile", "email", "fax", "is_primary", "sort_order", "created_at", "updated_at") VALUES ('050b55fd-608d-4c27-84df-154786c94a8b', '30290148-b2a2-4ec3-bae3-45df1826221b', '洪小姐', NULL, '0963-799-393', NULL, NULL, false, 2, '2026-03-05 16:13:20', '2026-03-05 16:13:20');
INSERT INTO "customers" ("id", "customer_number", "notes", "is_deleted", "created_at", "updated_at") VALUES ('ed4cf793-575b-46ca-8913-795d10b5aa52', '20220303-C02', '原始報價編號: 20220303-010
報價紀錄: 20220303-010
歷史成交數: 1', false, '2026-03-05 16:13:20', '2026-03-05 16:13:20');
INSERT INTO "company_names" ("id", "customer_id", "company_name", "is_primary", "sort_order", "created_at", "updated_at") VALUES ('da0a8e11-4da0-495c-82b8-45069aede98a', 'ed4cf793-575b-46ca-8913-795d10b5aa52', '科達建業建設股份有限公司', true, 1, '2026-03-05 16:13:20', '2026-03-05 16:13:20');
INSERT INTO "locations" ("id", "customer_id", "name", "address", "is_primary", "sort_order", "created_at", "updated_at") VALUES ('2024f4e7-7035-44b0-bb3b-1a50322a4be7', 'ed4cf793-575b-46ca-8913-795d10b5aa52', '主要地址', '台北市民權東路三段170號4樓之6', true, 1, '2026-03-05 16:13:20', '2026-03-05 16:13:20');
INSERT INTO "contacts" ("id", "customer_id", "name", "phone", "mobile", "email", "fax", "is_primary", "sort_order", "created_at", "updated_at") VALUES ('c83099ca-030a-474e-b636-cf944339e971', 'ed4cf793-575b-46ca-8913-795d10b5aa52', '鄭繼玲 小姐', NULL, '0922-173-810', NULL, NULL, true, 1, '2026-03-05 16:13:20', '2026-03-05 16:13:20');
INSERT INTO "customers" ("id", "customer_number", "notes", "is_deleted", "created_at", "updated_at") VALUES ('3ce53c7d-db81-42e9-aa94-7daf98d74d18', '20220304-C01', '原始報價編號: 20220304-007
報價紀錄: 20220304-007, 20220407-003
歷史成交數: 2', false, '2026-03-05 16:13:20', '2026-03-05 16:13:20');
INSERT INTO "company_names" ("id", "customer_id", "company_name", "is_primary", "sort_order", "created_at", "updated_at") VALUES ('8de87b53-078d-4c31-867e-de79715ae88e', '3ce53c7d-db81-42e9-aa94-7daf98d74d18', '眾樹能源科技有限公司', true, 1, '2026-03-05 16:13:20', '2026-03-05 16:13:20');
INSERT INTO "locations" ("id", "customer_id", "name", "address", "is_primary", "sort_order", "created_at", "updated_at") VALUES ('028f33c2-c293-4a1b-b551-840dcecf30f9', '3ce53c7d-db81-42e9-aa94-7daf98d74d18', '主要地址', '台北市內湖區瑞光路408號11樓之1', true, 1, '2026-03-05 16:13:20', '2026-03-05 16:13:20');
INSERT INTO "contacts" ("id", "customer_id", "name", "phone", "mobile", "email", "fax", "is_primary", "sort_order", "created_at", "updated_at") VALUES ('87f7eac4-dafc-4fa2-a750-85f8cf5b491c', '3ce53c7d-db81-42e9-aa94-7daf98d74d18', '周思嬅 小姐', NULL, '0970-712-172', NULL, NULL, true, 1, '2026-03-05 16:13:20', '2026-03-05 16:13:20');
INSERT INTO "customers" ("id", "customer_number", "notes", "is_deleted", "created_at", "updated_at") VALUES ('73c52531-6e7c-45d9-92d5-bf0123ef2b34', '20220309-C01', '原始報價編號: 20220309-006
報價紀錄: 20220309-006
歷史成交數: 1', false, '2026-03-05 16:13:20', '2026-03-05 16:13:20');
INSERT INTO "company_names" ("id", "customer_id", "company_name", "is_primary", "sort_order", "created_at", "updated_at") VALUES ('ca646d02-9ec1-488d-b84b-9b5f681ef69f', '73c52531-6e7c-45d9-92d5-bf0123ef2b34', '明眸教育事業有限公司', true, 1, '2026-03-05 16:13:20', '2026-03-05 16:13:20');
INSERT INTO "locations" ("id", "customer_id", "name", "address", "is_primary", "sort_order", "created_at", "updated_at") VALUES ('c965698d-cd00-43cc-83ec-672571742cfe', '73c52531-6e7c-45d9-92d5-bf0123ef2b34', '主要地址', '台北市信義路四段341號6樓之1', true, 1, '2026-03-05 16:13:20', '2026-03-05 16:13:20');
INSERT INTO "contacts" ("id", "customer_id", "name", "phone", "mobile", "email", "fax", "is_primary", "sort_order", "created_at", "updated_at") VALUES ('bd62a814-cd32-4dcb-a89d-8a997b01f11d', '73c52531-6e7c-45d9-92d5-bf0123ef2b34', '張先生', NULL, '0960-299-837', NULL, NULL, true, 1, '2026-03-05 16:13:20', '2026-03-05 16:13:20');
INSERT INTO "customers" ("id", "customer_number", "notes", "is_deleted", "created_at", "updated_at") VALUES ('10aca0d1-b98e-45f3-8e5d-abd862cca32a', '20220310-C01', '原始報價編號: 20220310-003
報價紀錄: 20220310-003, 20220321-008
歷史成交數: 2', false, '2026-03-05 16:13:20', '2026-03-05 16:13:20');
INSERT INTO "company_names" ("id", "customer_id", "company_name", "is_primary", "sort_order", "created_at", "updated_at") VALUES ('c554cae0-2640-49da-887e-4bf2e24a50ae', '10aca0d1-b98e-45f3-8e5d-abd862cca32a', '小米網路科技股份有限公司', true, 1, '2026-03-05 16:13:20', '2026-03-05 16:13:20');
INSERT INTO "locations" ("id", "customer_id", "name", "address", "is_primary", "sort_order", "created_at", "updated_at") VALUES ('e2125762-8523-40b7-b77d-f2f7f0c2d51a', '10aca0d1-b98e-45f3-8e5d-abd862cca32a', '主要地址', '新北市汐止區新台五路一段97號13樓之5', true, 1, '2026-03-05 16:13:20', '2026-03-05 16:13:20');
INSERT INTO "locations" ("id", "customer_id", "name", "address", "is_primary", "sort_order", "created_at", "updated_at") VALUES ('1a6c3c4b-1390-4cb7-b1c2-46e0003ae0a5', '10aca0d1-b98e-45f3-8e5d-abd862cca32a', '分支地址2', '新北市汐止區新台五路一段97號19樓之7', false, 2, '2026-03-05 16:13:20', '2026-03-05 16:13:20');
INSERT INTO "contacts" ("id", "customer_id", "name", "phone", "mobile", "email", "fax", "is_primary", "sort_order", "created_at", "updated_at") VALUES ('d80598be-e476-49c0-b0f4-e830ba390b3f', '10aca0d1-b98e-45f3-8e5d-abd862cca32a', '游旻婕 小姐', NULL, '0983-519-999', NULL, NULL, true, 1, '2026-03-05 16:13:20', '2026-03-05 16:13:20');
INSERT INTO "customers" ("id", "customer_number", "notes", "is_deleted", "created_at", "updated_at") VALUES ('51ecc51d-9f7e-438c-8b09-dc6fa72452ae', '20220315-C01', '原始報價編號: 20220315-006
報價紀錄: 20220315-006, 20220503-007
歷史成交數: 2', false, '2026-03-05 16:13:20', '2026-03-05 16:13:20');
INSERT INTO "company_names" ("id", "customer_id", "company_name", "is_primary", "sort_order", "created_at", "updated_at") VALUES ('9f6e2cab-85ef-4743-a15f-ce0358bdc4e9', '51ecc51d-9f7e-438c-8b09-dc6fa72452ae', '寗可好物有限公司', true, 1, '2026-03-05 16:13:20', '2026-03-05 16:13:20');
INSERT INTO "locations" ("id", "customer_id", "name", "address", "is_primary", "sort_order", "created_at", "updated_at") VALUES ('3af62efc-aebd-4685-9b40-077b7e779d7c', '51ecc51d-9f7e-438c-8b09-dc6fa72452ae', '主要地址', '台北市大同區華亭街45號1樓', true, 1, '2026-03-05 16:13:20', '2026-03-05 16:13:20');
INSERT INTO "locations" ("id", "customer_id", "name", "address", "is_primary", "sort_order", "created_at", "updated_at") VALUES ('39fb9b91-0d2c-40db-addb-a649c54e0e2d', '51ecc51d-9f7e-438c-8b09-dc6fa72452ae', '分支地址2', '台北市大同區延平北路一段130之5號1樓', false, 2, '2026-03-05 16:13:20', '2026-03-05 16:13:20');
INSERT INTO "contacts" ("id", "customer_id", "name", "phone", "mobile", "email", "fax", "is_primary", "sort_order", "created_at", "updated_at") VALUES ('0701c3ab-c7e3-4ad0-92a6-49b656beae86', '51ecc51d-9f7e-438c-8b09-dc6fa72452ae', '游先生', NULL, '0981-471-208', NULL, NULL, true, 1, '2026-03-05 16:13:20', '2026-03-05 16:13:20');
INSERT INTO "customers" ("id", "customer_number", "notes", "is_deleted", "created_at", "updated_at") VALUES ('a90743db-e1c8-4190-b7af-b57390f3a638', '20220318-C01', '原始報價編號: 20220318-011
報價紀錄: 20220318-011, 20220411-008, 20221102-003, 20230705-003, 20230706-006, 20231101-007, 20231225-011, 20250711-005, 20250714-003, 20250903-007, 20250912-005
歷史成交數: 11', false, '2026-03-05 16:13:20', '2026-03-05 16:13:20');
INSERT INTO "company_names" ("id", "customer_id", "company_name", "is_primary", "sort_order", "created_at", "updated_at") VALUES ('6eed2dc1-4d3f-4fd7-9ff4-2854bb49f1bb', 'a90743db-e1c8-4190-b7af-b57390f3a638', '正風聯合會計師事務所', true, 1, '2026-03-05 16:13:20', '2026-03-05 16:13:20');
INSERT INTO "locations" ("id", "customer_id", "name", "address", "is_primary", "sort_order", "created_at", "updated_at") VALUES ('379c3862-799d-4d22-ac43-0c424bf6676b', 'a90743db-e1c8-4190-b7af-b57390f3a638', '主要地址', '台北市中山區南京東路二段111號13、14樓', true, 1, '2026-03-05 16:13:20', '2026-03-05 16:13:20');
INSERT INTO "locations" ("id", "customer_id", "name", "address", "is_primary", "sort_order", "created_at", "updated_at") VALUES ('93910047-0135-47cd-97b0-3944ee74780c', 'a90743db-e1c8-4190-b7af-b57390f3a638', '分支地址2', '台北市中山區南京東路二段111號14樓(男廁旁邊的門)', false, 2, '2026-03-05 16:13:20', '2026-03-05 16:13:20');
INSERT INTO "locations" ("id", "customer_id", "name", "address", "is_primary", "sort_order", "created_at", "updated_at") VALUES ('69f9e1a1-442f-4de7-beab-15e1bbcdfa6e', 'a90743db-e1c8-4190-b7af-b57390f3a638', '分支地址3', '台北市中山區南京東路二段111號14樓', false, 3, '2026-03-05 16:13:20', '2026-03-05 16:13:20');
INSERT INTO "contacts" ("id", "customer_id", "name", "phone", "mobile", "email", "fax", "is_primary", "sort_order", "created_at", "updated_at") VALUES ('2f6840b0-e162-481c-870e-a33fd316e5eb', 'a90743db-e1c8-4190-b7af-b57390f3a638', '黃麗華 經理', '02-2516-5255 #107', NULL, NULL, NULL, true, 1, '2026-03-05 16:13:20', '2026-03-05 16:13:20');
INSERT INTO "contacts" ("id", "customer_id", "name", "phone", "mobile", "email", "fax", "is_primary", "sort_order", "created_at", "updated_at") VALUES ('4a65e52d-877b-480d-8e41-83b8fdbe5bb7', 'a90743db-e1c8-4190-b7af-b57390f3a638', '童小姐', '02-2516-5255', NULL, NULL, NULL, false, 2, '2026-03-05 16:13:20', '2026-03-05 16:13:20');
INSERT INTO "contacts" ("id", "customer_id", "name", "phone", "mobile", "email", "fax", "is_primary", "sort_order", "created_at", "updated_at") VALUES ('1dc50b3b-44f7-4cd4-a3dc-75983f16fec7', 'a90743db-e1c8-4190-b7af-b57390f3a638', '何小姐', '02-2516-5255# 100', NULL, NULL, NULL, false, 3, '2026-03-05 16:13:20', '2026-03-05 16:13:20');
INSERT INTO "contacts" ("id", "customer_id", "name", "phone", "mobile", "email", "fax", "is_primary", "sort_order", "created_at", "updated_at") VALUES ('616c3b29-b318-492a-90f0-81f38341c266', 'a90743db-e1c8-4190-b7af-b57390f3a638', '聯絡人4', '02-2516-5255 100', NULL, NULL, NULL, false, 4, '2026-03-05 16:13:20', '2026-03-05 16:13:20');
INSERT INTO "contacts" ("id", "customer_id", "name", "phone", "mobile", "email", "fax", "is_primary", "sort_order", "created_at", "updated_at") VALUES ('777f4e18-0539-4bee-b46e-670b756b0405', 'a90743db-e1c8-4190-b7af-b57390f3a638', '聯絡人5', '02-2516-5255 #100', NULL, NULL, NULL, false, 5, '2026-03-05 16:13:20', '2026-03-05 16:13:20');
INSERT INTO "customers" ("id", "customer_number", "notes", "is_deleted", "created_at", "updated_at") VALUES ('f75d2156-31fb-42f2-927a-8d3512a7bcf2', '20220321-C01', '原始報價編號: 20220321-009
報價紀錄: 20220321-009
歷史成交數: 1', false, '2026-03-05 16:13:20', '2026-03-05 16:13:20');
INSERT INTO "locations" ("id", "customer_id", "name", "address", "is_primary", "sort_order", "created_at", "updated_at") VALUES ('85d9e624-39a3-4037-8fc5-29d11cb572f2', 'f75d2156-31fb-42f2-927a-8d3512a7bcf2', '主要地址', '台北市士林區前街43巷8弄1號', true, 1, '2026-03-05 16:13:20', '2026-03-05 16:13:20');
INSERT INTO "contacts" ("id", "customer_id", "name", "phone", "mobile", "email", "fax", "is_primary", "sort_order", "created_at", "updated_at") VALUES ('65f78dbc-bd57-4a4b-ab05-281253c7c8a6', 'f75d2156-31fb-42f2-927a-8d3512a7bcf2', '翁敬恆 先生', NULL, '0916-166-898', NULL, NULL, true, 1, '2026-03-05 16:13:20', '2026-03-05 16:13:20');
INSERT INTO "customers" ("id", "customer_number", "notes", "is_deleted", "created_at", "updated_at") VALUES ('a520039f-504b-42d6-bc48-f4de683dadd3', '20220323-C01', '原始報價編號: 20220323-005
報價紀錄: 20220323-005, 20221004-002, 20230614-009
歷史成交數: 3', false, '2026-03-05 16:13:20', '2026-03-05 16:13:20');
INSERT INTO "company_names" ("id", "customer_id", "company_name", "is_primary", "sort_order", "created_at", "updated_at") VALUES ('d1391c81-3f7b-45c0-a5eb-ddb1bd628563', 'a520039f-504b-42d6-bc48-f4de683dadd3', '傳泰資訊股份有限公司', true, 1, '2026-03-05 16:13:20', '2026-03-05 16:13:20');
INSERT INTO "company_names" ("id", "customer_id", "company_name", "is_primary", "sort_order", "created_at", "updated_at") VALUES ('63c6ad47-2125-44bd-b2ee-00324a0b4ea7', 'a520039f-504b-42d6-bc48-f4de683dadd3', '傳泰資訊股份有限公司金門分公司', false, 2, '2026-03-05 16:13:20', '2026-03-05 16:13:20');
INSERT INTO "locations" ("id", "customer_id", "name", "address", "is_primary", "sort_order", "created_at", "updated_at") VALUES ('3ffc267c-5082-4dd0-9d23-f3a370811b6a', 'a520039f-504b-42d6-bc48-f4de683dadd3', '主要地址', '新北市中和區興南路2段117巷31號1樓', true, 1, '2026-03-05 16:13:20', '2026-03-05 16:13:20');
INSERT INTO "contacts" ("id", "customer_id", "name", "phone", "mobile", "email", "fax", "is_primary", "sort_order", "created_at", "updated_at") VALUES ('6bbeb84e-736b-4941-af61-34d10fa273e2', 'a520039f-504b-42d6-bc48-f4de683dadd3', '顧雅筑 小姐', '02-8943-1369', NULL, NULL, NULL, true, 1, '2026-03-05 16:13:20', '2026-03-05 16:13:20');
INSERT INTO "customers" ("id", "customer_number", "notes", "is_deleted", "created_at", "updated_at") VALUES ('7e7f3179-ec3b-4765-b344-9529722b3d6a', '20220324-C01', '原始報價編號: 20220324-009
報價紀錄: 20220324-009
歷史成交數: 1', false, '2026-03-05 16:13:20', '2026-03-05 16:13:20');
INSERT INTO "company_names" ("id", "customer_id", "company_name", "is_primary", "sort_order", "created_at", "updated_at") VALUES ('f7dc3945-8dda-4a9f-9df5-bed1bf735c2c', '7e7f3179-ec3b-4765-b344-9529722b3d6a', '台灣三住建股份有限公司', true, 1, '2026-03-05 16:13:20', '2026-03-05 16:13:20');
INSERT INTO "locations" ("id", "customer_id", "name", "address", "is_primary", "sort_order", "created_at", "updated_at") VALUES ('30c69841-6a72-46a2-b94c-4a34aa4158b8', '7e7f3179-ec3b-4765-b344-9529722b3d6a', '主要地址', '台北市中山區中山北路二段129號3樓', true, 1, '2026-03-05 16:13:20', '2026-03-05 16:13:20');
INSERT INTO "contacts" ("id", "customer_id", "name", "phone", "mobile", "email", "fax", "is_primary", "sort_order", "created_at", "updated_at") VALUES ('44139b6b-ae77-4efb-9687-1584c4c8bf5d', '7e7f3179-ec3b-4765-b344-9529722b3d6a', '陳玟君 小姐', '02-2563-9833', NULL, NULL, NULL, true, 1, '2026-03-05 16:13:20', '2026-03-05 16:13:20');
INSERT INTO "customers" ("id", "customer_number", "notes", "is_deleted", "created_at", "updated_at") VALUES ('4f85255d-5b83-4133-92c3-c2dca39d302d', '20220325-C01', '原始報價編號: 20220325-003
報價紀錄: 20220325-003
歷史成交數: 1', false, '2026-03-05 16:13:20', '2026-03-05 16:13:20');
INSERT INTO "company_names" ("id", "customer_id", "company_name", "is_primary", "sort_order", "created_at", "updated_at") VALUES ('eaa821e2-602f-4cb9-82ea-f87aba43fd5d', '4f85255d-5b83-4133-92c3-c2dca39d302d', '英屬維京群島商標緻科技有限公司代表人辦事處', true, 1, '2026-03-05 16:13:20', '2026-03-05 16:13:20');
INSERT INTO "locations" ("id", "customer_id", "name", "address", "is_primary", "sort_order", "created_at", "updated_at") VALUES ('8abcd74d-73eb-40d2-98db-5b06945a0f02', '4f85255d-5b83-4133-92c3-c2dca39d302d', '主要地址', '台北市內湖區文湖街18號6樓', true, 1, '2026-03-05 16:13:20', '2026-03-05 16:13:20');
INSERT INTO "contacts" ("id", "customer_id", "name", "phone", "mobile", "email", "fax", "is_primary", "sort_order", "created_at", "updated_at") VALUES ('a0e1fb9b-33af-4ad5-97a9-7daddd98dd59', '4f85255d-5b83-4133-92c3-c2dca39d302d', '夏韻涵 小姐', '02-2627-0685 #263', '0952-567-198', NULL, NULL, true, 1, '2026-03-05 16:13:20', '2026-03-05 16:13:20');
INSERT INTO "customers" ("id", "customer_number", "notes", "is_deleted", "created_at", "updated_at") VALUES ('837482c2-c4cd-4f80-be80-55df26f1700d', '20220329-C01', '原始報價編號: 20220329-003
報價紀錄: 20220329-003
歷史成交數: 1', false, '2026-03-05 16:13:20', '2026-03-05 16:13:20');
INSERT INTO "company_names" ("id", "customer_id", "company_name", "is_primary", "sort_order", "created_at", "updated_at") VALUES ('543c14bb-0e3c-4363-a6b2-c6753fb75cfd', '837482c2-c4cd-4f80-be80-55df26f1700d', '兆點股份有限公司', true, 1, '2026-03-05 16:13:20', '2026-03-05 16:13:20');
INSERT INTO "locations" ("id", "customer_id", "name", "address", "is_primary", "sort_order", "created_at", "updated_at") VALUES ('507d4697-52e8-424a-b027-8e24e86b4f3e', '837482c2-c4cd-4f80-be80-55df26f1700d', '主要地址', '台北市信義區信義路五段150巷10號B2', true, 1, '2026-03-05 16:13:20', '2026-03-05 16:13:20');
INSERT INTO "contacts" ("id", "customer_id", "name", "phone", "mobile", "email", "fax", "is_primary", "sort_order", "created_at", "updated_at") VALUES ('5ebd326b-06a3-4cf4-a8b6-195b2154887b', '837482c2-c4cd-4f80-be80-55df26f1700d', '胡小姐', NULL, '0932-218-313', NULL, NULL, true, 1, '2026-03-05 16:13:20', '2026-03-05 16:13:20');
INSERT INTO "customers" ("id", "customer_number", "notes", "is_deleted", "created_at", "updated_at") VALUES ('b09581c1-8234-48f2-b13c-549ec47d5219', '20220329-C02', '原始報價編號: 20220329-005
報價紀錄: 20220329-005
歷史成交數: 1', false, '2026-03-05 16:13:20', '2026-03-05 16:13:20');
INSERT INTO "locations" ("id", "customer_id", "name", "address", "is_primary", "sort_order", "created_at", "updated_at") VALUES ('4f05375b-da65-4e44-8396-2d931333a79e', 'b09581c1-8234-48f2-b13c-549ec47d5219', '主要地址', '台北市信義區松山路512號', true, 1, '2026-03-05 16:13:20', '2026-03-05 16:13:20');
INSERT INTO "contacts" ("id", "customer_id", "name", "phone", "mobile", "email", "fax", "is_primary", "sort_order", "created_at", "updated_at") VALUES ('9e57e2dd-c4d1-4a74-857b-150e4c6e7d91', 'b09581c1-8234-48f2-b13c-549ec47d5219', '陳小姐', NULL, '0933-275-832', NULL, NULL, true, 1, '2026-03-05 16:13:20', '2026-03-05 16:13:20');
INSERT INTO "customers" ("id", "customer_number", "notes", "is_deleted", "created_at", "updated_at") VALUES ('bec787b7-24bc-46c6-b235-2b82dca867d0', '20220331-C01', '原始報價編號: 20220331-005
報價紀錄: 20220331-005
歷史成交數: 1', false, '2026-03-05 16:13:20', '2026-03-05 16:13:20');
INSERT INTO "company_names" ("id", "customer_id", "company_name", "is_primary", "sort_order", "created_at", "updated_at") VALUES ('d6a3e300-5975-4648-8009-ff5033db5eb3', 'bec787b7-24bc-46c6-b235-2b82dca867d0', '丹朵醫學', true, 1, '2026-03-05 16:13:20', '2026-03-05 16:13:20');
INSERT INTO "locations" ("id", "customer_id", "name", "address", "is_primary", "sort_order", "created_at", "updated_at") VALUES ('e25630d2-8b22-490a-abd6-5355940bfa0d', 'bec787b7-24bc-46c6-b235-2b82dca867d0', '主要地址', '台北市中山區長春路3巷13號', true, 1, '2026-03-05 16:13:20', '2026-03-05 16:13:20');
INSERT INTO "contacts" ("id", "customer_id", "name", "phone", "mobile", "email", "fax", "is_primary", "sort_order", "created_at", "updated_at") VALUES ('c8b1f0d0-ccb6-49a0-9783-f3056bbd9ea5', 'bec787b7-24bc-46c6-b235-2b82dca867d0', '李小姐', '02-2536-8857', NULL, NULL, NULL, true, 1, '2026-03-05 16:13:20', '2026-03-05 16:13:20');
INSERT INTO "customers" ("id", "customer_number", "notes", "is_deleted", "created_at", "updated_at") VALUES ('ebdd7986-5382-4b59-9a1d-9fd00d8b9aed', '20220401-C01', '原始報價編號: 20220401-010
報價紀錄: 20220401-010
歷史成交數: 1', false, '2026-03-05 16:13:20', '2026-03-05 16:13:20');
INSERT INTO "company_names" ("id", "customer_id", "company_name", "is_primary", "sort_order", "created_at", "updated_at") VALUES ('d4853309-0fa3-4051-95a2-d8d5d20c5712', 'ebdd7986-5382-4b59-9a1d-9fd00d8b9aed', '巨威航空貨運代理股份有限公司', true, 1, '2026-03-05 16:13:20', '2026-03-05 16:13:20');
INSERT INTO "locations" ("id", "customer_id", "name", "address", "is_primary", "sort_order", "created_at", "updated_at") VALUES ('10837ca3-21c4-448e-8bbc-2aa2f805e89a', 'ebdd7986-5382-4b59-9a1d-9fd00d8b9aed', '主要地址', '台北市中山區長春路328號7樓之1', true, 1, '2026-03-05 16:13:20', '2026-03-05 16:13:20');
INSERT INTO "contacts" ("id", "customer_id", "name", "phone", "mobile", "email", "fax", "is_primary", "sort_order", "created_at", "updated_at") VALUES ('aab68e69-e687-4024-b718-39978b69d775', 'ebdd7986-5382-4b59-9a1d-9fd00d8b9aed', '蔣小姐', '02-8712-1836', NULL, NULL, NULL, true, 1, '2026-03-05 16:13:20', '2026-03-05 16:13:20');
INSERT INTO "customers" ("id", "customer_number", "notes", "is_deleted", "created_at", "updated_at") VALUES ('c2ad4085-e674-40fd-ac13-f35e5a295aa0', '20220411-C01', '原始報價編號: 20220411-007
報價紀錄: 20220411-007, 20220506-005, 20241030-010, 20241101-005
歷史成交數: 4', false, '2026-03-05 16:13:20', '2026-03-05 16:13:20');
INSERT INTO "company_names" ("id", "customer_id", "company_name", "is_primary", "sort_order", "created_at", "updated_at") VALUES ('00c8dbdd-9af2-446e-8b60-f4a5f996c453', 'c2ad4085-e674-40fd-ac13-f35e5a295aa0', '台灣捷太格特電子股份有限公司', true, 1, '2026-03-05 16:13:20', '2026-03-05 16:13:20');
INSERT INTO "company_names" ("id", "customer_id", "company_name", "is_primary", "sort_order", "created_at", "updated_at") VALUES ('ae0d0946-83c7-4ea8-910f-7e73086c530e', 'c2ad4085-e674-40fd-ac13-f35e5a295aa0', '台灣洸洋電子股份有限公司', false, 2, '2026-03-05 16:13:20', '2026-03-05 16:13:20');
INSERT INTO "locations" ("id", "customer_id", "name", "address", "is_primary", "sort_order", "created_at", "updated_at") VALUES ('79e7b9aa-69ac-4cb8-8ce4-edeb63d6212f', 'c2ad4085-e674-40fd-ac13-f35e5a295aa0', '主要地址', '台北市內湖區瑞光路513巷22弄5號4樓', true, 1, '2026-03-05 16:13:20', '2026-03-05 16:13:20');
INSERT INTO "contacts" ("id", "customer_id", "name", "phone", "mobile", "email", "fax", "is_primary", "sort_order", "created_at", "updated_at") VALUES ('8e0c6cc7-0f9c-4f38-8dd0-d3a9fe2229f4', 'c2ad4085-e674-40fd-ac13-f35e5a295aa0', '莊崇暉 先生', '02-8797-7988 #111', '0918-598-915', NULL, NULL, true, 1, '2026-03-05 16:13:20', '2026-03-05 16:13:20');
INSERT INTO "customers" ("id", "customer_number", "notes", "is_deleted", "created_at", "updated_at") VALUES ('c24c055e-f093-4d8a-86fc-4a42e406cbdc', '20220412-C01', '原始報價編號: 20220412-010
報價紀錄: 20220412-010
歷史成交數: 1', false, '2026-03-05 16:13:20', '2026-03-05 16:13:20');
INSERT INTO "company_names" ("id", "customer_id", "company_name", "is_primary", "sort_order", "created_at", "updated_at") VALUES ('3e04156b-c499-45bf-897f-78fc0f4fa350', 'c24c055e-f093-4d8a-86fc-4a42e406cbdc', '築汨室內裝修設計工程有限公司', true, 1, '2026-03-05 16:13:20', '2026-03-05 16:13:20');
INSERT INTO "locations" ("id", "customer_id", "name", "address", "is_primary", "sort_order", "created_at", "updated_at") VALUES ('0e9c8901-38ab-494e-866f-271a7d9bab68', 'c24c055e-f093-4d8a-86fc-4a42e406cbdc', '主要地址', '台北市安和路二段181巷15號1樓', true, 1, '2026-03-05 16:13:20', '2026-03-05 16:13:20');
INSERT INTO "contacts" ("id", "customer_id", "name", "phone", "mobile", "email", "fax", "is_primary", "sort_order", "created_at", "updated_at") VALUES ('65114e64-2168-4169-8789-89098e89c1b7', 'c24c055e-f093-4d8a-86fc-4a42e406cbdc', '何婷穎 小姐', NULL, '0937-828-570', NULL, NULL, true, 1, '2026-03-05 16:13:20', '2026-03-05 16:13:20');
INSERT INTO "customers" ("id", "customer_number", "notes", "is_deleted", "created_at", "updated_at") VALUES ('64a94bbb-528e-4bc6-87a6-6521a288394f', '20220412-C02', '原始報價編號: 20220412-011
報價紀錄: 20220412-011, 20220503-006
歷史成交數: 2', false, '2026-03-05 16:13:20', '2026-03-05 16:13:20');
INSERT INTO "company_names" ("id", "customer_id", "company_name", "is_primary", "sort_order", "created_at", "updated_at") VALUES ('e7ef00ba-6eb0-4c30-8138-0bae577fcaa2', '64a94bbb-528e-4bc6-87a6-6521a288394f', '聯銘盛貿易股份有限公司', true, 1, '2026-03-05 16:13:20', '2026-03-05 16:13:20');
INSERT INTO "locations" ("id", "customer_id", "name", "address", "is_primary", "sort_order", "created_at", "updated_at") VALUES ('61c1ced3-9356-4529-a6c3-aec54029d4ef', '64a94bbb-528e-4bc6-87a6-6521a288394f', '主要地址', '台北市內湖區民權東路六段109號5樓之1', true, 1, '2026-03-05 16:13:20', '2026-03-05 16:13:20');
INSERT INTO "contacts" ("id", "customer_id", "name", "phone", "mobile", "email", "fax", "is_primary", "sort_order", "created_at", "updated_at") VALUES ('344572d0-11e4-48e8-91b0-eb795f4d2368', '64a94bbb-528e-4bc6-87a6-6521a288394f', '李姵瑩 小姐', NULL, '0937-931-512', NULL, NULL, true, 1, '2026-03-05 16:13:20', '2026-03-05 16:13:20');
INSERT INTO "customers" ("id", "customer_number", "notes", "is_deleted", "created_at", "updated_at") VALUES ('151fe86f-1388-48af-b287-d9e347ed2f53', '20220418-C01', '原始報價編號: 20220418-015
報價紀錄: 20220418-015
歷史成交數: 1', false, '2026-03-05 16:13:20', '2026-03-05 16:13:20');
INSERT INTO "company_names" ("id", "customer_id", "company_name", "is_primary", "sort_order", "created_at", "updated_at") VALUES ('7474edb6-6e87-4868-9665-7715a07326d8', '151fe86f-1388-48af-b287-d9e347ed2f53', '薩摩亞商偉傑企業有限公司台灣分公司', true, 1, '2026-03-05 16:13:20', '2026-03-05 16:13:20');
INSERT INTO "locations" ("id", "customer_id", "name", "address", "is_primary", "sort_order", "created_at", "updated_at") VALUES ('d5e5e32d-cb83-4447-ac4b-4983eee02803', '151fe86f-1388-48af-b287-d9e347ed2f53', '主要地址', '新北市淡水區中正東路二段27之5號21樓', true, 1, '2026-03-05 16:13:20', '2026-03-05 16:13:20');
INSERT INTO "contacts" ("id", "customer_id", "name", "phone", "mobile", "email", "fax", "is_primary", "sort_order", "created_at", "updated_at") VALUES ('4628ee95-ca64-44a1-bf7b-45084c2e529c', '151fe86f-1388-48af-b287-d9e347ed2f53', '杜育誠 先生', '02-2626-4186', '0921-162-480', NULL, NULL, true, 1, '2026-03-05 16:13:20', '2026-03-05 16:13:20');
INSERT INTO "customers" ("id", "customer_number", "notes", "is_deleted", "created_at", "updated_at") VALUES ('68d2a33d-2ea3-4a5f-9fe6-4c3e0f218943', '20220419-C01', '原始報價編號: 20220419-006
報價紀錄: 20220419-006
歷史成交數: 1', false, '2026-03-05 16:13:20', '2026-03-05 16:13:20');
INSERT INTO "company_names" ("id", "customer_id", "company_name", "is_primary", "sort_order", "created_at", "updated_at") VALUES ('00998386-952b-41f1-ae53-6a325f42279d', '68d2a33d-2ea3-4a5f-9fe6-4c3e0f218943', '兆琪實業股份有限公司台北分公司', true, 1, '2026-03-05 16:13:20', '2026-03-05 16:13:20');
INSERT INTO "locations" ("id", "customer_id", "name", "address", "is_primary", "sort_order", "created_at", "updated_at") VALUES ('bf60bb15-901f-497c-a164-5904b607de03', '68d2a33d-2ea3-4a5f-9fe6-4c3e0f218943', '主要地址', '台北市信義區松德路178之5號10樓', true, 1, '2026-03-05 16:13:20', '2026-03-05 16:13:20');
INSERT INTO "contacts" ("id", "customer_id", "name", "phone", "mobile", "email", "fax", "is_primary", "sort_order", "created_at", "updated_at") VALUES ('5ef7e444-afd9-46b7-9e52-0c43a9ec1fba', '68d2a33d-2ea3-4a5f-9fe6-4c3e0f218943', '周士傑 先生', '02-2627-0369', '0935-499-927', NULL, NULL, true, 1, '2026-03-05 16:13:20', '2026-03-05 16:13:20');
INSERT INTO "customers" ("id", "customer_number", "notes", "is_deleted", "created_at", "updated_at") VALUES ('fa289152-a94c-42ba-bc12-ed8f701295bb', '20220428-C01', '原始報價編號: 20220428-006
報價紀錄: 20220428-006
歷史成交數: 1', false, '2026-03-05 16:13:20', '2026-03-05 16:13:20');
INSERT INTO "company_names" ("id", "customer_id", "company_name", "is_primary", "sort_order", "created_at", "updated_at") VALUES ('8cd4b8c1-71a1-48f5-a5d0-ef219a907995', 'fa289152-a94c-42ba-bc12-ed8f701295bb', '馬爾斯國際有限公司', true, 1, '2026-03-05 16:13:20', '2026-03-05 16:13:20');
INSERT INTO "locations" ("id", "customer_id", "name", "address", "is_primary", "sort_order", "created_at", "updated_at") VALUES ('c2cd356b-ed98-4654-8299-544e86c424ca', 'fa289152-a94c-42ba-bc12-ed8f701295bb', '主要地址', '桃園市蘆竹區長興路三段247號', true, 1, '2026-03-05 16:13:20', '2026-03-05 16:13:20');
INSERT INTO "contacts" ("id", "customer_id", "name", "phone", "mobile", "email", "fax", "is_primary", "sort_order", "created_at", "updated_at") VALUES ('2e2f3992-02a0-4b39-965b-5dddcfcfb6b8', 'fa289152-a94c-42ba-bc12-ed8f701295bb', '杜承駿 先生', '03-324-9096 #16', '0953-707-210', NULL, NULL, true, 1, '2026-03-05 16:13:20', '2026-03-05 16:13:20');
INSERT INTO "customers" ("id", "customer_number", "notes", "is_deleted", "created_at", "updated_at") VALUES ('6311fda3-e6f0-4288-9fd9-d33007f0d58f', '20220428-C02', '原始報價編號: 20220428-008
報價紀錄: 20220428-008, 20220524-006, 20220607-006, 20220621-003, 20240726-013, 20240726-014, 20240726-015, 20250905-003
歷史成交數: 8', false, '2026-03-05 16:13:20', '2026-03-05 16:13:20');
INSERT INTO "company_names" ("id", "customer_id", "company_name", "is_primary", "sort_order", "created_at", "updated_at") VALUES ('af70ca76-7a7e-4bcb-bd89-b38d7361f1c2', '6311fda3-e6f0-4288-9fd9-d33007f0d58f', '行舍空間有限公司', true, 1, '2026-03-05 16:13:20', '2026-03-05 16:13:20');
INSERT INTO "locations" ("id", "customer_id", "name", "address", "is_primary", "sort_order", "created_at", "updated_at") VALUES ('b6e9a51a-8af5-4377-a638-ec1e89044ff6', '6311fda3-e6f0-4288-9fd9-d33007f0d58f', '主要地址', '台北市松山區民生東路五段69巷2弄8號1樓', true, 1, '2026-03-05 16:13:20', '2026-03-05 16:13:20');
INSERT INTO "locations" ("id", "customer_id", "name", "address", "is_primary", "sort_order", "created_at", "updated_at") VALUES ('4e720a02-f046-4f61-bd9a-ebadb879d984', '6311fda3-e6f0-4288-9fd9-d33007f0d58f', '分支地址2', '台北市松山區富錦街359巷3弄13號B1', false, 2, '2026-03-05 16:13:20', '2026-03-05 16:13:20');
INSERT INTO "contacts" ("id", "customer_id", "name", "phone", "mobile", "email", "fax", "is_primary", "sort_order", "created_at", "updated_at") VALUES ('1493494c-a6f9-4441-8ce3-b8077a874b52', '6311fda3-e6f0-4288-9fd9-d33007f0d58f', '李孟霖 先生', '02-2700-5633', '0905-565-685', NULL, NULL, true, 1, '2026-03-05 16:13:20', '2026-03-05 16:13:20');
INSERT INTO "contacts" ("id", "customer_id", "name", "phone", "mobile", "email", "fax", "is_primary", "sort_order", "created_at", "updated_at") VALUES ('0e8c905e-3f88-4364-943d-c429c581cbc4', '6311fda3-e6f0-4288-9fd9-d33007f0d58f', '劉倢如 小姐', NULL, '0975-432-569', NULL, NULL, false, 2, '2026-03-05 16:13:20', '2026-03-05 16:13:20');
INSERT INTO "contacts" ("id", "customer_id", "name", "phone", "mobile", "email", "fax", "is_primary", "sort_order", "created_at", "updated_at") VALUES ('c1e60c95-cb2d-4862-801d-f9acd7aa7464', '6311fda3-e6f0-4288-9fd9-d33007f0d58f', 'Hank', NULL, '0975-432-569', NULL, NULL, false, 3, '2026-03-05 16:13:20', '2026-03-05 16:13:20');
INSERT INTO "customers" ("id", "customer_number", "notes", "is_deleted", "created_at", "updated_at") VALUES ('3308e9dc-7e87-423a-b705-6d95a9755c54', '20220506-C01', '原始報價編號: 20220506-003
報價紀錄: 20220506-003
歷史成交數: 1', false, '2026-03-05 16:13:20', '2026-03-05 16:13:20');
INSERT INTO "company_names" ("id", "customer_id", "company_name", "is_primary", "sort_order", "created_at", "updated_at") VALUES ('3403fd3a-6307-4f4a-9ec4-7511ed9a9ef6', '3308e9dc-7e87-423a-b705-6d95a9755c54', '金怡合企業股份有限公司', true, 1, '2026-03-05 16:13:20', '2026-03-05 16:13:20');
INSERT INTO "locations" ("id", "customer_id", "name", "address", "is_primary", "sort_order", "created_at", "updated_at") VALUES ('cfd6906c-d2ff-4f83-89f8-055af2b7d0ad', '3308e9dc-7e87-423a-b705-6d95a9755c54', '主要地址', '台灣桃園國際機場郵局第81號信箱', true, 1, '2026-03-05 16:13:20', '2026-03-05 16:13:20');
INSERT INTO "contacts" ("id", "customer_id", "name", "phone", "mobile", "email", "fax", "is_primary", "sort_order", "created_at", "updated_at") VALUES ('0b97980a-00e2-41c3-9de6-b829d809d3ab', '3308e9dc-7e87-423a-b705-6d95a9755c54', '劉珮雲 小姐', '03-398-3422', NULL, NULL, NULL, true, 1, '2026-03-05 16:13:20', '2026-03-05 16:13:20');
INSERT INTO "customers" ("id", "customer_number", "notes", "is_deleted", "created_at", "updated_at") VALUES ('11323ca9-554d-4463-97f2-b03cae291ac6', '20220513-C01', '原始報價編號: 20220513-003
報價紀錄: 20220513-003, 20220517-001, 20221004-009, 20221018-005
歷史成交數: 4', false, '2026-03-05 16:13:20', '2026-03-05 16:13:20');
INSERT INTO "company_names" ("id", "customer_id", "company_name", "is_primary", "sort_order", "created_at", "updated_at") VALUES ('cc29e598-e077-4b42-a34f-f9c6cbbea725', '11323ca9-554d-4463-97f2-b03cae291ac6', '國立台灣大學', true, 1, '2026-03-05 16:13:20', '2026-03-05 16:13:20');
INSERT INTO "locations" ("id", "customer_id", "name", "address", "is_primary", "sort_order", "created_at", "updated_at") VALUES ('7d948db8-0db7-4f42-ba2b-fb87a4408062', '11323ca9-554d-4463-97f2-b03cae291ac6', '主要地址', '台北市羅斯福路四段1號 (研發處)', true, 1, '2026-03-05 16:13:20', '2026-03-05 16:13:20');
INSERT INTO "locations" ("id", "customer_id", "name", "address", "is_primary", "sort_order", "created_at", "updated_at") VALUES ('c84b1e90-a7af-4757-8f2d-ca91a7414edd', '11323ca9-554d-4463-97f2-b03cae291ac6', '分支地址2', '台北市大安區羅斯福路四段1號(鄭江樓北棟4F N405)', false, 2, '2026-03-05 16:13:20', '2026-03-05 16:13:20');
INSERT INTO "locations" ("id", "customer_id", "name", "address", "is_primary", "sort_order", "created_at", "updated_at") VALUES ('858e7005-60ed-4141-8b86-fbe374b16f37', '11323ca9-554d-4463-97f2-b03cae291ac6', '分支地址3', '台北市中正區思源街18號 (研發處)', false, 3, '2026-03-05 16:13:20', '2026-03-05 16:13:20');
INSERT INTO "contacts" ("id", "customer_id", "name", "phone", "mobile", "email", "fax", "is_primary", "sort_order", "created_at", "updated_at") VALUES ('28e4877f-fa89-4fb3-84db-b6eab2a9bdd1', '11323ca9-554d-4463-97f2-b03cae291ac6', '陳奕皓 先生', '02-3366-9605', NULL, NULL, NULL, true, 1, '2026-03-05 16:13:20', '2026-03-05 16:13:20');
INSERT INTO "contacts" ("id", "customer_id", "name", "phone", "mobile", "email", "fax", "is_primary", "sort_order", "created_at", "updated_at") VALUES ('1dfccf82-885a-42f0-b185-9ba066cc44bc', '11323ca9-554d-4463-97f2-b03cae291ac6', '劉泰宏 先生', '02-3366-8835', NULL, NULL, NULL, false, 2, '2026-03-05 16:13:20', '2026-03-05 16:13:20');
INSERT INTO "customers" ("id", "customer_number", "notes", "is_deleted", "created_at", "updated_at") VALUES ('8ecf13db-fc8b-4dc8-bc22-e39f4fce4cbf', '20220517-C01', '原始報價編號: 20220517-004
報價紀錄: 20220517-004
歷史成交數: 1', false, '2026-03-05 16:13:20', '2026-03-05 16:13:20');
INSERT INTO "company_names" ("id", "customer_id", "company_name", "is_primary", "sort_order", "created_at", "updated_at") VALUES ('eea809d1-8910-4692-9ff9-1a4b69226432', '8ecf13db-fc8b-4dc8-bc22-e39f4fce4cbf', '友信建築經理股份有限公司', true, 1, '2026-03-05 16:13:20', '2026-03-05 16:13:20');
INSERT INTO "locations" ("id", "customer_id", "name", "address", "is_primary", "sort_order", "created_at", "updated_at") VALUES ('1aaaf7fa-5365-444c-9cc3-250afff953dd', '8ecf13db-fc8b-4dc8-bc22-e39f4fce4cbf', '主要地址', '台北市敦化南路二段57號14樓之2', true, 1, '2026-03-05 16:13:20', '2026-03-05 16:13:20');
INSERT INTO "contacts" ("id", "customer_id", "name", "phone", "mobile", "email", "fax", "is_primary", "sort_order", "created_at", "updated_at") VALUES ('cd08faab-a6e7-4cc4-b68e-0f7ef3099fd5', '8ecf13db-fc8b-4dc8-bc22-e39f4fce4cbf', '劉宜欣 小姐', NULL, '0986-692-118', NULL, NULL, true, 1, '2026-03-05 16:13:20', '2026-03-05 16:13:20');
INSERT INTO "customers" ("id", "customer_number", "notes", "is_deleted", "created_at", "updated_at") VALUES ('db442ae2-6602-4f3a-9468-59172d2046ab', '20220519-C01', '原始報價編號: 20220519-009
報價紀錄: 20220519-009
歷史成交數: 1', false, '2026-03-05 16:13:20', '2026-03-05 16:13:20');
INSERT INTO "company_names" ("id", "customer_id", "company_name", "is_primary", "sort_order", "created_at", "updated_at") VALUES ('8188ec7d-5087-4838-81f0-0edfbe95152d', 'db442ae2-6602-4f3a-9468-59172d2046ab', '防火牆科技股份有限公司', true, 1, '2026-03-05 16:13:20', '2026-03-05 16:13:20');
INSERT INTO "locations" ("id", "customer_id", "name", "address", "is_primary", "sort_order", "created_at", "updated_at") VALUES ('178c481c-594a-4d01-ab76-fd8adeec44e8', 'db442ae2-6602-4f3a-9468-59172d2046ab', '主要地址', '台北市內湖區新湖三路196號2樓之1', true, 1, '2026-03-05 16:13:20', '2026-03-05 16:13:20');
INSERT INTO "contacts" ("id", "customer_id", "name", "phone", "mobile", "email", "fax", "is_primary", "sort_order", "created_at", "updated_at") VALUES ('7f0cdc0a-f6d5-4923-a8c3-450dbd5c7505', 'db442ae2-6602-4f3a-9468-59172d2046ab', '李小姐', NULL, '0955-897-553', NULL, NULL, true, 1, '2026-03-05 16:13:20', '2026-03-05 16:13:20');
INSERT INTO "customers" ("id", "customer_number", "notes", "is_deleted", "created_at", "updated_at") VALUES ('9511b42d-4b7d-425a-b77e-a04ba7748a76', '20220520-C01', '原始報價編號: 20220520-005
報價紀錄: 20220520-005, 20220913-003, 20241125-006
歷史成交數: 3', false, '2026-03-05 16:13:20', '2026-03-05 16:13:20');
INSERT INTO "company_names" ("id", "customer_id", "company_name", "is_primary", "sort_order", "created_at", "updated_at") VALUES ('6999ca17-b87c-4a9f-841d-ffb2a115518b', '9511b42d-4b7d-425a-b77e-a04ba7748a76', '勤展數位科技有限公司', true, 1, '2026-03-05 16:13:20', '2026-03-05 16:13:20');
INSERT INTO "locations" ("id", "customer_id", "name", "address", "is_primary", "sort_order", "created_at", "updated_at") VALUES ('75c1fdc7-ac69-45f0-8174-88a7270eb30f', '9511b42d-4b7d-425a-b77e-a04ba7748a76', '主要地址', '新北市土城區莊園街155號1樓', true, 1, '2026-03-05 16:13:20', '2026-03-05 16:13:20');
INSERT INTO "contacts" ("id", "customer_id", "name", "phone", "mobile", "email", "fax", "is_primary", "sort_order", "created_at", "updated_at") VALUES ('2dfc3d33-42e4-4f1a-a243-a1907ab3c87f', '9511b42d-4b7d-425a-b77e-a04ba7748a76', '陳榮勤 先生', NULL, '0955-878-915', NULL, NULL, true, 1, '2026-03-05 16:13:20', '2026-03-05 16:13:20');
INSERT INTO "customers" ("id", "customer_number", "notes", "is_deleted", "created_at", "updated_at") VALUES ('0fa6ba1a-3a57-4407-a44d-f8fdbdfbaf2f', '20220609-C01', '原始報價編號: 20220609-009
報價紀錄: 20220609-009
歷史成交數: 1', false, '2026-03-05 16:13:20', '2026-03-05 16:13:20');
INSERT INTO "company_names" ("id", "customer_id", "company_name", "is_primary", "sort_order", "created_at", "updated_at") VALUES ('b6095d7b-7e60-41c4-8ab4-ca7dc8f0c2a4', '0fa6ba1a-3a57-4407-a44d-f8fdbdfbaf2f', '健誠國際汽車實業股份有限公司', true, 1, '2026-03-05 16:13:20', '2026-03-05 16:13:20');
INSERT INTO "locations" ("id", "customer_id", "name", "address", "is_primary", "sort_order", "created_at", "updated_at") VALUES ('4cf2c5d9-b11c-4ad7-8f81-34a772b3a34f', '0fa6ba1a-3a57-4407-a44d-f8fdbdfbaf2f', '主要地址', '台北市松山區敦化南路一段25號10樓', true, 1, '2026-03-05 16:13:20', '2026-03-05 16:13:20');
INSERT INTO "contacts" ("id", "customer_id", "name", "phone", "mobile", "email", "fax", "is_primary", "sort_order", "created_at", "updated_at") VALUES ('a1933121-376e-48ba-be0d-18f0bec8e639', '0fa6ba1a-3a57-4407-a44d-f8fdbdfbaf2f', '張明正 先生', '02-2578-8978 #132', NULL, NULL, NULL, true, 1, '2026-03-05 16:13:20', '2026-03-05 16:13:20');
INSERT INTO "customers" ("id", "customer_number", "notes", "is_deleted", "created_at", "updated_at") VALUES ('e2a1f702-39f6-4280-a1f2-de773a01e359', '20220615-C01', '原始報價編號: 20220615-012
報價紀錄: 20220615-012
歷史成交數: 1', false, '2026-03-05 16:13:20', '2026-03-05 16:13:20');
INSERT INTO "company_names" ("id", "customer_id", "company_name", "is_primary", "sort_order", "created_at", "updated_at") VALUES ('283fb855-a36e-454b-80dd-b761c1a5098b', 'e2a1f702-39f6-4280-a1f2-de773a01e359', '依田股份有限公司', true, 1, '2026-03-05 16:13:20', '2026-03-05 16:13:20');
INSERT INTO "locations" ("id", "customer_id", "name", "address", "is_primary", "sort_order", "created_at", "updated_at") VALUES ('6d0c50d2-5ce1-4bfa-9a74-543848c89eca', 'e2a1f702-39f6-4280-a1f2-de773a01e359', '主要地址', '桃園市龜山區頂湖九街8號', true, 1, '2026-03-05 16:13:20', '2026-03-05 16:13:20');
INSERT INTO "contacts" ("id", "customer_id", "name", "phone", "mobile", "email", "fax", "is_primary", "sort_order", "created_at", "updated_at") VALUES ('b1c60a67-95a4-4040-b63b-817c855c04e8', 'e2a1f702-39f6-4280-a1f2-de773a01e359', '趙蓮花 小姐', '03-327-8155 #905', NULL, NULL, NULL, true, 1, '2026-03-05 16:13:20', '2026-03-05 16:13:20');
INSERT INTO "customers" ("id", "customer_number", "notes", "is_deleted", "created_at", "updated_at") VALUES ('8fce013b-ab70-4d48-9828-c5e6d82f5855', '20220616-C01', '原始報價編號: 20220616-007
報價紀錄: 20220616-007, 20220616-011
歷史成交數: 2', false, '2026-03-05 16:13:20', '2026-03-05 16:13:20');
INSERT INTO "company_names" ("id", "customer_id", "company_name", "is_primary", "sort_order", "created_at", "updated_at") VALUES ('de836085-1ef6-495b-bac5-9ac290721da2', '8fce013b-ab70-4d48-9828-c5e6d82f5855', '貝斯特文教事業股份有限公司', true, 1, '2026-03-05 16:13:20', '2026-03-05 16:13:20');
INSERT INTO "locations" ("id", "customer_id", "name", "address", "is_primary", "sort_order", "created_at", "updated_at") VALUES ('475d38d3-276e-4630-89c7-9f82a83ab295', '8fce013b-ab70-4d48-9828-c5e6d82f5855', '主要地址', '台北市安和路二段74巷2號2樓之1', true, 1, '2026-03-05 16:13:20', '2026-03-05 16:13:20');
INSERT INTO "contacts" ("id", "customer_id", "name", "phone", "mobile", "email", "fax", "is_primary", "sort_order", "created_at", "updated_at") VALUES ('5a67b462-e5a7-4093-8038-31efde14adee', '8fce013b-ab70-4d48-9828-c5e6d82f5855', '李小姐', '02-2701-5228', '0936-112-820', NULL, NULL, true, 1, '2026-03-05 16:13:20', '2026-03-05 16:13:20');
INSERT INTO "customers" ("id", "customer_number", "notes", "is_deleted", "created_at", "updated_at") VALUES ('e2d2ce91-385a-4274-bf86-71e8fdb0e92c', '20220619-C01', '原始報價編號: 20220619-003
報價紀錄: 20220619-003, 20220628-009
歷史成交數: 2', false, '2026-03-05 16:13:20', '2026-03-05 16:13:20');
INSERT INTO "locations" ("id", "customer_id", "name", "address", "is_primary", "sort_order", "created_at", "updated_at") VALUES ('55bb3d7b-6fef-418d-828f-f70682834557', 'e2d2ce91-385a-4274-bf86-71e8fdb0e92c', '主要地址', '台北市中山區合江街100巷27號1樓', true, 1, '2026-03-05 16:13:20', '2026-03-05 16:13:20');
INSERT INTO "contacts" ("id", "customer_id", "name", "phone", "mobile", "email", "fax", "is_primary", "sort_order", "created_at", "updated_at") VALUES ('4baddf83-ff72-453c-b3bc-63344b995736', 'e2d2ce91-385a-4274-bf86-71e8fdb0e92c', '陳逸洛 先生', NULL, '0931-220-020', NULL, NULL, true, 1, '2026-03-05 16:13:20', '2026-03-05 16:13:20');
INSERT INTO "customers" ("id", "customer_number", "notes", "is_deleted", "created_at", "updated_at") VALUES ('ca9e990f-ca74-4857-9c0d-bba19377d5e7', '20220622-C01', '原始報價編號: 20220622-007
報價紀錄: 20220622-007, 20220623-0011, 20260212-005
歷史成交數: 3', false, '2026-03-05 16:13:20', '2026-03-05 16:13:20');
INSERT INTO "company_names" ("id", "customer_id", "company_name", "is_primary", "sort_order", "created_at", "updated_at") VALUES ('d6328b42-96e4-423c-8cca-6b51949f6bb0', 'ca9e990f-ca74-4857-9c0d-bba19377d5e7', '嘉年華家具有限公司', true, 1, '2026-03-05 16:13:20', '2026-03-05 16:13:20');
INSERT INTO "locations" ("id", "customer_id", "name", "address", "is_primary", "sort_order", "created_at", "updated_at") VALUES ('6bc2c442-0cac-4ec8-929b-3200161cb85d', 'ca9e990f-ca74-4857-9c0d-bba19377d5e7', '主要地址', '台北市大安區文昌街232號1樓', true, 1, '2026-03-05 16:13:20', '2026-03-05 16:13:20');
INSERT INTO "locations" ("id", "customer_id", "name", "address", "is_primary", "sort_order", "created_at", "updated_at") VALUES ('0c09696e-e947-491d-9362-e11946c73cb0', 'ca9e990f-ca74-4857-9c0d-bba19377d5e7', '分支地址2', '台北市大安區文昌街249號1樓', false, 2, '2026-03-05 16:13:20', '2026-03-05 16:13:20');
INSERT INTO "contacts" ("id", "customer_id", "name", "phone", "mobile", "email", "fax", "is_primary", "sort_order", "created_at", "updated_at") VALUES ('1036c9ba-9620-4195-b607-ec9f45ecf1f5', 'ca9e990f-ca74-4857-9c0d-bba19377d5e7', '謝毓仁 先生', NULL, '0963-058-519', NULL, NULL, true, 1, '2026-03-05 16:13:20', '2026-03-05 16:13:20');
INSERT INTO "customers" ("id", "customer_number", "notes", "is_deleted", "created_at", "updated_at") VALUES ('e341a416-aa3c-456c-ab65-4d56239f809c', '20220623-C01', '原始報價編號: 20220623-007
報價紀錄: 20220623-007
歷史成交數: 1', false, '2026-03-05 16:13:20', '2026-03-05 16:13:20');
INSERT INTO "company_names" ("id", "customer_id", "company_name", "is_primary", "sort_order", "created_at", "updated_at") VALUES ('dba5b352-ae2f-4bd6-a674-3c72b60875af', 'e341a416-aa3c-456c-ab65-4d56239f809c', '姀境室內裝修有限公司', true, 1, '2026-03-05 16:13:20', '2026-03-05 16:13:20');
INSERT INTO "locations" ("id", "customer_id", "name", "address", "is_primary", "sort_order", "created_at", "updated_at") VALUES ('16ab46d3-b37a-48d8-aac3-5e4e52804e40', 'e341a416-aa3c-456c-ab65-4d56239f809c', '主要地址', '台北市敦化南路二段40號5樓之1（芯慧實業）', true, 1, '2026-03-05 16:13:20', '2026-03-05 16:13:20');
INSERT INTO "contacts" ("id", "customer_id", "name", "phone", "mobile", "email", "fax", "is_primary", "sort_order", "created_at", "updated_at") VALUES ('5abfe862-9eae-44a9-b7e4-bac4c875c7ee', 'e341a416-aa3c-456c-ab65-4d56239f809c', '劉小姐', '02-2577-0671', '0920-855-321', NULL, NULL, true, 1, '2026-03-05 16:13:20', '2026-03-05 16:13:20');
INSERT INTO "customers" ("id", "customer_number", "notes", "is_deleted", "created_at", "updated_at") VALUES ('0f629d75-c369-4516-bc5d-725e6ad59895', '20220627-C01', '原始報價編號: 20220627-003
報價紀錄: 20220627-003
歷史成交數: 1', false, '2026-03-05 16:13:20', '2026-03-05 16:13:20');
INSERT INTO "company_names" ("id", "customer_id", "company_name", "is_primary", "sort_order", "created_at", "updated_at") VALUES ('e666d339-eeb5-4bba-9b02-7ccbf7a1ac92', '0f629d75-c369-4516-bc5d-725e6ad59895', '台灣婦產科醫學會', true, 1, '2026-03-05 16:13:20', '2026-03-05 16:13:20');
INSERT INTO "locations" ("id", "customer_id", "name", "address", "is_primary", "sort_order", "created_at", "updated_at") VALUES ('537bc8c9-bc5c-47f8-9dcb-06e66b7a4cc1', '0f629d75-c369-4516-bc5d-725e6ad59895', '主要地址', '台北市中山區民權西路70號5樓', true, 1, '2026-03-05 16:13:20', '2026-03-05 16:13:20');
INSERT INTO "contacts" ("id", "customer_id", "name", "phone", "mobile", "email", "fax", "is_primary", "sort_order", "created_at", "updated_at") VALUES ('5c7b39b1-0287-4a15-9590-01b430067d7a', '0f629d75-c369-4516-bc5d-725e6ad59895', '吳小姐', '02-2568-4819', NULL, NULL, NULL, true, 1, '2026-03-05 16:13:20', '2026-03-05 16:13:20');
INSERT INTO "customers" ("id", "customer_number", "notes", "is_deleted", "created_at", "updated_at") VALUES ('da36b7e9-f37e-4ca7-91b0-aefa70e0675f', '20220628-C01', '原始報價編號: 20220628-013
報價紀錄: 20220628-013
歷史成交數: 1', false, '2026-03-05 16:13:20', '2026-03-05 16:13:20');
INSERT INTO "company_names" ("id", "customer_id", "company_name", "is_primary", "sort_order", "created_at", "updated_at") VALUES ('d0041722-8ac6-4bfc-b204-d995df0c16cf', 'da36b7e9-f37e-4ca7-91b0-aefa70e0675f', '杏方', true, 1, '2026-03-05 16:13:20', '2026-03-05 16:13:20');
INSERT INTO "locations" ("id", "customer_id", "name", "address", "is_primary", "sort_order", "created_at", "updated_at") VALUES ('30458095-3134-48c9-8cd9-b55faabc6cea', 'da36b7e9-f37e-4ca7-91b0-aefa70e0675f', '主要地址', '台北市大同區長安西路150號9樓', true, 1, '2026-03-05 16:13:20', '2026-03-05 16:13:20');
INSERT INTO "contacts" ("id", "customer_id", "name", "phone", "mobile", "email", "fax", "is_primary", "sort_order", "created_at", "updated_at") VALUES ('5a03bb72-4f6b-47b1-8ccf-0f8cca5ba9eb', 'da36b7e9-f37e-4ca7-91b0-aefa70e0675f', '陳衣荺 小姐', '02-2394-6561', NULL, NULL, NULL, true, 1, '2026-03-05 16:13:20', '2026-03-05 16:13:20');
INSERT INTO "customers" ("id", "customer_number", "notes", "is_deleted", "created_at", "updated_at") VALUES ('e04f3ae0-fed8-46be-8b4e-3b449dde95ac', '20220629-C01', '原始報價編號: 20220629-003
報價紀錄: 20220629-003
歷史成交數: 1', false, '2026-03-05 16:13:20', '2026-03-05 16:13:20');
INSERT INTO "company_names" ("id", "customer_id", "company_name", "is_primary", "sort_order", "created_at", "updated_at") VALUES ('b95c653f-6ba3-49a3-a1e9-8a85651aeb62', 'e04f3ae0-fed8-46be-8b4e-3b449dde95ac', '顓台實業股份有限公司', true, 1, '2026-03-05 16:13:20', '2026-03-05 16:13:20');
INSERT INTO "locations" ("id", "customer_id", "name", "address", "is_primary", "sort_order", "created_at", "updated_at") VALUES ('18827af6-9c12-477a-89c9-cc7bfe2aae7a', 'e04f3ae0-fed8-46be-8b4e-3b449dde95ac', '主要地址', '新北市中和區中正路957號11樓', true, 1, '2026-03-05 16:13:20', '2026-03-05 16:13:20');
INSERT INTO "contacts" ("id", "customer_id", "name", "phone", "mobile", "email", "fax", "is_primary", "sort_order", "created_at", "updated_at") VALUES ('e74dda06-302e-40a4-956f-19df20cbe669', 'e04f3ae0-fed8-46be-8b4e-3b449dde95ac', '鍾小姐', '02-8221-5510 #801', '0919-464-837', NULL, NULL, true, 1, '2026-03-05 16:13:20', '2026-03-05 16:13:20');
INSERT INTO "customers" ("id", "customer_number", "notes", "is_deleted", "created_at", "updated_at") VALUES ('e1939b8f-e6c7-4f4d-aae8-7b0774464560', '20220630-C01', '原始報價編號: 20220630-004
報價紀錄: 20220630-004, 20240820-001, 20250407-009, 20250407-010, 20250414-006, 20250610-009, 20250910-008
歷史成交數: 7', false, '2026-03-05 16:13:20', '2026-03-05 16:13:20');
INSERT INTO "company_names" ("id", "customer_id", "company_name", "is_primary", "sort_order", "created_at", "updated_at") VALUES ('6e92627b-f890-4037-acdc-20c3ec872058', 'e1939b8f-e6c7-4f4d-aae8-7b0774464560', '環境研析中心', true, 1, '2026-03-05 16:13:20', '2026-03-05 16:13:20');
INSERT INTO "company_names" ("id", "customer_id", "company_name", "is_primary", "sort_order", "created_at", "updated_at") VALUES ('4a4a1935-a637-4520-b3e7-39483700c3d1', 'e1939b8f-e6c7-4f4d-aae8-7b0774464560', '國防大學理工學院', false, 2, '2026-03-05 16:13:20', '2026-03-05 16:13:20');
INSERT INTO "locations" ("id", "customer_id", "name", "address", "is_primary", "sort_order", "created_at", "updated_at") VALUES ('2d5a2d1c-1344-4a41-a1c3-4d1a7d0784cc', 'e1939b8f-e6c7-4f4d-aae8-7b0774464560', '主要地址', '台北市大安區和平東路三段170號', true, 1, '2026-03-05 16:13:20', '2026-03-05 16:13:20');
INSERT INTO "locations" ("id", "customer_id", "name", "address", "is_primary", "sort_order", "created_at", "updated_at") VALUES ('69dae943-2ef7-4b8b-87eb-1c0573ec3280', 'e1939b8f-e6c7-4f4d-aae8-7b0774464560', '分支地址2', '桃園市大溪區石園路75號', false, 2, '2026-03-05 16:13:20', '2026-03-05 16:13:20');
INSERT INTO "locations" ("id", "customer_id", "name", "address", "is_primary", "sort_order", "created_at", "updated_at") VALUES ('8d62818b-b32a-4905-9178-b9876054d2a0', 'e1939b8f-e6c7-4f4d-aae8-7b0774464560', '分支地址3', '台北市和平東路三段170號', false, 3, '2026-03-05 16:13:20', '2026-03-05 16:13:20');
INSERT INTO "contacts" ("id", "customer_id", "name", "phone", "mobile", "email", "fax", "is_primary", "sort_order", "created_at", "updated_at") VALUES ('2cbeb957-cc6c-45e1-9b00-7fb4526e27af', 'e1939b8f-e6c7-4f4d-aae8-7b0774464560', '謝先生', NULL, '0955-174-587', NULL, NULL, true, 1, '2026-03-05 16:13:20', '2026-03-05 16:13:20');
INSERT INTO "contacts" ("id", "customer_id", "name", "phone", "mobile", "email", "fax", "is_primary", "sort_order", "created_at", "updated_at") VALUES ('a13e75d3-a6b9-49a3-92b4-e40329b0ed92', 'e1939b8f-e6c7-4f4d-aae8-7b0774464560', '洪怡萱 小姐', NULL, '0989-184-961', NULL, NULL, false, 2, '2026-03-05 16:13:20', '2026-03-05 16:13:20');
INSERT INTO "contacts" ("id", "customer_id", "name", "phone", "mobile", "email", "fax", "is_primary", "sort_order", "created_at", "updated_at") VALUES ('1cf25345-fec1-439a-aac4-31d475fb4db8', 'e1939b8f-e6c7-4f4d-aae8-7b0774464560', '黃俊瑋 先生', NULL, '0983-739-869', NULL, NULL, false, 3, '2026-03-05 16:13:20', '2026-03-05 16:13:20');
INSERT INTO "customers" ("id", "customer_number", "notes", "is_deleted", "created_at", "updated_at") VALUES ('b70f365d-58bb-425b-91da-2d4fd082d471', '20220701-C01', '原始報價編號: 20220701-005
報價紀錄: 20220701-005, 20240205-012
歷史成交數: 2', false, '2026-03-05 16:13:20', '2026-03-05 16:13:20');
INSERT INTO "company_names" ("id", "customer_id", "company_name", "is_primary", "sort_order", "created_at", "updated_at") VALUES ('c9d5321c-54b6-4c35-829b-49386e3fdd07', 'b70f365d-58bb-425b-91da-2d4fd082d471', '泓筌科技股份有限公司', true, 1, '2026-03-05 16:13:20', '2026-03-05 16:13:20');
INSERT INTO "locations" ("id", "customer_id", "name", "address", "is_primary", "sort_order", "created_at", "updated_at") VALUES ('24613145-b320-4a78-8ae5-3b354bcc325a', 'b70f365d-58bb-425b-91da-2d4fd082d471', '主要地址', '嘉義縣布袋鎮新厝仔400之2號', true, 1, '2026-03-05 16:13:20', '2026-03-05 16:13:20');
INSERT INTO "locations" ("id", "customer_id", "name", "address", "is_primary", "sort_order", "created_at", "updated_at") VALUES ('b6cfc782-74e9-46c6-abf6-0e9a6bc976e8', 'b70f365d-58bb-425b-91da-2d4fd082d471', '分支地址2', '台北市內湖區瑞光路34號7樓', false, 2, '2026-03-05 16:13:20', '2026-03-05 16:13:20');
INSERT INTO "contacts" ("id", "customer_id", "name", "phone", "mobile", "email", "fax", "is_primary", "sort_order", "created_at", "updated_at") VALUES ('976bdaf1-eff6-44e4-90d4-71a53b01d2bd', 'b70f365d-58bb-425b-91da-2d4fd082d471', '周小姐', '02-2999-2690', NULL, NULL, NULL, true, 1, '2026-03-05 16:13:20', '2026-03-05 16:13:20');
INSERT INTO "contacts" ("id", "customer_id", "name", "phone", "mobile", "email", "fax", "is_primary", "sort_order", "created_at", "updated_at") VALUES ('48d8314e-e3a6-4165-8dc1-96eb17d75f82', 'b70f365d-58bb-425b-91da-2d4fd082d471', '聯絡人2', '02-29991466 #18', NULL, NULL, NULL, false, 2, '2026-03-05 16:13:20', '2026-03-05 16:13:20');
INSERT INTO "customers" ("id", "customer_number", "notes", "is_deleted", "created_at", "updated_at") VALUES ('be1ba402-765e-4c33-b7b1-18ed3205aaae', '20220712-C01', '原始報價編號: 20220712-003
報價紀錄: 20220712-003
歷史成交數: 1', false, '2026-03-05 16:13:20', '2026-03-05 16:13:20');
INSERT INTO "company_names" ("id", "customer_id", "company_name", "is_primary", "sort_order", "created_at", "updated_at") VALUES ('86092462-0540-4752-be1a-401c1b0b6045', 'be1ba402-765e-4c33-b7b1-18ed3205aaae', '矽富康科技股份有限公司', true, 1, '2026-03-05 16:13:20', '2026-03-05 16:13:20');
INSERT INTO "locations" ("id", "customer_id", "name", "address", "is_primary", "sort_order", "created_at", "updated_at") VALUES ('aaf3d4cc-82a2-49ad-8927-6d16b2e41407', 'be1ba402-765e-4c33-b7b1-18ed3205aaae', '主要地址', '台北市大安區信義路三段109之7號13樓-1', true, 1, '2026-03-05 16:13:20', '2026-03-05 16:13:20');
INSERT INTO "contacts" ("id", "customer_id", "name", "phone", "mobile", "email", "fax", "is_primary", "sort_order", "created_at", "updated_at") VALUES ('6d883ee5-ff1a-46cd-a40e-f35e8d3e5142', 'be1ba402-765e-4c33-b7b1-18ed3205aaae', '楊昌華 小姐', '02-2325-5768 #180', NULL, NULL, NULL, true, 1, '2026-03-05 16:13:20', '2026-03-05 16:13:20');
INSERT INTO "customers" ("id", "customer_number", "notes", "is_deleted", "created_at", "updated_at") VALUES ('4353c046-487d-48c6-9afa-d40585386393', '20220713-C01', '原始報價編號: 20220713-006
報價紀錄: 20220713-006
歷史成交數: 1', false, '2026-03-05 16:13:20', '2026-03-05 16:13:20');
INSERT INTO "locations" ("id", "customer_id", "name", "address", "is_primary", "sort_order", "created_at", "updated_at") VALUES ('0cfde323-d775-4841-af98-e14f367ff9f6', '4353c046-487d-48c6-9afa-d40585386393', '主要地址', '新竹縣新豐鄉康樂路一段306巷5弄9號', true, 1, '2026-03-05 16:13:20', '2026-03-05 16:13:20');
INSERT INTO "contacts" ("id", "customer_id", "name", "phone", "mobile", "email", "fax", "is_primary", "sort_order", "created_at", "updated_at") VALUES ('02313a79-2c82-4156-a2c4-4373210cd28b', '4353c046-487d-48c6-9afa-d40585386393', '陳建宏 先生', NULL, '0933-771-141', NULL, NULL, true, 1, '2026-03-05 16:13:20', '2026-03-05 16:13:20');
INSERT INTO "customers" ("id", "customer_number", "notes", "is_deleted", "created_at", "updated_at") VALUES ('f6dfd9b1-149f-40bc-9386-37d522b087f7', '20220714-C01', '原始報價編號: 20220714-005
報價紀錄: 20220714-005, 20220719-005, 20220721-007, 20231002-005
歷史成交數: 4', false, '2026-03-05 16:13:20', '2026-03-05 16:13:20');
INSERT INTO "company_names" ("id", "customer_id", "company_name", "is_primary", "sort_order", "created_at", "updated_at") VALUES ('a542d1c7-efc4-42e2-bfff-4c4d089d3c1e', 'f6dfd9b1-149f-40bc-9386-37d522b087f7', '宇迅國際有限公司', true, 1, '2026-03-05 16:13:20', '2026-03-05 16:13:20');
INSERT INTO "locations" ("id", "customer_id", "name", "address", "is_primary", "sort_order", "created_at", "updated_at") VALUES ('37b38981-4894-470a-904c-958c3db90b9e', 'f6dfd9b1-149f-40bc-9386-37d522b087f7', '主要地址', '桃園市蘆竹區長興路三段18巷49號', true, 1, '2026-03-05 16:13:20', '2026-03-05 16:13:20');
INSERT INTO "locations" ("id", "customer_id", "name", "address", "is_primary", "sort_order", "created_at", "updated_at") VALUES ('ae696ad0-0dfd-4a07-aec4-fec1ecf31c55', 'f6dfd9b1-149f-40bc-9386-37d522b087f7', '分支地址2', '桃園市大園區航翔路13號6樓之1', false, 2, '2026-03-05 16:13:20', '2026-03-05 16:13:20');
INSERT INTO "locations" ("id", "customer_id", "name", "address", "is_primary", "sort_order", "created_at", "updated_at") VALUES ('4fd3d4d6-b506-40c3-ab7a-6f917cac0474', 'f6dfd9b1-149f-40bc-9386-37d522b087f7', '分支地址3', '桃園市蘆竹區長興路三段18巷49號、桃園市大園區航翔路7號5樓', false, 3, '2026-03-05 16:13:20', '2026-03-05 16:13:20');
INSERT INTO "locations" ("id", "customer_id", "name", "address", "is_primary", "sort_order", "created_at", "updated_at") VALUES ('d2faff50-295b-4e7b-863f-33ed9d86f24e', 'f6dfd9b1-149f-40bc-9386-37d522b087f7', '分支地址4', '台北市內湖區堤頂大道二段473號1樓', false, 4, '2026-03-05 16:13:20', '2026-03-05 16:13:20');
INSERT INTO "locations" ("id", "customer_id", "name", "address", "is_primary", "sort_order", "created_at", "updated_at") VALUES ('cb4b0d6c-9168-4406-aa95-e0aa36b3e078', 'f6dfd9b1-149f-40bc-9386-37d522b087f7', '分支地址5', '桃園市大園區航翔路1號', false, 5, '2026-03-05 16:13:20', '2026-03-05 16:13:20');
INSERT INTO "contacts" ("id", "customer_id", "name", "phone", "mobile", "email", "fax", "is_primary", "sort_order", "created_at", "updated_at") VALUES ('28fc81eb-b152-4c5e-9a59-5b168abb1e7e', 'f6dfd9b1-149f-40bc-9386-37d522b087f7', '林小姐', '02-7755-7177 #705', '0989-421-728', NULL, NULL, true, 1, '2026-03-05 16:13:20', '2026-03-05 16:13:20');
INSERT INTO "contacts" ("id", "customer_id", "name", "phone", "mobile", "email", "fax", "is_primary", "sort_order", "created_at", "updated_at") VALUES ('913adedb-c9ef-4e1a-b869-381b720146a8', 'f6dfd9b1-149f-40bc-9386-37d522b087f7', '林先生', '02-2627-1808 #329', '0903-482-299', NULL, NULL, false, 2, '2026-03-05 16:13:20', '2026-03-05 16:13:20');
INSERT INTO "customers" ("id", "customer_number", "notes", "is_deleted", "created_at", "updated_at") VALUES ('5c9ce859-cb9e-4828-91b7-14590c7b5bda', '20220720-C01', '原始報價編號: 20220720-011
報價紀錄: 20220720-011
歷史成交數: 1', false, '2026-03-05 16:13:20', '2026-03-05 16:13:20');
INSERT INTO "company_names" ("id", "customer_id", "company_name", "is_primary", "sort_order", "created_at", "updated_at") VALUES ('33b33eda-2868-4a1e-ad5d-204b64bceb7e', '5c9ce859-cb9e-4828-91b7-14590c7b5bda', '菁英美語股份有限公司', true, 1, '2026-03-05 16:13:20', '2026-03-05 16:13:20');
INSERT INTO "locations" ("id", "customer_id", "name", "address", "is_primary", "sort_order", "created_at", "updated_at") VALUES ('98687de3-af4e-4ac4-a0e2-09ad20bc7cb2', '5c9ce859-cb9e-4828-91b7-14590c7b5bda', '主要地址', '台北市大安區復興南路2段268號2樓之3', true, 1, '2026-03-05 16:13:20', '2026-03-05 16:13:20');
INSERT INTO "contacts" ("id", "customer_id", "name", "phone", "mobile", "email", "fax", "is_primary", "sort_order", "created_at", "updated_at") VALUES ('663eff8e-e58e-4405-8d39-01938d312a3d', '5c9ce859-cb9e-4828-91b7-14590c7b5bda', '林小姐', '02-2736-6819', NULL, NULL, NULL, true, 1, '2026-03-05 16:13:20', '2026-03-05 16:13:20');
INSERT INTO "customers" ("id", "customer_number", "notes", "is_deleted", "created_at", "updated_at") VALUES ('d1d76624-b6bf-48b7-a2dd-3988156e1916', '20220721-C01', '原始報價編號: 20220721-008
報價紀錄: 20220721-008
歷史成交數: 1', false, '2026-03-05 16:13:20', '2026-03-05 16:13:20');
INSERT INTO "company_names" ("id", "customer_id", "company_name", "is_primary", "sort_order", "created_at", "updated_at") VALUES ('e2aba513-c6c0-4842-8543-84866d7a7514', 'd1d76624-b6bf-48b7-a2dd-3988156e1916', '參山全球有限公司', true, 1, '2026-03-05 16:13:20', '2026-03-05 16:13:20');
INSERT INTO "locations" ("id", "customer_id", "name", "address", "is_primary", "sort_order", "created_at", "updated_at") VALUES ('bf10ba60-f5bf-4ead-a39d-8b3eb13c436a', 'd1d76624-b6bf-48b7-a2dd-3988156e1916', '主要地址', '台北市光復南路306號8樓之2', true, 1, '2026-03-05 16:13:20', '2026-03-05 16:13:20');
INSERT INTO "contacts" ("id", "customer_id", "name", "phone", "mobile", "email", "fax", "is_primary", "sort_order", "created_at", "updated_at") VALUES ('06efebd3-711e-4b39-bddb-8159ada2ad71', 'd1d76624-b6bf-48b7-a2dd-3988156e1916', '李小姐', NULL, '0902-272-293', NULL, NULL, true, 1, '2026-03-05 16:13:20', '2026-03-05 16:13:20');
INSERT INTO "customers" ("id", "customer_number", "notes", "is_deleted", "created_at", "updated_at") VALUES ('5ce01e74-3d87-424d-a665-a2e9cc730024', '20220726-C01', '原始報價編號: 20220726-007
報價紀錄: 20220726-007
歷史成交數: 1', false, '2026-03-05 16:13:20', '2026-03-05 16:13:20');
INSERT INTO "company_names" ("id", "customer_id", "company_name", "is_primary", "sort_order", "created_at", "updated_at") VALUES ('0098e6b4-4480-4935-97d0-3be2036a1840', '5ce01e74-3d87-424d-a665-a2e9cc730024', '金泰噴碼科技股份有限公司', true, 1, '2026-03-05 16:13:20', '2026-03-05 16:13:20');
INSERT INTO "locations" ("id", "customer_id", "name", "address", "is_primary", "sort_order", "created_at", "updated_at") VALUES ('3484c8ed-1494-4abd-9439-1796480d5807', '5ce01e74-3d87-424d-a665-a2e9cc730024', '主要地址', '新北市汐止區新台五路一段99號34樓之7', true, 1, '2026-03-05 16:13:20', '2026-03-05 16:13:20');
INSERT INTO "contacts" ("id", "customer_id", "name", "phone", "mobile", "email", "fax", "is_primary", "sort_order", "created_at", "updated_at") VALUES ('f29d5c95-8522-4ec7-b44b-e694e244f90d', '5ce01e74-3d87-424d-a665-a2e9cc730024', '鄭紀元 先生', '02-2697-3488 #152', '0988-220-048', NULL, NULL, true, 1, '2026-03-05 16:13:20', '2026-03-05 16:13:20');
INSERT INTO "customers" ("id", "customer_number", "notes", "is_deleted", "created_at", "updated_at") VALUES ('47cfd92e-67c2-436a-817b-32290c2027ef', '20220728-C01', '原始報價編號: 20220728-003
報價紀錄: 20220728-003
歷史成交數: 1', false, '2026-03-05 16:13:20', '2026-03-05 16:13:20');
INSERT INTO "company_names" ("id", "customer_id", "company_name", "is_primary", "sort_order", "created_at", "updated_at") VALUES ('28f8e247-69d8-40ae-a80d-a1ec994d88f7', '47cfd92e-67c2-436a-817b-32290c2027ef', '巴迪適能有限公司', true, 1, '2026-03-05 16:13:20', '2026-03-05 16:13:20');
INSERT INTO "locations" ("id", "customer_id", "name", "address", "is_primary", "sort_order", "created_at", "updated_at") VALUES ('6e3c705d-81f1-4166-9c54-45034ab12d71', '47cfd92e-67c2-436a-817b-32290c2027ef', '主要地址', '新北市新店區北新路二段145號1、2樓', true, 1, '2026-03-05 16:13:20', '2026-03-05 16:13:20');
INSERT INTO "contacts" ("id", "customer_id", "name", "phone", "mobile", "email", "fax", "is_primary", "sort_order", "created_at", "updated_at") VALUES ('ac312a88-9771-4680-91bc-c50010911ddd', '47cfd92e-67c2-436a-817b-32290c2027ef', '莊小姐', NULL, '0960-769-818', NULL, NULL, true, 1, '2026-03-05 16:13:20', '2026-03-05 16:13:20');
INSERT INTO "customers" ("id", "customer_number", "notes", "is_deleted", "created_at", "updated_at") VALUES ('69bc625c-d8af-4983-9e83-ddc31413ec5c', '20220728-C02', '原始報價編號: 20220728-005
報價紀錄: 20220728-005
歷史成交數: 1', false, '2026-03-05 16:13:20', '2026-03-05 16:13:20');
INSERT INTO "company_names" ("id", "customer_id", "company_name", "is_primary", "sort_order", "created_at", "updated_at") VALUES ('0bfc4c06-bf15-431b-8e45-dfad5c97283b', '69bc625c-d8af-4983-9e83-ddc31413ec5c', '香港商鈞茂電子有限公司', true, 1, '2026-03-05 16:13:20', '2026-03-05 16:13:20');
INSERT INTO "locations" ("id", "customer_id", "name", "address", "is_primary", "sort_order", "created_at", "updated_at") VALUES ('802a7ec7-64cb-4591-a10a-038f7ac6f8cf', '69bc625c-d8af-4983-9e83-ddc31413ec5c', '主要地址', '台北市內湖區洲子街194號4樓', true, 1, '2026-03-05 16:13:20', '2026-03-05 16:13:20');
INSERT INTO "contacts" ("id", "customer_id", "name", "phone", "mobile", "email", "fax", "is_primary", "sort_order", "created_at", "updated_at") VALUES ('89a4852d-5556-4519-ba3f-5bf5f6d21d01', '69bc625c-d8af-4983-9e83-ddc31413ec5c', '預設聯絡人', '02-2796-6589', NULL, NULL, NULL, true, 1, '2026-03-05 16:13:20', '2026-03-05 16:13:20');
INSERT INTO "customers" ("id", "customer_number", "notes", "is_deleted", "created_at", "updated_at") VALUES ('7b6e4816-918d-41e3-8230-95d3310e3fd3', '20220728-C03', '原始報價編號: 20220728-006
報價紀錄: 20220728-006
歷史成交數: 1', false, '2026-03-05 16:13:20', '2026-03-05 16:13:20');
INSERT INTO "company_names" ("id", "customer_id", "company_name", "is_primary", "sort_order", "created_at", "updated_at") VALUES ('1a2e7213-d1f4-4631-b468-e086c842ec2c', '7b6e4816-918d-41e3-8230-95d3310e3fd3', '鄭士傑設計有限公司', true, 1, '2026-03-05 16:13:20', '2026-03-05 16:13:20');
INSERT INTO "locations" ("id", "customer_id", "name", "address", "is_primary", "sort_order", "created_at", "updated_at") VALUES ('e80245ad-f80e-46b6-912d-8cceb5728ae6', '7b6e4816-918d-41e3-8230-95d3310e3fd3', '主要地址', '台北市松山區八德路三段12巷52弄1號', true, 1, '2026-03-05 16:13:20', '2026-03-05 16:13:20');
INSERT INTO "contacts" ("id", "customer_id", "name", "phone", "mobile", "email", "fax", "is_primary", "sort_order", "created_at", "updated_at") VALUES ('66c947c9-34e3-49e5-9b59-d7f33637b5cc', '7b6e4816-918d-41e3-8230-95d3310e3fd3', '邱善惠 小姐', NULL, '0936-710-904', NULL, NULL, true, 1, '2026-03-05 16:13:20', '2026-03-05 16:13:20');
INSERT INTO "customers" ("id", "customer_number", "notes", "is_deleted", "created_at", "updated_at") VALUES ('fa1705fb-ecef-4469-90d2-a1e323cda237', '20220801-C01', '原始報價編號: 20220801-013
報價紀錄: 20220801-013, 20260123-007, 20260126-003
歷史成交數: 3', false, '2026-03-05 16:13:20', '2026-03-05 16:13:20');
INSERT INTO "company_names" ("id", "customer_id", "company_name", "is_primary", "sort_order", "created_at", "updated_at") VALUES ('441d5c89-b03b-433d-b61d-4e80033c17bf', 'fa1705fb-ecef-4469-90d2-a1e323cda237', '陽明國際律師事務所', true, 1, '2026-03-05 16:13:20', '2026-03-05 16:13:20');
INSERT INTO "company_names" ("id", "customer_id", "company_name", "is_primary", "sort_order", "created_at", "updated_at") VALUES ('e5454bd3-7149-4887-a209-3885d3635877', 'fa1705fb-ecef-4469-90d2-a1e323cda237', '香港商陽志顧問有限公司台灣分公司', false, 2, '2026-03-05 16:13:20', '2026-03-05 16:13:20');
INSERT INTO "locations" ("id", "customer_id", "name", "address", "is_primary", "sort_order", "created_at", "updated_at") VALUES ('a155bb0b-1fa4-4d38-8661-4b0b95e1d389', 'fa1705fb-ecef-4469-90d2-a1e323cda237', '主要地址', '台北市松仁路89號10樓', true, 1, '2026-03-05 16:13:20', '2026-03-05 16:13:20');
INSERT INTO "contacts" ("id", "customer_id", "name", "phone", "mobile", "email", "fax", "is_primary", "sort_order", "created_at", "updated_at") VALUES ('2431dbf1-8aad-4712-a60a-8134cad1034c', 'fa1705fb-ecef-4469-90d2-a1e323cda237', '李亭寬 先生', '02-8725-6665', '0955-181-451', NULL, NULL, true, 1, '2026-03-05 16:13:20', '2026-03-05 16:13:20');
INSERT INTO "contacts" ("id", "customer_id", "name", "phone", "mobile", "email", "fax", "is_primary", "sort_order", "created_at", "updated_at") VALUES ('2fbebcb9-b579-4591-a8a2-11794d52dff0', 'fa1705fb-ecef-4469-90d2-a1e323cda237', '邱先生', NULL, NULL, NULL, NULL, false, 2, '2026-03-05 16:13:20', '2026-03-05 16:13:20');
INSERT INTO "customers" ("id", "customer_number", "notes", "is_deleted", "created_at", "updated_at") VALUES ('98b2fa13-40bf-4a30-b4e6-e38942fa145d', '20220810-C01', '原始報價編號: 20220810-003
報價紀錄: 20220810-003, 20221101-005
歷史成交數: 2', false, '2026-03-05 16:13:20', '2026-03-05 16:13:20');
INSERT INTO "locations" ("id", "customer_id", "name", "address", "is_primary", "sort_order", "created_at", "updated_at") VALUES ('0e4d90d0-8c44-4375-934b-0ae6728367aa', '98b2fa13-40bf-4a30-b4e6-e38942fa145d', '主要地址', '新北市三重區自強路二段86號1樓', true, 1, '2026-03-05 16:13:20', '2026-03-05 16:13:20');
INSERT INTO "contacts" ("id", "customer_id", "name", "phone", "mobile", "email", "fax", "is_primary", "sort_order", "created_at", "updated_at") VALUES ('63f9bd17-75e6-4d0c-98d7-fadb96c1f688', '98b2fa13-40bf-4a30-b4e6-e38942fa145d', '杜先生', NULL, '0921-899-633', NULL, NULL, true, 1, '2026-03-05 16:13:20', '2026-03-05 16:13:20');
INSERT INTO "customers" ("id", "customer_number", "notes", "is_deleted", "created_at", "updated_at") VALUES ('a47e38c5-d62e-4ae7-9c95-0a62780ee7fd', '20220815-C01', '原始報價編號: 20220815-005
報價紀錄: 20220815-005, 20240726-003, 20240726-016
歷史成交數: 3', false, '2026-03-05 16:13:20', '2026-03-05 16:13:20');
INSERT INTO "company_names" ("id", "customer_id", "company_name", "is_primary", "sort_order", "created_at", "updated_at") VALUES ('36d1ac8a-7e42-4638-a04f-95b77105c070', 'a47e38c5-d62e-4ae7-9c95-0a62780ee7fd', '香港商博禹國際顧問有限公司', true, 1, '2026-03-05 16:13:20', '2026-03-05 16:13:20');
INSERT INTO "company_names" ("id", "customer_id", "company_name", "is_primary", "sort_order", "created_at", "updated_at") VALUES ('ff599e84-27d0-49a2-8fc9-3de2d6e3630d', 'a47e38c5-d62e-4ae7-9c95-0a62780ee7fd', '香港商博禹國際顧問有限公司台灣分公司', false, 2, '2026-03-05 16:13:20', '2026-03-05 16:13:20');
INSERT INTO "locations" ("id", "customer_id", "name", "address", "is_primary", "sort_order", "created_at", "updated_at") VALUES ('f851f994-8c30-4d1b-a658-d801f55f8c1c', 'a47e38c5-d62e-4ae7-9c95-0a62780ee7fd', '主要地址', '台北市信義區基隆路一段333號', true, 1, '2026-03-05 16:13:20', '2026-03-05 16:13:20');
INSERT INTO "locations" ("id", "customer_id", "name", "address", "is_primary", "sort_order", "created_at", "updated_at") VALUES ('603bf758-8841-41b2-a14c-80dbc4fda426', 'a47e38c5-d62e-4ae7-9c95-0a62780ee7fd', '分支地址2', '台北市信義區基隆路一段333號32樓', false, 2, '2026-03-05 16:13:20', '2026-03-05 16:13:20');
INSERT INTO "contacts" ("id", "customer_id", "name", "phone", "mobile", "email", "fax", "is_primary", "sort_order", "created_at", "updated_at") VALUES ('fca54e89-c520-46d2-8b3e-c777690bb491', 'a47e38c5-d62e-4ae7-9c95-0a62780ee7fd', '廖敏筑 小姐', '02-2757-7268 #178', NULL, NULL, NULL, true, 1, '2026-03-05 16:13:20', '2026-03-05 16:13:20');
INSERT INTO "customers" ("id", "customer_number", "notes", "is_deleted", "created_at", "updated_at") VALUES ('9ba3efa9-41f0-47b1-8025-091813b33d7e', '20220823-C01', '原始報價編號: 20220823-005
報價紀錄: 20220823-005, 20240124-011, 20240604-007, 20250704-003
歷史成交數: 4', false, '2026-03-05 16:13:20', '2026-03-05 16:13:20');
INSERT INTO "company_names" ("id", "customer_id", "company_name", "is_primary", "sort_order", "created_at", "updated_at") VALUES ('b2793313-7a2e-4bfa-a393-f6d6bb53f518', '9ba3efa9-41f0-47b1-8025-091813b33d7e', '克耐得資訊有限公司', true, 1, '2026-03-05 16:13:20', '2026-03-05 16:13:20');
INSERT INTO "locations" ("id", "customer_id", "name", "address", "is_primary", "sort_order", "created_at", "updated_at") VALUES ('378d7aa8-b0f1-408a-9613-5a55554210f4', '9ba3efa9-41f0-47b1-8025-091813b33d7e', '主要地址', '台北市基隆路一段400號3樓', true, 1, '2026-03-05 16:13:20', '2026-03-05 16:13:20');
INSERT INTO "locations" ("id", "customer_id", "name", "address", "is_primary", "sort_order", "created_at", "updated_at") VALUES ('46877905-0e17-4651-9257-06422599c144', '9ba3efa9-41f0-47b1-8025-091813b33d7e', '分支地址2', '台北市信義區基隆路一段400號3樓', false, 2, '2026-03-05 16:13:20', '2026-03-05 16:13:20');
INSERT INTO "contacts" ("id", "customer_id", "name", "phone", "mobile", "email", "fax", "is_primary", "sort_order", "created_at", "updated_at") VALUES ('e6e3ca6d-9b1e-4f01-929a-c24822428d34', '9ba3efa9-41f0-47b1-8025-091813b33d7e', '歐小姐', '02-8786-4466', NULL, NULL, NULL, true, 1, '2026-03-05 16:13:20', '2026-03-05 16:13:20');
INSERT INTO "contacts" ("id", "customer_id", "name", "phone", "mobile", "email", "fax", "is_primary", "sort_order", "created_at", "updated_at") VALUES ('b216fd93-c7f1-4021-b6b4-064a83182512', '9ba3efa9-41f0-47b1-8025-091813b33d7e', '陳妍蓁 小姐', NULL, NULL, NULL, NULL, false, 2, '2026-03-05 16:13:20', '2026-03-05 16:13:20');
INSERT INTO "customers" ("id", "customer_number", "notes", "is_deleted", "created_at", "updated_at") VALUES ('4044ed00-c947-41aa-8586-d68e9d08c429', '20220826-C01', '原始報價編號: 20220826-003
報價紀錄: 20220826-003
歷史成交數: 1', false, '2026-03-05 16:13:20', '2026-03-05 16:13:20');
INSERT INTO "company_names" ("id", "customer_id", "company_name", "is_primary", "sort_order", "created_at", "updated_at") VALUES ('91ec4291-4a87-40aa-bf53-9ab4f88dab4f', '4044ed00-c947-41aa-8586-d68e9d08c429', '樂美生科股份有限公司', true, 1, '2026-03-05 16:13:20', '2026-03-05 16:13:20');
INSERT INTO "locations" ("id", "customer_id", "name", "address", "is_primary", "sort_order", "created_at", "updated_at") VALUES ('da4e3d66-a4ae-4534-b466-a49ce73fb199', '4044ed00-c947-41aa-8586-d68e9d08c429', '主要地址', '新北市汐止區新台五路一段95號15樓之12', true, 1, '2026-03-05 16:13:20', '2026-03-05 16:13:20');
INSERT INTO "contacts" ("id", "customer_id", "name", "phone", "mobile", "email", "fax", "is_primary", "sort_order", "created_at", "updated_at") VALUES ('96d9f640-2fe5-4dee-a58c-d6703351af58', '4044ed00-c947-41aa-8586-d68e9d08c429', '王佳貞 小姐', NULL, '0915-293-689', NULL, NULL, true, 1, '2026-03-05 16:13:20', '2026-03-05 16:13:20');
INSERT INTO "customers" ("id", "customer_number", "notes", "is_deleted", "created_at", "updated_at") VALUES ('ac65af73-10bb-47df-9c2c-5fb11eea21a6', '20220826-C02', '原始報價編號: 20220826-003
報價紀錄: 20220826-003
歷史成交數: 1', false, '2026-03-05 16:13:20', '2026-03-05 16:13:20');
INSERT INTO "company_names" ("id", "customer_id", "company_name", "is_primary", "sort_order", "created_at", "updated_at") VALUES ('34cc4f70-c529-4771-939f-222820ac8194', 'ac65af73-10bb-47df-9c2c-5fb11eea21a6', '極鼎建聯有限公司', true, 1, '2026-03-05 16:13:20', '2026-03-05 16:13:20');
INSERT INTO "locations" ("id", "customer_id", "name", "address", "is_primary", "sort_order", "created_at", "updated_at") VALUES ('de0912eb-9da0-464b-8f5c-5aa74982ed4b', 'ac65af73-10bb-47df-9c2c-5fb11eea21a6', '主要地址', '台北市松山區復興北路201號8樓之5', true, 1, '2026-03-05 16:13:20', '2026-03-05 16:13:20');
INSERT INTO "contacts" ("id", "customer_id", "name", "phone", "mobile", "email", "fax", "is_primary", "sort_order", "created_at", "updated_at") VALUES ('8394455f-4eaf-4730-812a-d9f98f3bf0ce', 'ac65af73-10bb-47df-9c2c-5fb11eea21a6', '陳經理/湯小姐', '02-2772-1008', NULL, NULL, NULL, true, 1, '2026-03-05 16:13:20', '2026-03-05 16:13:20');
INSERT INTO "customers" ("id", "customer_number", "notes", "is_deleted", "created_at", "updated_at") VALUES ('f4c4cbd5-9c9c-4627-8368-fcea057e88d0', '20220826-C03', '原始報價編號: 20220826-005
報價紀錄: 20220826-005
歷史成交數: 1', false, '2026-03-05 16:13:20', '2026-03-05 16:13:20');
INSERT INTO "company_names" ("id", "customer_id", "company_name", "is_primary", "sort_order", "created_at", "updated_at") VALUES ('ab0e19b1-8bb3-44cb-a315-fe67414e49b6', 'f4c4cbd5-9c9c-4627-8368-fcea057e88d0', '家合不動產管理顧問股份有限公司', true, 1, '2026-03-05 16:13:20', '2026-03-05 16:13:20');
INSERT INTO "locations" ("id", "customer_id", "name", "address", "is_primary", "sort_order", "created_at", "updated_at") VALUES ('30785daf-3075-4823-b2cb-2b75a710ee59', 'f4c4cbd5-9c9c-4627-8368-fcea057e88d0', '主要地址', '台北市中山區建國北路二段90號3樓', true, 1, '2026-03-05 16:13:20', '2026-03-05 16:13:20');
INSERT INTO "contacts" ("id", "customer_id", "name", "phone", "mobile", "email", "fax", "is_primary", "sort_order", "created_at", "updated_at") VALUES ('5d4bf0ca-4295-40cc-89cf-08dc007dca53', 'f4c4cbd5-9c9c-4627-8368-fcea057e88d0', 'Tinny', '02-2570-0576', NULL, NULL, NULL, true, 1, '2026-03-05 16:13:20', '2026-03-05 16:13:20');
INSERT INTO "customers" ("id", "customer_number", "notes", "is_deleted", "created_at", "updated_at") VALUES ('fa79c5e9-d6de-4cca-97ba-07545a85c7b1', '20220906-C01', '原始報價編號: 20220906-007
報價紀錄: 20220906-007
歷史成交數: 1', false, '2026-03-05 16:13:20', '2026-03-05 16:13:20');
INSERT INTO "company_names" ("id", "customer_id", "company_name", "is_primary", "sort_order", "created_at", "updated_at") VALUES ('77a634cf-1246-4001-ba63-448ec5874a7c', 'fa79c5e9-d6de-4cca-97ba-07545a85c7b1', '聖洋科技股份有限公司', true, 1, '2026-03-05 16:13:20', '2026-03-05 16:13:20');
INSERT INTO "locations" ("id", "customer_id", "name", "address", "is_primary", "sort_order", "created_at", "updated_at") VALUES ('8f39c763-5675-43ea-a46e-4e15075dd262', 'fa79c5e9-d6de-4cca-97ba-07545a85c7b1', '主要地址', '台北市大安區敦化南路二段2號16樓', true, 1, '2026-03-05 16:13:20', '2026-03-05 16:13:20');
INSERT INTO "contacts" ("id", "customer_id", "name", "phone", "mobile", "email", "fax", "is_primary", "sort_order", "created_at", "updated_at") VALUES ('0ef5dbc0-e6bf-4ca6-ab5a-9638bcc4ac54', 'fa79c5e9-d6de-4cca-97ba-07545a85c7b1', '陳咸良 先生', '02-6631-5638', '0939-281-619', NULL, NULL, true, 1, '2026-03-05 16:13:20', '2026-03-05 16:13:20');
INSERT INTO "customers" ("id", "customer_number", "notes", "is_deleted", "created_at", "updated_at") VALUES ('b3c49238-642d-4d61-a4b0-4a664980fd49', '20220915-C01', '原始報價編號: 20220915-012
報價紀錄: 20220915-012, 20221115-007
歷史成交數: 2', false, '2026-03-05 16:13:20', '2026-03-05 16:13:20');
INSERT INTO "company_names" ("id", "customer_id", "company_name", "is_primary", "sort_order", "created_at", "updated_at") VALUES ('f7f973e0-2f36-4a4e-9f47-e07f332fb82e', 'b3c49238-642d-4d61-a4b0-4a664980fd49', '明日博', true, 1, '2026-03-05 16:13:20', '2026-03-05 16:13:20');
INSERT INTO "locations" ("id", "customer_id", "name", "address", "is_primary", "sort_order", "created_at", "updated_at") VALUES ('e7b7b171-7bd6-4f3a-93bf-cdee74fdc3b3', 'b3c49238-642d-4d61-a4b0-4a664980fd49', '主要地址', '台北市大安區市民大道三段180號8樓(B棟)', true, 1, '2026-03-05 16:13:20', '2026-03-05 16:13:20');
INSERT INTO "contacts" ("id", "customer_id", "name", "phone", "mobile", "email", "fax", "is_primary", "sort_order", "created_at", "updated_at") VALUES ('4cedac1a-220f-4018-836f-bb7f7484dac6', 'b3c49238-642d-4d61-a4b0-4a664980fd49', 'Tom', '02-2721-8888', '0987-851-935', NULL, NULL, true, 1, '2026-03-05 16:13:20', '2026-03-05 16:13:20');
INSERT INTO "customers" ("id", "customer_number", "notes", "is_deleted", "created_at", "updated_at") VALUES ('1b61f7ca-1b25-47ad-9986-f77f3de465a1', '20220928-C01', '原始報價編號: 20220928-006
報價紀錄: 20220928-006, 20220929-003
歷史成交數: 2', false, '2026-03-05 16:13:20', '2026-03-05 16:13:20');
INSERT INTO "company_names" ("id", "customer_id", "company_name", "is_primary", "sort_order", "created_at", "updated_at") VALUES ('abd1f34c-220e-4dbf-9d05-9003cf7c1be8', '1b61f7ca-1b25-47ad-9986-f77f3de465a1', '薇斯卡亞有限公司', true, 1, '2026-03-05 16:13:20', '2026-03-05 16:13:20');
INSERT INTO "locations" ("id", "customer_id", "name", "address", "is_primary", "sort_order", "created_at", "updated_at") VALUES ('e75841f2-75e2-4dec-b729-465d177cb6bd', '1b61f7ca-1b25-47ad-9986-f77f3de465a1', '主要地址', '台北市大安區羅斯福路三段297之1號4樓', true, 1, '2026-03-05 16:13:20', '2026-03-05 16:13:20');
INSERT INTO "contacts" ("id", "customer_id", "name", "phone", "mobile", "email", "fax", "is_primary", "sort_order", "created_at", "updated_at") VALUES ('e4db8e6f-8d02-4d4a-8b1c-048e91331d17', '1b61f7ca-1b25-47ad-9986-f77f3de465a1', '李承盈 小姐', '02-2366-1556', NULL, NULL, NULL, true, 1, '2026-03-05 16:13:20', '2026-03-05 16:13:20');
INSERT INTO "customers" ("id", "customer_number", "notes", "is_deleted", "created_at", "updated_at") VALUES ('72b4f154-dceb-4a27-bab1-a4baea6687eb', '20221002-C01', '原始報價編號: 20221002-004
報價紀錄: 20221002-004
歷史成交數: 1', false, '2026-03-05 16:13:20', '2026-03-05 16:13:20');
INSERT INTO "company_names" ("id", "customer_id", "company_name", "is_primary", "sort_order", "created_at", "updated_at") VALUES ('612ce908-21ba-45a7-83b7-5af7dddb33b3', '72b4f154-dceb-4a27-bab1-a4baea6687eb', '保德有限公司', true, 1, '2026-03-05 16:13:20', '2026-03-05 16:13:20');
INSERT INTO "locations" ("id", "customer_id", "name", "address", "is_primary", "sort_order", "created_at", "updated_at") VALUES ('da5ed36c-92aa-4bc6-bc6f-1049ace0709d', '72b4f154-dceb-4a27-bab1-a4baea6687eb', '主要地址', '台北市大安區安和路二段213號8樓', true, 1, '2026-03-05 16:13:20', '2026-03-05 16:13:20');
INSERT INTO "contacts" ("id", "customer_id", "name", "phone", "mobile", "email", "fax", "is_primary", "sort_order", "created_at", "updated_at") VALUES ('92e9ab6e-9842-4952-87a1-6770d7e92910', '72b4f154-dceb-4a27-bab1-a4baea6687eb', '張榮邦 先生', NULL, '0935-981-334', NULL, NULL, true, 1, '2026-03-05 16:13:20', '2026-03-05 16:13:20');
INSERT INTO "customers" ("id", "customer_number", "notes", "is_deleted", "created_at", "updated_at") VALUES ('f916b2be-f3b4-47f9-bdef-3f5074f1d2e8', '20221003-C01', '原始報價編號: 20221003-002
報價紀錄: 20221003-002, 20230411-005
歷史成交數: 2', false, '2026-03-05 16:13:20', '2026-03-05 16:13:20');
INSERT INTO "company_names" ("id", "customer_id", "company_name", "is_primary", "sort_order", "created_at", "updated_at") VALUES ('e4154648-aa61-4e16-aaff-3c99a4a803d6', 'f916b2be-f3b4-47f9-bdef-3f5074f1d2e8', '長江大方國際法律事務所', true, 1, '2026-03-05 16:13:20', '2026-03-05 16:13:20');
INSERT INTO "locations" ("id", "customer_id", "name", "address", "is_primary", "sort_order", "created_at", "updated_at") VALUES ('7a355335-4ed1-4722-b01b-d91756671e6d', 'f916b2be-f3b4-47f9-bdef-3f5074f1d2e8', '主要地址', '台北市南京東路三段248號17樓之1', true, 1, '2026-03-05 16:13:20', '2026-03-05 16:13:20');
INSERT INTO "contacts" ("id", "customer_id", "name", "phone", "mobile", "email", "fax", "is_primary", "sort_order", "created_at", "updated_at") VALUES ('caf17602-3cda-4364-8b15-2deee7400741', 'f916b2be-f3b4-47f9-bdef-3f5074f1d2e8', '黃若婷 小姐', '02-2325-8866', NULL, NULL, NULL, true, 1, '2026-03-05 16:13:20', '2026-03-05 16:13:20');
INSERT INTO "contacts" ("id", "customer_id", "name", "phone", "mobile", "email", "fax", "is_primary", "sort_order", "created_at", "updated_at") VALUES ('275bc220-2625-48ce-933d-c0284ca41b92', 'f916b2be-f3b4-47f9-bdef-3f5074f1d2e8', '聯絡人2', '02-2325-8866 #352', NULL, NULL, NULL, false, 2, '2026-03-05 16:13:20', '2026-03-05 16:13:20');
INSERT INTO "customers" ("id", "customer_number", "notes", "is_deleted", "created_at", "updated_at") VALUES ('36efb7cd-e97a-4bb6-bce4-0c693f503632', '20221005-C01', '原始報價編號: 20221005-008
報價紀錄: 20221005-008
歷史成交數: 1', false, '2026-03-05 16:13:20', '2026-03-05 16:13:20');
INSERT INTO "locations" ("id", "customer_id", "name", "address", "is_primary", "sort_order", "created_at", "updated_at") VALUES ('dbdfef86-83a9-4b98-8774-ce8f7cab7412', '36efb7cd-e97a-4bb6-bce4-0c693f503632', '主要地址', '台北市南京東路三段217號5樓', true, 1, '2026-03-05 16:13:20', '2026-03-05 16:13:20');
INSERT INTO "contacts" ("id", "customer_id", "name", "phone", "mobile", "email", "fax", "is_primary", "sort_order", "created_at", "updated_at") VALUES ('4fc255cd-7f3a-4a89-bdce-c499d07bc7fc', '36efb7cd-e97a-4bb6-bce4-0c693f503632', '陳小姐', '02-2703-3650', NULL, NULL, NULL, true, 1, '2026-03-05 16:13:20', '2026-03-05 16:13:20');
INSERT INTO "customers" ("id", "customer_number", "notes", "is_deleted", "created_at", "updated_at") VALUES ('82c677e1-e7cb-4da7-9452-353156c364fc', '20221011-C01', '原始報價編號: 20221011-005
報價紀錄: 20221011-005
歷史成交數: 1', false, '2026-03-05 16:13:20', '2026-03-05 16:13:20');
INSERT INTO "locations" ("id", "customer_id", "name", "address", "is_primary", "sort_order", "created_at", "updated_at") VALUES ('97c84cf1-c5c1-4a82-9e1f-ef47f25b5ea0', '82c677e1-e7cb-4da7-9452-353156c364fc', '主要地址', '台北市中山區復興北路290號16樓之2', true, 1, '2026-03-05 16:13:20', '2026-03-05 16:13:20');
INSERT INTO "contacts" ("id", "customer_id", "name", "phone", "mobile", "email", "fax", "is_primary", "sort_order", "created_at", "updated_at") VALUES ('1622813e-d9d1-43b8-ab2d-5994f6a0fed1', '82c677e1-e7cb-4da7-9452-353156c364fc', '陳先生', NULL, '0909-222-638', NULL, NULL, true, 1, '2026-03-05 16:13:20', '2026-03-05 16:13:20');
INSERT INTO "customers" ("id", "customer_number", "notes", "is_deleted", "created_at", "updated_at") VALUES ('8a5e2522-f33d-4ae5-b744-63376f50b23b', '20221013-C01', '原始報價編號: 20221013-008
報價紀錄: 20221013-008
歷史成交數: 1', false, '2026-03-05 16:13:20', '2026-03-05 16:13:20');
INSERT INTO "company_names" ("id", "customer_id", "company_name", "is_primary", "sort_order", "created_at", "updated_at") VALUES ('c9538dc2-9f00-4eda-9147-684c8623a801', '8a5e2522-f33d-4ae5-b744-63376f50b23b', '伸昌電機股份有限公司', true, 1, '2026-03-05 16:13:20', '2026-03-05 16:13:20');
INSERT INTO "locations" ("id", "customer_id", "name", "address", "is_primary", "sort_order", "created_at", "updated_at") VALUES ('6313197b-492b-42d3-8085-22f9ddda515b', '8a5e2522-f33d-4ae5-b744-63376f50b23b', '主要地址', '台北市大安區仁愛路四段409號3樓', true, 1, '2026-03-05 16:13:20', '2026-03-05 16:13:20');
INSERT INTO "contacts" ("id", "customer_id", "name", "phone", "mobile", "email", "fax", "is_primary", "sort_order", "created_at", "updated_at") VALUES ('cfa6ca3b-95e8-41fc-bd46-8bcbd45057a3', '8a5e2522-f33d-4ae5-b744-63376f50b23b', '陳小姐', '02-2772-3166', NULL, NULL, NULL, true, 1, '2026-03-05 16:13:20', '2026-03-05 16:13:20');
INSERT INTO "customers" ("id", "customer_number", "notes", "is_deleted", "created_at", "updated_at") VALUES ('d0ec8266-5475-44e1-acde-95545cc4c469', '20221021-C01', '原始報價編號: 20221021-007
報價紀錄: 20221021-007, 20230207-009
歷史成交數: 2', false, '2026-03-05 16:13:20', '2026-03-05 16:13:20');
INSERT INTO "company_names" ("id", "customer_id", "company_name", "is_primary", "sort_order", "created_at", "updated_at") VALUES ('2a8dd4f9-c0f0-4424-8bda-9823ed795793', 'd0ec8266-5475-44e1-acde-95545cc4c469', '東方晶典社區管理委員會', true, 1, '2026-03-05 16:13:20', '2026-03-05 16:13:20');
INSERT INTO "locations" ("id", "customer_id", "name", "address", "is_primary", "sort_order", "created_at", "updated_at") VALUES ('59c1293f-6584-4e68-bf1e-9bfb5740bf2c', 'd0ec8266-5475-44e1-acde-95545cc4c469', '主要地址', '台北市南港區經貿二路235巷53~67號', true, 1, '2026-03-05 16:13:20', '2026-03-05 16:13:20');
INSERT INTO "contacts" ("id", "customer_id", "name", "phone", "mobile", "email", "fax", "is_primary", "sort_order", "created_at", "updated_at") VALUES ('569c2d43-93ed-469c-b4c5-2c74c51a35bd', 'd0ec8266-5475-44e1-acde-95545cc4c469', '曾文科 先生', '02-2651-9075', '0937-891-812', NULL, NULL, true, 1, '2026-03-05 16:13:20', '2026-03-05 16:13:20');
INSERT INTO "customers" ("id", "customer_number", "notes", "is_deleted", "created_at", "updated_at") VALUES ('83fc9791-2350-481f-b148-5b4e3c1a6d88', '20221025-C01', '原始報價編號: 20221025-005
報價紀錄: 20221025-005, 20221031-003
歷史成交數: 2', false, '2026-03-05 16:13:20', '2026-03-05 16:13:20');
INSERT INTO "locations" ("id", "customer_id", "name", "address", "is_primary", "sort_order", "created_at", "updated_at") VALUES ('1eb0ff61-dbc9-4a1e-b207-a8328f51e1e3', '83fc9791-2350-481f-b148-5b4e3c1a6d88', '主要地址', '台北市中山區中山北路二段72巷8號', true, 1, '2026-03-05 16:13:20', '2026-03-05 16:13:20');
INSERT INTO "contacts" ("id", "customer_id", "name", "phone", "mobile", "email", "fax", "is_primary", "sort_order", "created_at", "updated_at") VALUES ('51e4872a-f4f9-4025-9400-05bca49cd559', '83fc9791-2350-481f-b148-5b4e3c1a6d88', '黃政源 先生', NULL, '0918-287-888', NULL, NULL, true, 1, '2026-03-05 16:13:20', '2026-03-05 16:13:20');
INSERT INTO "customers" ("id", "customer_number", "notes", "is_deleted", "created_at", "updated_at") VALUES ('0988b55b-30c2-4c13-ac98-92dca84ff4ae', '20221103-C01', '原始報價編號: 20221103-003
報價紀錄: 20221103-003, 20250522-006
歷史成交數: 2', false, '2026-03-05 16:13:20', '2026-03-05 16:13:20');
INSERT INTO "company_names" ("id", "customer_id", "company_name", "is_primary", "sort_order", "created_at", "updated_at") VALUES ('ed63c8a6-594f-4a5c-a3ed-85cf7a406f25', '0988b55b-30c2-4c13-ac98-92dca84ff4ae', '青荷國際有限公司', true, 1, '2026-03-05 16:13:20', '2026-03-05 16:13:20');
INSERT INTO "locations" ("id", "customer_id", "name", "address", "is_primary", "sort_order", "created_at", "updated_at") VALUES ('97aba899-7a39-4faf-8bf3-d3f25d5b656e', '0988b55b-30c2-4c13-ac98-92dca84ff4ae', '主要地址', '桃園市龜山區振興路1165之1號1樓', true, 1, '2026-03-05 16:13:20', '2026-03-05 16:13:20');
INSERT INTO "contacts" ("id", "customer_id", "name", "phone", "mobile", "email", "fax", "is_primary", "sort_order", "created_at", "updated_at") VALUES ('8b4411e1-35c7-484b-b47a-dd197252c16a', '0988b55b-30c2-4c13-ac98-92dca84ff4ae', '溫結萍 小姐', '03-3594-557 #331', NULL, NULL, NULL, true, 1, '2026-03-05 16:13:20', '2026-03-05 16:13:20');
INSERT INTO "customers" ("id", "customer_number", "notes", "is_deleted", "created_at", "updated_at") VALUES ('bce76e32-6138-4a79-a4ae-198bbaa8be11', '20221107-C01', '原始報價編號: 20221107-005
報價紀錄: 20221107-005
歷史成交數: 1', false, '2026-03-05 16:13:20', '2026-03-05 16:13:20');
INSERT INTO "company_names" ("id", "customer_id", "company_name", "is_primary", "sort_order", "created_at", "updated_at") VALUES ('f67790f0-b818-4484-8e7b-e333a6b71ec5', 'bce76e32-6138-4a79-a4ae-198bbaa8be11', '艾珮斯食品有限公司', true, 1, '2026-03-05 16:13:20', '2026-03-05 16:13:20');
INSERT INTO "locations" ("id", "customer_id", "name", "address", "is_primary", "sort_order", "created_at", "updated_at") VALUES ('7992cff0-968d-4f24-af3b-1ed7e6e61b40', 'bce76e32-6138-4a79-a4ae-198bbaa8be11', '主要地址', '台北市松山區南京東路四段56號4樓之3', true, 1, '2026-03-05 16:13:20', '2026-03-05 16:13:20');
INSERT INTO "contacts" ("id", "customer_id", "name", "phone", "mobile", "email", "fax", "is_primary", "sort_order", "created_at", "updated_at") VALUES ('1693d951-b880-407c-94d1-4cbe4f546951', 'bce76e32-6138-4a79-a4ae-198bbaa8be11', '許小姐', '02-2579-2935', '0937-898-528', NULL, NULL, true, 1, '2026-03-05 16:13:20', '2026-03-05 16:13:20');
INSERT INTO "customers" ("id", "customer_number", "notes", "is_deleted", "created_at", "updated_at") VALUES ('55944eee-197b-4c55-9beb-01ba330f0662', '20221107-C02', '原始報價編號: 20221107-008
報價紀錄: 20221107-008
歷史成交數: 1', false, '2026-03-05 16:13:20', '2026-03-05 16:13:20');
INSERT INTO "company_names" ("id", "customer_id", "company_name", "is_primary", "sort_order", "created_at", "updated_at") VALUES ('b3f1fe1f-c700-4122-b598-5b269f264347', '55944eee-197b-4c55-9beb-01ba330f0662', '臺璟國際企業有限公司', true, 1, '2026-03-05 16:13:20', '2026-03-05 16:13:20');
INSERT INTO "locations" ("id", "customer_id", "name", "address", "is_primary", "sort_order", "created_at", "updated_at") VALUES ('d1a7b724-9fd1-4f13-b203-dc31738c5066', '55944eee-197b-4c55-9beb-01ba330f0662', '主要地址', '新北市汐止區大同路三段196號8樓之1', true, 1, '2026-03-05 16:13:20', '2026-03-05 16:13:20');
INSERT INTO "contacts" ("id", "customer_id", "name", "phone", "mobile", "email", "fax", "is_primary", "sort_order", "created_at", "updated_at") VALUES ('6c0962ad-bd88-42ab-8657-49cd237b03aa', '55944eee-197b-4c55-9beb-01ba330f0662', '曹威利 先生', '02-8647-3598 #11', '0932-023-328', NULL, NULL, true, 1, '2026-03-05 16:13:20', '2026-03-05 16:13:20');
INSERT INTO "customers" ("id", "customer_number", "notes", "is_deleted", "created_at", "updated_at") VALUES ('625ea604-a41f-4d16-b488-12e70c9f95d7', '20221107-C03', '原始報價編號: 20221107-008
報價紀錄: 20221107-008
歷史成交數: 1', false, '2026-03-05 16:13:20', '2026-03-05 16:13:20');
INSERT INTO "company_names" ("id", "customer_id", "company_name", "is_primary", "sort_order", "created_at", "updated_at") VALUES ('ca058c03-62d9-4622-9597-6f229c1d5002', '625ea604-a41f-4d16-b488-12e70c9f95d7', '振罡科技有限公司', true, 1, '2026-03-05 16:13:20', '2026-03-05 16:13:20');
INSERT INTO "locations" ("id", "customer_id", "name", "address", "is_primary", "sort_order", "created_at", "updated_at") VALUES ('e69216ed-0d40-4fde-920a-24d3ed1e110a', '625ea604-a41f-4d16-b488-12e70c9f95d7', '主要地址', '新北市汐止區大同路三段196號8樓之5', true, 1, '2026-03-05 16:13:20', '2026-03-05 16:13:20');
INSERT INTO "contacts" ("id", "customer_id", "name", "phone", "mobile", "email", "fax", "is_primary", "sort_order", "created_at", "updated_at") VALUES ('de2de751-2c71-4829-940a-c13c9bd9eefc', '625ea604-a41f-4d16-b488-12e70c9f95d7', '曾小姐', '02-8647-2689 #31', NULL, NULL, NULL, true, 1, '2026-03-05 16:13:20', '2026-03-05 16:13:20');
INSERT INTO "customers" ("id", "customer_number", "notes", "is_deleted", "created_at", "updated_at") VALUES ('39059a24-5c5f-4164-bb54-0ffb0512edbb', '20221114-C01', '原始報價編號: 20221114-013
報價紀錄: 20221114-013, 20221114-014
歷史成交數: 2', false, '2026-03-05 16:13:20', '2026-03-05 16:13:20');
INSERT INTO "company_names" ("id", "customer_id", "company_name", "is_primary", "sort_order", "created_at", "updated_at") VALUES ('5036ce0e-4e26-4a6d-b5bf-e6956e7b6938', '39059a24-5c5f-4164-bb54-0ffb0512edbb', '中紡科技實業股份有限公司', true, 1, '2026-03-05 16:13:20', '2026-03-05 16:13:20');
INSERT INTO "company_names" ("id", "customer_id", "company_name", "is_primary", "sort_order", "created_at", "updated_at") VALUES ('243fe708-4f52-4c51-b5a0-010a42fb829b', '39059a24-5c5f-4164-bb54-0ffb0512edbb', '中興紡織廠股份有限公司', false, 2, '2026-03-05 16:13:20', '2026-03-05 16:13:20');
INSERT INTO "locations" ("id", "customer_id", "name", "address", "is_primary", "sort_order", "created_at", "updated_at") VALUES ('6066bdd4-9b59-4cc6-a873-805d09a0c597', '39059a24-5c5f-4164-bb54-0ffb0512edbb', '主要地址', '台北市信義區基隆路一段200號10樓之1', true, 1, '2026-03-05 16:13:20', '2026-03-05 16:13:20');
INSERT INTO "contacts" ("id", "customer_id", "name", "phone", "mobile", "email", "fax", "is_primary", "sort_order", "created_at", "updated_at") VALUES ('deb62640-168d-4c4f-9c55-68f074b880cf', '39059a24-5c5f-4164-bb54-0ffb0512edbb', '雷小姐', '02-2345-5777 #462', NULL, NULL, NULL, true, 1, '2026-03-05 16:13:20', '2026-03-05 16:13:20');
INSERT INTO "customers" ("id", "customer_number", "notes", "is_deleted", "created_at", "updated_at") VALUES ('5f83e4c3-5e99-4f27-a4f4-8b8f994a81ab', '20221130-C01', '原始報價編號: 20221130-009
報價紀錄: 20221130-009, 20221202-010, 20230117-005
歷史成交數: 3', false, '2026-03-05 16:13:20', '2026-03-05 16:13:20');
INSERT INTO "locations" ("id", "customer_id", "name", "address", "is_primary", "sort_order", "created_at", "updated_at") VALUES ('9b59c314-d694-4406-8063-477ef1ca09fc', '5f83e4c3-5e99-4f27-a4f4-8b8f994a81ab', '主要地址', '台北市大安區羅斯福路二段105號3樓之1', true, 1, '2026-03-05 16:13:20', '2026-03-05 16:13:20');
INSERT INTO "contacts" ("id", "customer_id", "name", "phone", "mobile", "email", "fax", "is_primary", "sort_order", "created_at", "updated_at") VALUES ('97fe6d34-450b-47be-99de-2effdf470bd9', '5f83e4c3-5e99-4f27-a4f4-8b8f994a81ab', '李先生', NULL, '0975-165-509', NULL, NULL, true, 1, '2026-03-05 16:13:20', '2026-03-05 16:13:20');
INSERT INTO "customers" ("id", "customer_number", "notes", "is_deleted", "created_at", "updated_at") VALUES ('f19a7bb9-e1be-471a-8b48-2d93780cc460', '20221202-C01', '原始報價編號: 20221202-008
報價紀錄: 20221202-008
歷史成交數: 1', false, '2026-03-05 16:13:20', '2026-03-05 16:13:20');
INSERT INTO "company_names" ("id", "customer_id", "company_name", "is_primary", "sort_order", "created_at", "updated_at") VALUES ('25b1cbfb-4efe-477e-b359-f8c274cc1af2', 'f19a7bb9-e1be-471a-8b48-2d93780cc460', '協科資訊', true, 1, '2026-03-05 16:13:20', '2026-03-05 16:13:20');
INSERT INTO "locations" ("id", "customer_id", "name", "address", "is_primary", "sort_order", "created_at", "updated_at") VALUES ('fc4a9698-1aaf-4b52-bb64-d5021a007253', 'f19a7bb9-e1be-471a-8b48-2d93780cc460', '主要地址', '新北市中和區華新街109巷2號', true, 1, '2026-03-05 16:13:20', '2026-03-05 16:13:20');
INSERT INTO "contacts" ("id", "customer_id", "name", "phone", "mobile", "email", "fax", "is_primary", "sort_order", "created_at", "updated_at") VALUES ('f761e55c-4893-4db5-b9f2-11c713a4c26a', 'f19a7bb9-e1be-471a-8b48-2d93780cc460', '詹偉瀚 先生', '02-2881-2340', '0930-089-426', NULL, NULL, true, 1, '2026-03-05 16:13:20', '2026-03-05 16:13:20');
INSERT INTO "customers" ("id", "customer_number", "notes", "is_deleted", "created_at", "updated_at") VALUES ('91d19ef3-10cc-425e-9e01-d42f92316615', '20221206-C01', '原始報價編號: 20221206-005
報價紀錄: 20221206-005, 20241025-005
歷史成交數: 2', false, '2026-03-05 16:13:20', '2026-03-05 16:13:20');
INSERT INTO "company_names" ("id", "customer_id", "company_name", "is_primary", "sort_order", "created_at", "updated_at") VALUES ('7d8e2cb4-730e-4cf3-9a7e-54a4e1bbaec3', '91d19ef3-10cc-425e-9e01-d42f92316615', '二十一世紀數位科技股份有限公司', true, 1, '2026-03-05 16:13:20', '2026-03-05 16:13:20');
INSERT INTO "locations" ("id", "customer_id", "name", "address", "is_primary", "sort_order", "created_at", "updated_at") VALUES ('9f8b262b-f8cf-420f-92b9-3ad8190754c7', '91d19ef3-10cc-425e-9e01-d42f92316615', '主要地址', '台北市信義區基隆路一段163號5樓之2', true, 1, '2026-03-05 16:13:20', '2026-03-05 16:13:20');
INSERT INTO "contacts" ("id", "customer_id", "name", "phone", "mobile", "email", "fax", "is_primary", "sort_order", "created_at", "updated_at") VALUES ('ef17985b-9e39-46b8-ac92-5af641586b3f', '91d19ef3-10cc-425e-9e01-d42f92316615', '鄭小姐', NULL, '0963-585-786', NULL, NULL, true, 1, '2026-03-05 16:13:20', '2026-03-05 16:13:20');
INSERT INTO "customers" ("id", "customer_number", "notes", "is_deleted", "created_at", "updated_at") VALUES ('07a4f60c-d5fc-4907-a4e3-2342b3892026', '20221208-C01', '原始報價編號: 20221208-002
報價紀錄: 20221208-002
歷史成交數: 1', false, '2026-03-05 16:13:20', '2026-03-05 16:13:20');
INSERT INTO "company_names" ("id", "customer_id", "company_name", "is_primary", "sort_order", "created_at", "updated_at") VALUES ('12d391a0-7ce1-4564-bad3-a6187a43f504', '07a4f60c-d5fc-4907-a4e3-2342b3892026', '恒大股份有限公司', true, 1, '2026-03-05 16:13:20', '2026-03-05 16:13:20');
INSERT INTO "locations" ("id", "customer_id", "name", "address", "is_primary", "sort_order", "created_at", "updated_at") VALUES ('03bf00d1-3f2b-42cb-b2bc-185c1051e1bd', '07a4f60c-d5fc-4907-a4e3-2342b3892026', '主要地址', '台北市中山區林森北路327號10樓', true, 1, '2026-03-05 16:13:20', '2026-03-05 16:13:20');
INSERT INTO "contacts" ("id", "customer_id", "name", "phone", "mobile", "email", "fax", "is_primary", "sort_order", "created_at", "updated_at") VALUES ('44b2d317-a6ab-44b4-8821-13ca5cc24cd0', '07a4f60c-d5fc-4907-a4e3-2342b3892026', '吳先生', '02-2511-9161 #141', NULL, NULL, NULL, true, 1, '2026-03-05 16:13:20', '2026-03-05 16:13:20');
INSERT INTO "customers" ("id", "customer_number", "notes", "is_deleted", "created_at", "updated_at") VALUES ('abe9f47f-9e9c-4372-925d-76058b7d5f5f', '20221208-C02', '原始報價編號: 20221208-009
報價紀錄: 20221208-009
歷史成交數: 1', false, '2026-03-05 16:13:20', '2026-03-05 16:13:20');
INSERT INTO "company_names" ("id", "customer_id", "company_name", "is_primary", "sort_order", "created_at", "updated_at") VALUES ('f40ec8a0-3c7e-4c86-877d-06fef92b9604', 'abe9f47f-9e9c-4372-925d-76058b7d5f5f', '皇邦系統有限公司', true, 1, '2026-03-05 16:13:20', '2026-03-05 16:13:20');
INSERT INTO "locations" ("id", "customer_id", "name", "address", "is_primary", "sort_order", "created_at", "updated_at") VALUES ('5bc86b5f-02b3-4226-a24d-1c730a9c4dac', 'abe9f47f-9e9c-4372-925d-76058b7d5f5f', '主要地址', '台北市內湖區瑞光路550號10樓（健康力）', true, 1, '2026-03-05 16:13:20', '2026-03-05 16:13:20');
INSERT INTO "contacts" ("id", "customer_id", "name", "phone", "mobile", "email", "fax", "is_primary", "sort_order", "created_at", "updated_at") VALUES ('c421913d-4c9d-42da-9358-65b238af4afe', 'abe9f47f-9e9c-4372-925d-76058b7d5f5f', '李秀真 小姐', '02-2598-1067 #100', NULL, NULL, NULL, true, 1, '2026-03-05 16:13:20', '2026-03-05 16:13:20');
INSERT INTO "customers" ("id", "customer_number", "notes", "is_deleted", "created_at", "updated_at") VALUES ('b6caef1f-4587-441b-9b17-bffe1674002e', '20221209-C01', '原始報價編號: 20221209-003
報價紀錄: 20221209-003
歷史成交數: 1', false, '2026-03-05 16:13:20', '2026-03-05 16:13:20');
INSERT INTO "company_names" ("id", "customer_id", "company_name", "is_primary", "sort_order", "created_at", "updated_at") VALUES ('47e04583-8b68-4873-ac03-35057b544765', 'b6caef1f-4587-441b-9b17-bffe1674002e', '財團法人海外信用保證基金', true, 1, '2026-03-05 16:13:20', '2026-03-05 16:13:20');
INSERT INTO "locations" ("id", "customer_id", "name", "address", "is_primary", "sort_order", "created_at", "updated_at") VALUES ('f20571a0-c290-489b-aa2f-a17c8905c492', 'b6caef1f-4587-441b-9b17-bffe1674002e', '主要地址', '台北市博愛路76號7樓', true, 1, '2026-03-05 16:13:20', '2026-03-05 16:13:20');
INSERT INTO "contacts" ("id", "customer_id", "name", "phone", "mobile", "email", "fax", "is_primary", "sort_order", "created_at", "updated_at") VALUES ('43994a5b-d811-423c-a30c-64bd137e9ce0', 'b6caef1f-4587-441b-9b17-bffe1674002e', '陳柏宏 先生', '02-2375-2961 #16', NULL, NULL, NULL, true, 1, '2026-03-05 16:13:20', '2026-03-05 16:13:20');
INSERT INTO "customers" ("id", "customer_number", "notes", "is_deleted", "created_at", "updated_at") VALUES ('e059fc06-a1ba-45d6-a810-3493989120f3', '20221209-C02', '原始報價編號: 20221209-010
報價紀錄: 20221209-010, 20250915-006
歷史成交數: 2', false, '2026-03-05 16:13:20', '2026-03-05 16:13:20');
INSERT INTO "company_names" ("id", "customer_id", "company_name", "is_primary", "sort_order", "created_at", "updated_at") VALUES ('9c474871-9193-4fcc-9217-87a257c1e774', 'e059fc06-a1ba-45d6-a810-3493989120f3', '亞洸實業社', true, 1, '2026-03-05 16:13:20', '2026-03-05 16:13:20');
INSERT INTO "company_names" ("id", "customer_id", "company_name", "is_primary", "sort_order", "created_at", "updated_at") VALUES ('85cccc3f-61ac-4be2-92ed-c9bab0dd7421', 'e059fc06-a1ba-45d6-a810-3493989120f3', '欣維思品牌顧問股份有限公司', false, 2, '2026-03-05 16:13:20', '2026-03-05 16:13:20');
INSERT INTO "locations" ("id", "customer_id", "name", "address", "is_primary", "sort_order", "created_at", "updated_at") VALUES ('dfc84339-b9d3-48ed-8a19-8ef58ea80b50', 'e059fc06-a1ba-45d6-a810-3493989120f3', '主要地址', '台北市仁愛路四段105巷5號1樓', true, 1, '2026-03-05 16:13:20', '2026-03-05 16:13:20');
INSERT INTO "contacts" ("id", "customer_id", "name", "phone", "mobile", "email", "fax", "is_primary", "sort_order", "created_at", "updated_at") VALUES ('132eae6d-7132-42cd-bda2-3d6a420ec24f', 'e059fc06-a1ba-45d6-a810-3493989120f3', '李兆泓 先生', NULL, '0981-963-635', NULL, NULL, true, 1, '2026-03-05 16:13:20', '2026-03-05 16:13:20');
INSERT INTO "contacts" ("id", "customer_id", "name", "phone", "mobile", "email", "fax", "is_primary", "sort_order", "created_at", "updated_at") VALUES ('ebb74ea5-b4de-4cdc-bbf6-d9d38857d0ee', 'e059fc06-a1ba-45d6-a810-3493989120f3', '賴小姐', NULL, NULL, NULL, NULL, false, 2, '2026-03-05 16:13:20', '2026-03-05 16:13:20');
INSERT INTO "customers" ("id", "customer_number", "notes", "is_deleted", "created_at", "updated_at") VALUES ('89599dcb-a479-4b90-b005-bca025f27580', '20221212-C01', '原始報價編號: 20221212-003
報價紀錄: 20221212-003, 20221215-008
歷史成交數: 2', false, '2026-03-05 16:13:20', '2026-03-05 16:13:20');
INSERT INTO "company_names" ("id", "customer_id", "company_name", "is_primary", "sort_order", "created_at", "updated_at") VALUES ('20a55cbf-7ecc-465c-a8f8-9d090950b129', '89599dcb-a479-4b90-b005-bca025f27580', '滿月托嬰中心', true, 1, '2026-03-05 16:13:20', '2026-03-05 16:13:20');
INSERT INTO "locations" ("id", "customer_id", "name", "address", "is_primary", "sort_order", "created_at", "updated_at") VALUES ('96ee3d98-32b5-4b16-8313-748b66be0c7a', '89599dcb-a479-4b90-b005-bca025f27580', '主要地址', '台北市士林區中山北路七段190巷27號1樓', true, 1, '2026-03-05 16:13:20', '2026-03-05 16:13:20');
INSERT INTO "locations" ("id", "customer_id", "name", "address", "is_primary", "sort_order", "created_at", "updated_at") VALUES ('6df22660-87d3-4170-95e1-a01b6633519f', '89599dcb-a479-4b90-b005-bca025f27580', '分支地址2', '台北市北投區石牌路二段307號1樓', false, 2, '2026-03-05 16:13:20', '2026-03-05 16:13:20');
INSERT INTO "contacts" ("id", "customer_id", "name", "phone", "mobile", "email", "fax", "is_primary", "sort_order", "created_at", "updated_at") VALUES ('b849d0b0-84c0-49bd-a1d0-985953e46a18', '89599dcb-a479-4b90-b005-bca025f27580', '鄭香玲 小姐', NULL, '0972-227-535', NULL, NULL, true, 1, '2026-03-05 16:13:20', '2026-03-05 16:13:20');
INSERT INTO "customers" ("id", "customer_number", "notes", "is_deleted", "created_at", "updated_at") VALUES ('02a04dc6-cd3e-4ffe-b72f-f0db662e04f8', '20221216-C01', '原始報價編號: 20221216-005
報價紀錄: 20221216-005
歷史成交數: 1', false, '2026-03-05 16:13:20', '2026-03-05 16:13:20');
INSERT INTO "company_names" ("id", "customer_id", "company_name", "is_primary", "sort_order", "created_at", "updated_at") VALUES ('291d1e20-c904-4fde-9e52-94ec3cd03776', '02a04dc6-cd3e-4ffe-b72f-f0db662e04f8', '一心室內裝修有限公司', true, 1, '2026-03-05 16:13:20', '2026-03-05 16:13:20');
INSERT INTO "locations" ("id", "customer_id", "name", "address", "is_primary", "sort_order", "created_at", "updated_at") VALUES ('78fc75d8-97d0-42b4-97c5-975063be27ef', '02a04dc6-cd3e-4ffe-b72f-f0db662e04f8', '主要地址', '台北市基隆路一段159號10樓', true, 1, '2026-03-05 16:13:20', '2026-03-05 16:13:20');
INSERT INTO "contacts" ("id", "customer_id", "name", "phone", "mobile", "email", "fax", "is_primary", "sort_order", "created_at", "updated_at") VALUES ('7e5fb16e-9e2a-4ce9-95f0-b34ee231ab2c', '02a04dc6-cd3e-4ffe-b72f-f0db662e04f8', '陳小姐', NULL, '0919-871-221', NULL, NULL, true, 1, '2026-03-05 16:13:20', '2026-03-05 16:13:20');
INSERT INTO "customers" ("id", "customer_number", "notes", "is_deleted", "created_at", "updated_at") VALUES ('66f4200b-25b4-43b8-b9c7-170f8ee15a63', '20221220-C01', '原始報價編號: 20221220-005
報價紀錄: 20221220-005
歷史成交數: 1', false, '2026-03-05 16:13:20', '2026-03-05 16:13:20');
INSERT INTO "company_names" ("id", "customer_id", "company_name", "is_primary", "sort_order", "created_at", "updated_at") VALUES ('fa0726a9-5c79-461f-be6f-a7166f0d0cd8', '66f4200b-25b4-43b8-b9c7-170f8ee15a63', '青文出版社股份有限公司', true, 1, '2026-03-05 16:13:20', '2026-03-05 16:13:20');
INSERT INTO "locations" ("id", "customer_id", "name", "address", "is_primary", "sort_order", "created_at", "updated_at") VALUES ('22e0aa76-2764-4829-be39-e52e59c3bc60', '66f4200b-25b4-43b8-b9c7-170f8ee15a63', '主要地址', '台北市中山區長安東路一段36號3樓', true, 1, '2026-03-05 16:13:20', '2026-03-05 16:13:20');
INSERT INTO "contacts" ("id", "customer_id", "name", "phone", "mobile", "email", "fax", "is_primary", "sort_order", "created_at", "updated_at") VALUES ('73e61fe6-b1f6-4dc1-8a4a-44a2cbea63db', '66f4200b-25b4-43b8-b9c7-170f8ee15a63', '許靜雯 小姐', '02-2541-4234 #807', NULL, NULL, NULL, true, 1, '2026-03-05 16:13:20', '2026-03-05 16:13:20');
INSERT INTO "customers" ("id", "customer_number", "notes", "is_deleted", "created_at", "updated_at") VALUES ('e3106ae0-8dd5-44ac-9635-b9a47e5858af', '20221222-C01', '原始報價編號: 20221222-003
報價紀錄: 20221222-003
歷史成交數: 1', false, '2026-03-05 16:13:20', '2026-03-05 16:13:20');
INSERT INTO "locations" ("id", "customer_id", "name", "address", "is_primary", "sort_order", "created_at", "updated_at") VALUES ('7b70a889-6d95-4209-83d4-db27847803b4', 'e3106ae0-8dd5-44ac-9635-b9a47e5858af', '主要地址', '台北市松山區敦化北路405巷', true, 1, '2026-03-05 16:13:20', '2026-03-05 16:13:20');
INSERT INTO "contacts" ("id", "customer_id", "name", "phone", "mobile", "email", "fax", "is_primary", "sort_order", "created_at", "updated_at") VALUES ('1573033c-357d-4ab3-b1d1-14a9d99f1c3f', 'e3106ae0-8dd5-44ac-9635-b9a47e5858af', '康先生', NULL, '0921-811-213', NULL, NULL, true, 1, '2026-03-05 16:13:20', '2026-03-05 16:13:20');
INSERT INTO "customers" ("id", "customer_number", "notes", "is_deleted", "created_at", "updated_at") VALUES ('2a595556-4930-4a29-9914-3a4537ffe547', '20221226-C01', '原始報價編號: 20221226-001
報價紀錄: 20221226-001
歷史成交數: 1', false, '2026-03-05 16:13:20', '2026-03-05 16:13:20');
INSERT INTO "company_names" ("id", "customer_id", "company_name", "is_primary", "sort_order", "created_at", "updated_at") VALUES ('82511d87-a7c3-4350-ad66-411ac08b8035', '2a595556-4930-4a29-9914-3a4537ffe547', '華南國際租賃股份有限公司', true, 1, '2026-03-05 16:13:20', '2026-03-05 16:13:20');
INSERT INTO "locations" ("id", "customer_id", "name", "address", "is_primary", "sort_order", "created_at", "updated_at") VALUES ('f2c01eb3-93ea-4dc8-ab08-e0c8590c1501', '2a595556-4930-4a29-9914-3a4537ffe547', '主要地址', '台北市中山區長安東路一段18號5樓', true, 1, '2026-03-05 16:13:20', '2026-03-05 16:13:20');
INSERT INTO "contacts" ("id", "customer_id", "name", "phone", "mobile", "email", "fax", "is_primary", "sort_order", "created_at", "updated_at") VALUES ('430f8329-87cb-47a5-b68c-883c8e621810', '2a595556-4930-4a29-9914-3a4537ffe547', '李坤聰 先生', '02-2571-1068 #117', NULL, NULL, NULL, true, 1, '2026-03-05 16:13:20', '2026-03-05 16:13:20');
INSERT INTO "customers" ("id", "customer_number", "notes", "is_deleted", "created_at", "updated_at") VALUES ('47e4c624-bd43-4d23-9b6a-180d5d2dc8fa', '20221229-C01', '原始報價編號: 20221229-003
報價紀錄: 20221229-003
歷史成交數: 1', false, '2026-03-05 16:13:20', '2026-03-05 16:13:20');
INSERT INTO "company_names" ("id", "customer_id", "company_name", "is_primary", "sort_order", "created_at", "updated_at") VALUES ('0d0bc9a5-9091-489d-ad19-035ba91aa7a6', '47e4c624-bd43-4d23-9b6a-180d5d2dc8fa', '國立臺北科技大學', true, 1, '2026-03-05 16:13:20', '2026-03-05 16:13:20');
INSERT INTO "locations" ("id", "customer_id", "name", "address", "is_primary", "sort_order", "created_at", "updated_at") VALUES ('daecde71-673a-48eb-a0e1-1885bd622695', '47e4c624-bd43-4d23-9b6a-180d5d2dc8fa', '主要地址', '台北市忠孝東路三段1號 ( 國百館408)', true, 1, '2026-03-05 16:13:20', '2026-03-05 16:13:20');
INSERT INTO "contacts" ("id", "customer_id", "name", "phone", "mobile", "email", "fax", "is_primary", "sort_order", "created_at", "updated_at") VALUES ('a0649f72-d0d8-4c54-abac-70a6a4974e25', '47e4c624-bd43-4d23-9b6a-180d5d2dc8fa', '張先生', NULL, '0903-658-368', NULL, NULL, true, 1, '2026-03-05 16:13:20', '2026-03-05 16:13:20');
INSERT INTO "customers" ("id", "customer_number", "notes", "is_deleted", "created_at", "updated_at") VALUES ('f92891ab-4192-4a34-a129-0b984650ef1f', '20230111-C01', '原始報價編號: 20230111-007
報價紀錄: 20230111-007, 20240904-003
歷史成交數: 2', false, '2026-03-05 16:13:20', '2026-03-05 16:13:20');
INSERT INTO "company_names" ("id", "customer_id", "company_name", "is_primary", "sort_order", "created_at", "updated_at") VALUES ('664beb17-416f-47f2-a8fd-80e4485e894a', 'f92891ab-4192-4a34-a129-0b984650ef1f', '印象旅行社有限公司', true, 1, '2026-03-05 16:13:20', '2026-03-05 16:13:20');
INSERT INTO "locations" ("id", "customer_id", "name", "address", "is_primary", "sort_order", "created_at", "updated_at") VALUES ('9aa3b7e7-5483-4a63-8c32-bd77c381d662', 'f92891ab-4192-4a34-a129-0b984650ef1f', '主要地址', '台北市長安東路二段169號3樓之1', true, 1, '2026-03-05 16:13:20', '2026-03-05 16:13:20');
INSERT INTO "locations" ("id", "customer_id", "name", "address", "is_primary", "sort_order", "created_at", "updated_at") VALUES ('3e689ecc-86eb-425b-9f4d-89f7eef357e2', 'f92891ab-4192-4a34-a129-0b984650ef1f', '分支地址2', '台北市中山區長安東路二段169號3樓之1', false, 2, '2026-03-05 16:13:20', '2026-03-05 16:13:20');
INSERT INTO "contacts" ("id", "customer_id", "name", "phone", "mobile", "email", "fax", "is_primary", "sort_order", "created_at", "updated_at") VALUES ('069890f7-6013-48a6-9133-c039f44d6992', 'f92891ab-4192-4a34-a129-0b984650ef1f', '胡小姐', '02-2771-2881', NULL, NULL, NULL, true, 1, '2026-03-05 16:13:20', '2026-03-05 16:13:20');
INSERT INTO "customers" ("id", "customer_number", "notes", "is_deleted", "created_at", "updated_at") VALUES ('6e4cd4c5-da56-4dc6-9619-3f02dfb7598c', '20230119-C01', '原始報價編號: 20230119-009
報價紀錄: 20230119-009, 20241016-003, 20251111-008, 20251111-011
歷史成交數: 4', false, '2026-03-05 16:13:20', '2026-03-05 16:13:20');
INSERT INTO "company_names" ("id", "customer_id", "company_name", "is_primary", "sort_order", "created_at", "updated_at") VALUES ('53ae785f-9e45-4f3e-94d7-f308f9945312', '6e4cd4c5-da56-4dc6-9619-3f02dfb7598c', '桃園市基督權能福音協會', true, 1, '2026-03-05 16:13:20', '2026-03-05 16:13:20');
INSERT INTO "locations" ("id", "customer_id", "name", "address", "is_primary", "sort_order", "created_at", "updated_at") VALUES ('8a0e2dcf-ad8b-404f-8886-64612519bc0e', '6e4cd4c5-da56-4dc6-9619-3f02dfb7598c', '主要地址', '台北市大安區信義路四段1號B1', true, 1, '2026-03-05 16:13:20', '2026-03-05 16:13:20');
INSERT INTO "contacts" ("id", "customer_id", "name", "phone", "mobile", "email", "fax", "is_primary", "sort_order", "created_at", "updated_at") VALUES ('4990be71-71f0-45a1-9128-76880427229a', '6e4cd4c5-da56-4dc6-9619-3f02dfb7598c', '劉兆悅 先生', NULL, '0923-155-313', NULL, NULL, true, 1, '2026-03-05 16:13:20', '2026-03-05 16:13:20');
INSERT INTO "customers" ("id", "customer_number", "notes", "is_deleted", "created_at", "updated_at") VALUES ('7a874203-640a-4239-917c-cd0c654e19dd', '20230131-C01', '原始報價編號: 20230131-003
報價紀錄: 20230131-003
歷史成交數: 1', false, '2026-03-05 16:13:20', '2026-03-05 16:13:20');
INSERT INTO "company_names" ("id", "customer_id", "company_name", "is_primary", "sort_order", "created_at", "updated_at") VALUES ('6f3f9905-567a-479e-b282-d1feb2a7735a', '7a874203-640a-4239-917c-cd0c654e19dd', '宏辰印刷企業有限公司', true, 1, '2026-03-05 16:13:20', '2026-03-05 16:13:20');
INSERT INTO "locations" ("id", "customer_id", "name", "address", "is_primary", "sort_order", "created_at", "updated_at") VALUES ('3cfb13d4-0de1-4edb-980e-01328921974c', '7a874203-640a-4239-917c-cd0c654e19dd', '主要地址', '新北市中和區中正路922號4樓', true, 1, '2026-03-05 16:13:20', '2026-03-05 16:13:20');
INSERT INTO "contacts" ("id", "customer_id", "name", "phone", "mobile", "email", "fax", "is_primary", "sort_order", "created_at", "updated_at") VALUES ('eb185acb-2a75-45f1-8757-35e2dcca40b2', '7a874203-640a-4239-917c-cd0c654e19dd', '姜小姐', '02-2950-6655', NULL, NULL, NULL, true, 1, '2026-03-05 16:13:20', '2026-03-05 16:13:20');
INSERT INTO "customers" ("id", "customer_number", "notes", "is_deleted", "created_at", "updated_at") VALUES ('9d169ebf-385e-4f9d-be08-1caff5389a20', '20230201-C01', '原始報價編號: 20230201-003
報價紀錄: 20230201-003, 20250515-005
歷史成交數: 2', false, '2026-03-05 16:13:20', '2026-03-05 16:13:20');
INSERT INTO "company_names" ("id", "customer_id", "company_name", "is_primary", "sort_order", "created_at", "updated_at") VALUES ('da218fc8-9290-447c-a35e-124527ed3c74', '9d169ebf-385e-4f9d-be08-1caff5389a20', '樂宇宙科技股份有限公司', true, 1, '2026-03-05 16:13:20', '2026-03-05 16:13:20');
INSERT INTO "locations" ("id", "customer_id", "name", "address", "is_primary", "sort_order", "created_at", "updated_at") VALUES ('e1167741-51b7-4e31-89c1-a90c51e100e1', '9d169ebf-385e-4f9d-be08-1caff5389a20', '主要地址', '台北市中山區南京東路三段91號8樓A室', true, 1, '2026-03-05 16:13:20', '2026-03-05 16:13:20');
INSERT INTO "contacts" ("id", "customer_id", "name", "phone", "mobile", "email", "fax", "is_primary", "sort_order", "created_at", "updated_at") VALUES ('63981a7d-a9f9-4939-8c66-d083e91ab407', '9d169ebf-385e-4f9d-be08-1caff5389a20', '蔡宜樺 小姐', '02-2370-6680', '0905-833-189', NULL, NULL, true, 1, '2026-03-05 16:13:20', '2026-03-05 16:13:20');
INSERT INTO "contacts" ("id", "customer_id", "name", "phone", "mobile", "email", "fax", "is_primary", "sort_order", "created_at", "updated_at") VALUES ('189511c8-2f08-439b-9215-b14dbdd09291', '9d169ebf-385e-4f9d-be08-1caff5389a20', '曾黃湘柔 小姐', NULL, '0975-051-757', NULL, NULL, false, 2, '2026-03-05 16:13:20', '2026-03-05 16:13:20');
INSERT INTO "customers" ("id", "customer_number", "notes", "is_deleted", "created_at", "updated_at") VALUES ('f0384343-2c32-423f-8129-9a0cf266959d', '20230202-C01', '原始報價編號: 20230202-009
報價紀錄: 20230202-009, 20251209-003
歷史成交數: 2', false, '2026-03-05 16:13:20', '2026-03-05 16:13:20');
INSERT INTO "company_names" ("id", "customer_id", "company_name", "is_primary", "sort_order", "created_at", "updated_at") VALUES ('316682d9-dcc5-4dc7-9d01-c7166da2f7da', 'f0384343-2c32-423f-8129-9a0cf266959d', '璟天科技有限公司', true, 1, '2026-03-05 16:13:20', '2026-03-05 16:13:20');
INSERT INTO "locations" ("id", "customer_id", "name", "address", "is_primary", "sort_order", "created_at", "updated_at") VALUES ('e2d40f2d-dd2e-4964-a123-dd62a8ee6fbd', 'f0384343-2c32-423f-8129-9a0cf266959d', '主要地址', '新北市鶯歌區建國路399號1樓(金元福)', true, 1, '2026-03-05 16:13:20', '2026-03-05 16:13:20');
INSERT INTO "locations" ("id", "customer_id", "name", "address", "is_primary", "sort_order", "created_at", "updated_at") VALUES ('6913d12a-0fc3-432b-b023-591adcdc13c2', 'f0384343-2c32-423f-8129-9a0cf266959d', '分支地址2', '台北市士林區德行西路7號9樓(宏普太陽能)', false, 2, '2026-03-05 16:13:20', '2026-03-05 16:13:20');
INSERT INTO "contacts" ("id", "customer_id", "name", "phone", "mobile", "email", "fax", "is_primary", "sort_order", "created_at", "updated_at") VALUES ('ae8d4b8f-d1ef-4d66-be7e-29831d7630e5', 'f0384343-2c32-423f-8129-9a0cf266959d', '林克劦 先生', '02-2958-0955', '0912-861-881', NULL, NULL, true, 1, '2026-03-05 16:13:20', '2026-03-05 16:13:20');
INSERT INTO "contacts" ("id", "customer_id", "name", "phone", "mobile", "email", "fax", "is_primary", "sort_order", "created_at", "updated_at") VALUES ('54f4d836-42f2-45ac-9753-94e5249c9566', 'f0384343-2c32-423f-8129-9a0cf266959d', 'Alice', NULL, NULL, NULL, NULL, false, 2, '2026-03-05 16:13:20', '2026-03-05 16:13:20');
INSERT INTO "customers" ("id", "customer_number", "notes", "is_deleted", "created_at", "updated_at") VALUES ('e8972f8e-a970-43de-bb31-02c11e095a09', '20230206-C01', '原始報價編號: 20230206-008
報價紀錄: 20230206-008
歷史成交數: 1', false, '2026-03-05 16:13:20', '2026-03-05 16:13:20');
INSERT INTO "company_names" ("id", "customer_id", "company_name", "is_primary", "sort_order", "created_at", "updated_at") VALUES ('461d0264-24cd-43ba-be2c-5d6e52428176', 'e8972f8e-a970-43de-bb31-02c11e095a09', '數位峰科技股份有限公司', true, 1, '2026-03-05 16:13:20', '2026-03-05 16:13:20');
INSERT INTO "locations" ("id", "customer_id", "name", "address", "is_primary", "sort_order", "created_at", "updated_at") VALUES ('15d6d0c1-a40c-40bf-850f-a168b56a6276', 'e8972f8e-a970-43de-bb31-02c11e095a09', '主要地址', '台北市大安區忠孝東路四段303號8樓A室', true, 1, '2026-03-05 16:13:20', '2026-03-05 16:13:20');
INSERT INTO "contacts" ("id", "customer_id", "name", "phone", "mobile", "email", "fax", "is_primary", "sort_order", "created_at", "updated_at") VALUES ('d86c3975-c466-4b4e-b3df-7097af3a75b2', 'e8972f8e-a970-43de-bb31-02c11e095a09', '尹小姐', '02-2711-5352', NULL, NULL, NULL, true, 1, '2026-03-05 16:13:20', '2026-03-05 16:13:20');
INSERT INTO "customers" ("id", "customer_number", "notes", "is_deleted", "created_at", "updated_at") VALUES ('0ff9dfb0-f9e2-445c-b576-4d8454a66e18', '20230213-C01', '原始報價編號: 20230213-009
報價紀錄: 20230213-009, 20241104-006, 20241106-002
歷史成交數: 3', false, '2026-03-05 16:13:20', '2026-03-05 16:13:20');
INSERT INTO "company_names" ("id", "customer_id", "company_name", "is_primary", "sort_order", "created_at", "updated_at") VALUES ('ed9bfc52-d31a-49d2-af6b-2581a99ccb3e', '0ff9dfb0-f9e2-445c-b576-4d8454a66e18', '台灣創意空間事業有限公司', true, 1, '2026-03-05 16:13:20', '2026-03-05 16:13:20');
INSERT INTO "locations" ("id", "customer_id", "name", "address", "is_primary", "sort_order", "created_at", "updated_at") VALUES ('37bfe594-4661-4e6f-8da6-51bbc25a9d01', '0ff9dfb0-f9e2-445c-b576-4d8454a66e18', '主要地址', '台北市北投區公館路301巷5號4樓', true, 1, '2026-03-05 16:13:20', '2026-03-05 16:13:20');
INSERT INTO "locations" ("id", "customer_id", "name", "address", "is_primary", "sort_order", "created_at", "updated_at") VALUES ('e8bf90a3-93b6-48dd-ba1b-de34946ce147', '0ff9dfb0-f9e2-445c-b576-4d8454a66e18', '分支地址2', '台北市中山區松江路131號2樓之1', false, 2, '2026-03-05 16:13:20', '2026-03-05 16:13:20');
INSERT INTO "contacts" ("id", "customer_id", "name", "phone", "mobile", "email", "fax", "is_primary", "sort_order", "created_at", "updated_at") VALUES ('550a2e39-44e5-4e8c-b481-8540fe6997d2', '0ff9dfb0-f9e2-445c-b576-4d8454a66e18', 'Erica', '02-5574-6192', '0988-307-622', NULL, NULL, true, 1, '2026-03-05 16:13:20', '2026-03-05 16:13:20');
INSERT INTO "contacts" ("id", "customer_id", "name", "phone", "mobile", "email", "fax", "is_primary", "sort_order", "created_at", "updated_at") VALUES ('0b45b6b3-0877-48c5-a319-c972d18ada50', '0ff9dfb0-f9e2-445c-b576-4d8454a66e18', '陳余浲 先生', NULL, NULL, NULL, NULL, false, 2, '2026-03-05 16:13:20', '2026-03-05 16:13:20');
INSERT INTO "customers" ("id", "customer_number", "notes", "is_deleted", "created_at", "updated_at") VALUES ('c0d120c3-ad88-4ce5-91e5-9f7d9ce6a6f4', '20230223-C01', '原始報價編號: 20230223-005
報價紀錄: 20230223-005, 20250819-007, 20250903-008, 20250904-005, 20250910-005
歷史成交數: 5', false, '2026-03-05 16:13:20', '2026-03-05 16:13:20');
INSERT INTO "company_names" ("id", "customer_id", "company_name", "is_primary", "sort_order", "created_at", "updated_at") VALUES ('f6caf150-76b2-4be0-b7a1-3385a735b968', 'c0d120c3-ad88-4ce5-91e5-9f7d9ce6a6f4', '輝台股份有限公司', true, 1, '2026-03-05 16:13:20', '2026-03-05 16:13:20');
INSERT INTO "locations" ("id", "customer_id", "name", "address", "is_primary", "sort_order", "created_at", "updated_at") VALUES ('793d4c9a-f03c-4cec-9453-6d31f6315adf', 'c0d120c3-ad88-4ce5-91e5-9f7d9ce6a6f4', '主要地址', '台北市松山區南京東路4段75號8樓', true, 1, '2026-03-05 16:13:20', '2026-03-05 16:13:20');
INSERT INTO "locations" ("id", "customer_id", "name", "address", "is_primary", "sort_order", "created_at", "updated_at") VALUES ('2b619035-5e2a-478d-bbb1-684cd9e91280', 'c0d120c3-ad88-4ce5-91e5-9f7d9ce6a6f4', '分支地址2', '台北市松山區南京東路四段75號8樓', false, 2, '2026-03-05 16:13:20', '2026-03-05 16:13:20');
INSERT INTO "contacts" ("id", "customer_id", "name", "phone", "mobile", "email", "fax", "is_primary", "sort_order", "created_at", "updated_at") VALUES ('b5062aba-33ff-4914-bd71-b5aa1ab59800', 'c0d120c3-ad88-4ce5-91e5-9f7d9ce6a6f4', '戴小姐', '02-2715-2508 #15', NULL, NULL, NULL, true, 1, '2026-03-05 16:13:20', '2026-03-05 16:13:20');
INSERT INTO "customers" ("id", "customer_number", "notes", "is_deleted", "created_at", "updated_at") VALUES ('7d05a9a6-e515-4960-9af3-6172c9b79a31', '20230223-C02', '原始報價編號: 20230223-017
報價紀錄: 20230223-017
歷史成交數: 1', false, '2026-03-05 16:13:20', '2026-03-05 16:13:20');
INSERT INTO "company_names" ("id", "customer_id", "company_name", "is_primary", "sort_order", "created_at", "updated_at") VALUES ('88f83df9-76be-4dcd-ae31-ff0e9c338669', '7d05a9a6-e515-4960-9af3-6172c9b79a31', '永承開發科技有限公司', true, 1, '2026-03-05 16:13:20', '2026-03-05 16:13:20');
INSERT INTO "locations" ("id", "customer_id", "name", "address", "is_primary", "sort_order", "created_at", "updated_at") VALUES ('14bd04f7-583f-45d4-af26-5456668a2671', '7d05a9a6-e515-4960-9af3-6172c9b79a31', '主要地址', '桃園市蘆竹區中興一街61巷1號', true, 1, '2026-03-05 16:13:20', '2026-03-05 16:13:20');
INSERT INTO "contacts" ("id", "customer_id", "name", "phone", "mobile", "email", "fax", "is_primary", "sort_order", "created_at", "updated_at") VALUES ('aba7f5ad-7803-428f-8058-574f84f7e99e', '7d05a9a6-e515-4960-9af3-6172c9b79a31', '朱慧菁 小姐', '03-3230-865', '0975-912-398', NULL, NULL, true, 1, '2026-03-05 16:13:20', '2026-03-05 16:13:20');
INSERT INTO "customers" ("id", "customer_number", "notes", "is_deleted", "created_at", "updated_at") VALUES ('161e2f5e-c18c-4bdd-bfbd-ebe9b8b8b39e', '20230303-C01', '原始報價編號: 20230303-005
報價紀錄: 20230303-005, 20230309-007
歷史成交數: 2', false, '2026-03-05 16:13:20', '2026-03-05 16:13:20');
INSERT INTO "locations" ("id", "customer_id", "name", "address", "is_primary", "sort_order", "created_at", "updated_at") VALUES ('04734039-7e5c-479e-9113-5c681a9e0f9a', '161e2f5e-c18c-4bdd-bfbd-ebe9b8b8b39e', '主要地址', '台北市文山區辛亥路四段214號', true, 1, '2026-03-05 16:13:20', '2026-03-05 16:13:20');
INSERT INTO "locations" ("id", "customer_id", "name", "address", "is_primary", "sort_order", "created_at", "updated_at") VALUES ('bf0c5187-407a-4674-9116-7d6a88f52532', '161e2f5e-c18c-4bdd-bfbd-ebe9b8b8b39e', '分支地址2', '台北市文山區和平東路四段69號1樓', false, 2, '2026-03-05 16:13:20', '2026-03-05 16:13:20');
INSERT INTO "contacts" ("id", "customer_id", "name", "phone", "mobile", "email", "fax", "is_primary", "sort_order", "created_at", "updated_at") VALUES ('72419228-3544-4a1e-85c1-7b3fc76113e4', '161e2f5e-c18c-4bdd-bfbd-ebe9b8b8b39e', '劉先生', NULL, '0986-772-325', NULL, NULL, true, 1, '2026-03-05 16:13:20', '2026-03-05 16:13:20');
INSERT INTO "customers" ("id", "customer_number", "notes", "is_deleted", "created_at", "updated_at") VALUES ('345af82d-a51d-434c-b701-dbff06b2b186', '20230307-C01', '原始報價編號: 20230307-008
報價紀錄: 20230307-008
歷史成交數: 1', false, '2026-03-05 16:13:20', '2026-03-05 16:13:20');
INSERT INTO "locations" ("id", "customer_id", "name", "address", "is_primary", "sort_order", "created_at", "updated_at") VALUES ('d32374c6-02b3-462c-8e99-23162782f191', '345af82d-a51d-434c-b701-dbff06b2b186', '主要地址', '新北市林口區公園路193號1樓', true, 1, '2026-03-05 16:13:20', '2026-03-05 16:13:20');
INSERT INTO "contacts" ("id", "customer_id", "name", "phone", "mobile", "email", "fax", "is_primary", "sort_order", "created_at", "updated_at") VALUES ('23502049-bba9-485d-a60a-186fef0fcdc3', '345af82d-a51d-434c-b701-dbff06b2b186', 'Jusmin', NULL, NULL, NULL, NULL, true, 1, '2026-03-05 16:13:20', '2026-03-05 16:13:20');
INSERT INTO "customers" ("id", "customer_number", "notes", "is_deleted", "created_at", "updated_at") VALUES ('4295c8c3-621a-4708-b25e-859661e467d9', '20230309-C01', '原始報價編號: 20230309-011
報價紀錄: 20230309-011
歷史成交數: 1', false, '2026-03-05 16:13:20', '2026-03-05 16:13:20');
INSERT INTO "locations" ("id", "customer_id", "name", "address", "is_primary", "sort_order", "created_at", "updated_at") VALUES ('ef51fccd-d234-4cca-bdc3-62716d5badac', '4295c8c3-621a-4708-b25e-859661e467d9', '主要地址', '台北市大安區信義路四段30巷4號4樓', true, 1, '2026-03-05 16:13:20', '2026-03-05 16:13:20');
INSERT INTO "contacts" ("id", "customer_id", "name", "phone", "mobile", "email", "fax", "is_primary", "sort_order", "created_at", "updated_at") VALUES ('cd3d70d4-71ca-4216-8e24-39aa0310b9be', '4295c8c3-621a-4708-b25e-859661e467d9', '白先生', NULL, '0989-689-596', NULL, NULL, true, 1, '2026-03-05 16:13:20', '2026-03-05 16:13:20');
INSERT INTO "customers" ("id", "customer_number", "notes", "is_deleted", "created_at", "updated_at") VALUES ('04d0d02d-6aa4-4a62-9008-8a302ef7ad45', '20230314-C01', '原始報價編號: 20230314-007
報價紀錄: 20230314-007
歷史成交數: 1', false, '2026-03-05 16:13:20', '2026-03-05 16:13:20');
INSERT INTO "company_names" ("id", "customer_id", "company_name", "is_primary", "sort_order", "created_at", "updated_at") VALUES ('8c896cd1-c9ac-405a-8f36-2e95c091232f', '04d0d02d-6aa4-4a62-9008-8a302ef7ad45', '苑景有限公司', true, 1, '2026-03-05 16:13:20', '2026-03-05 16:13:20');
INSERT INTO "locations" ("id", "customer_id", "name", "address", "is_primary", "sort_order", "created_at", "updated_at") VALUES ('a8ed1ac5-3dc6-416e-975e-be57f21f4493', '04d0d02d-6aa4-4a62-9008-8a302ef7ad45', '主要地址', '台北市松山區基隆路一段8號5樓之1', true, 1, '2026-03-05 16:13:20', '2026-03-05 16:13:20');
INSERT INTO "contacts" ("id", "customer_id", "name", "phone", "mobile", "email", "fax", "is_primary", "sort_order", "created_at", "updated_at") VALUES ('59dad55a-75d0-43ae-91e8-9719c3cb647d', '04d0d02d-6aa4-4a62-9008-8a302ef7ad45', '余先生', NULL, '0922-888-448', NULL, NULL, true, 1, '2026-03-05 16:13:20', '2026-03-05 16:13:20');
INSERT INTO "customers" ("id", "customer_number", "notes", "is_deleted", "created_at", "updated_at") VALUES ('9868e3f3-52fe-4622-95bb-89488ef6e755', '20230315-C01', '原始報價編號: 20230315-003
報價紀錄: 20230315-003
歷史成交數: 1', false, '2026-03-05 16:13:20', '2026-03-05 16:13:20');
INSERT INTO "company_names" ("id", "customer_id", "company_name", "is_primary", "sort_order", "created_at", "updated_at") VALUES ('d4cac20b-d367-41e2-8f41-3f30a68f864f', '9868e3f3-52fe-4622-95bb-89488ef6e755', '中華民國旅行業品質保障協會', true, 1, '2026-03-05 16:13:20', '2026-03-05 16:13:20');
INSERT INTO "locations" ("id", "customer_id", "name", "address", "is_primary", "sort_order", "created_at", "updated_at") VALUES ('91205669-ed30-4aa3-9986-386f665986cf', '9868e3f3-52fe-4622-95bb-89488ef6e755', '主要地址', '台北市民權東路二段9號9樓', true, 1, '2026-03-05 16:13:20', '2026-03-05 16:13:20');
INSERT INTO "contacts" ("id", "customer_id", "name", "phone", "mobile", "email", "fax", "is_primary", "sort_order", "created_at", "updated_at") VALUES ('dd9f761f-c908-4b04-8e5d-0be22d8eff8e', '9868e3f3-52fe-4622-95bb-89488ef6e755', '鄭小姐', '02-2599-5088 #29', NULL, NULL, NULL, true, 1, '2026-03-05 16:13:20', '2026-03-05 16:13:20');
INSERT INTO "customers" ("id", "customer_number", "notes", "is_deleted", "created_at", "updated_at") VALUES ('8776e18b-3c9f-4d35-8ae9-590d5e839c98', '20230315-C02', '原始報價編號: 20230315-003
報價紀錄: 20230315-003
歷史成交數: 1', false, '2026-03-05 16:13:20', '2026-03-05 16:13:20');
INSERT INTO "company_names" ("id", "customer_id", "company_name", "is_primary", "sort_order", "created_at", "updated_at") VALUES ('1005b03c-823c-44c7-8ad5-c70cef431a62', '8776e18b-3c9f-4d35-8ae9-590d5e839c98', '創堂廣告股份有限公司', true, 1, '2026-03-05 16:13:20', '2026-03-05 16:13:20');
INSERT INTO "locations" ("id", "customer_id", "name", "address", "is_primary", "sort_order", "created_at", "updated_at") VALUES ('01be8d30-c462-44fe-a37e-67c807661254', '8776e18b-3c9f-4d35-8ae9-590d5e839c98', '主要地址', '台中市北屯區軍福十八路328號(葳格國際會議中心)', true, 1, '2026-03-05 16:13:20', '2026-03-05 16:13:20');
INSERT INTO "contacts" ("id", "customer_id", "name", "phone", "mobile", "email", "fax", "is_primary", "sort_order", "created_at", "updated_at") VALUES ('889968cb-21b4-43b3-8d8b-5d5c2cffd27a', '8776e18b-3c9f-4d35-8ae9-590d5e839c98', '羅逸琨 先生', NULL, NULL, NULL, NULL, true, 1, '2026-03-05 16:13:20', '2026-03-05 16:13:20');
INSERT INTO "customers" ("id", "customer_number", "notes", "is_deleted", "created_at", "updated_at") VALUES ('0be7d77f-737c-499c-b39c-75b09d6e0f6b', '20230317-C01', '原始報價編號: 20230317-003
報價紀錄: 20230317-003, 20230327-015
歷史成交數: 2', false, '2026-03-05 16:13:20', '2026-03-05 16:13:20');
INSERT INTO "locations" ("id", "customer_id", "name", "address", "is_primary", "sort_order", "created_at", "updated_at") VALUES ('ec823f53-4263-4373-9a4b-33f90d516497', '0be7d77f-737c-499c-b39c-75b09d6e0f6b', '主要地址', '台北市士林區中山北路六段405巷22號3樓', true, 1, '2026-03-05 16:13:20', '2026-03-05 16:13:20');
INSERT INTO "locations" ("id", "customer_id", "name", "address", "is_primary", "sort_order", "created_at", "updated_at") VALUES ('370229d0-2b7c-4b72-a80f-8cf3dd2f8a36', '0be7d77f-737c-499c-b39c-75b09d6e0f6b', '分支地址2', '台北市士林區中山北路六段405巷22號', false, 2, '2026-03-05 16:13:20', '2026-03-05 16:13:20');
INSERT INTO "contacts" ("id", "customer_id", "name", "phone", "mobile", "email", "fax", "is_primary", "sort_order", "created_at", "updated_at") VALUES ('d229d35a-46f9-48b7-9e80-05127b602bd8', '0be7d77f-737c-499c-b39c-75b09d6e0f6b', 'Robin Lien', NULL, '0952-628-882', NULL, NULL, true, 1, '2026-03-05 16:13:20', '2026-03-05 16:13:20');
INSERT INTO "customers" ("id", "customer_number", "notes", "is_deleted", "created_at", "updated_at") VALUES ('a44a8a49-7d76-46e0-9de4-bdb50b979682', '20230327-C01', '原始報價編號: 20230327-008
報價紀錄: 20230327-008
歷史成交數: 1', false, '2026-03-05 16:13:20', '2026-03-05 16:13:20');
INSERT INTO "locations" ("id", "customer_id", "name", "address", "is_primary", "sort_order", "created_at", "updated_at") VALUES ('933878e1-8274-4fc0-acc9-6611dba8b875', 'a44a8a49-7d76-46e0-9de4-bdb50b979682', '主要地址', '台北市松山區健康路156號5樓', true, 1, '2026-03-05 16:13:20', '2026-03-05 16:13:20');
INSERT INTO "contacts" ("id", "customer_id", "name", "phone", "mobile", "email", "fax", "is_primary", "sort_order", "created_at", "updated_at") VALUES ('fc0e5496-1752-4896-a57c-224d64a75ee6', 'a44a8a49-7d76-46e0-9de4-bdb50b979682', '戴伊君 小姐', NULL, '0917-926-281', NULL, NULL, true, 1, '2026-03-05 16:13:20', '2026-03-05 16:13:20');
INSERT INTO "customers" ("id", "customer_number", "notes", "is_deleted", "created_at", "updated_at") VALUES ('b70eaee5-d255-4f0d-ad64-3dd8d94b5536', '20230327-C02', '原始報價編號: 20230327-009
報價紀錄: 20230327-009
歷史成交數: 1', false, '2026-03-05 16:13:20', '2026-03-05 16:13:20');
INSERT INTO "company_names" ("id", "customer_id", "company_name", "is_primary", "sort_order", "created_at", "updated_at") VALUES ('2320227f-1bb6-4beb-8ac1-9ac1fe9f2cfa', 'b70eaee5-d255-4f0d-ad64-3dd8d94b5536', '台灣英文雜誌社股份有限公司', true, 1, '2026-03-05 16:13:20', '2026-03-05 16:13:20');
INSERT INTO "locations" ("id", "customer_id", "name", "address", "is_primary", "sort_order", "created_at", "updated_at") VALUES ('b515e6b4-27f0-4352-9355-f1c94f81ec0c', 'b70eaee5-d255-4f0d-ad64-3dd8d94b5536', '主要地址', '台北市長沙街二段66號', true, 1, '2026-03-05 16:13:20', '2026-03-05 16:13:20');
INSERT INTO "contacts" ("id", "customer_id", "name", "phone", "mobile", "email", "fax", "is_primary", "sort_order", "created_at", "updated_at") VALUES ('98584cf5-9fb5-487e-8010-b0f303aa33d3', 'b70eaee5-d255-4f0d-ad64-3dd8d94b5536', '莊得利 先生', '02-2361-2151 #101', '0972-480-211', NULL, NULL, true, 1, '2026-03-05 16:13:20', '2026-03-05 16:13:20');
INSERT INTO "customers" ("id", "customer_number", "notes", "is_deleted", "created_at", "updated_at") VALUES ('19a49003-0a36-4f09-b951-193170c5e29e', '20230419-C01', '原始報價編號: 20230419-003
報價紀錄: 20230419-003, 20241009-005, 20241009-006, 20241104-005
歷史成交數: 4', false, '2026-03-05 16:13:20', '2026-03-05 16:13:20');
INSERT INTO "company_names" ("id", "customer_id", "company_name", "is_primary", "sort_order", "created_at", "updated_at") VALUES ('6f6fcf23-9529-4bd9-8446-9b3b43154c0c', '19a49003-0a36-4f09-b951-193170c5e29e', '閣樓婚禮顧問公司', true, 1, '2026-03-05 16:13:20', '2026-03-05 16:13:20');
INSERT INTO "locations" ("id", "customer_id", "name", "address", "is_primary", "sort_order", "created_at", "updated_at") VALUES ('0c83e7ee-5976-4910-a04d-f1293e8963d1', '19a49003-0a36-4f09-b951-193170c5e29e', '主要地址', '台北市中山區中山北路二段128巷15之1號1樓', true, 1, '2026-03-05 16:13:20', '2026-03-05 16:13:20');
INSERT INTO "locations" ("id", "customer_id", "name", "address", "is_primary", "sort_order", "created_at", "updated_at") VALUES ('1075ac8e-1a06-4e5c-97cc-74d0e2683fb8', '19a49003-0a36-4f09-b951-193170c5e29e', '分支地址2', '台北市中山區中山北路二段50巷37號1樓', false, 2, '2026-03-05 16:13:20', '2026-03-05 16:13:20');
INSERT INTO "contacts" ("id", "customer_id", "name", "phone", "mobile", "email", "fax", "is_primary", "sort_order", "created_at", "updated_at") VALUES ('cbb00730-e2d0-4e05-9d96-e4107b982f73', '19a49003-0a36-4f09-b951-193170c5e29e', '李小姐', '02-2541-0777', '0926-960-931', NULL, NULL, true, 1, '2026-03-05 16:13:20', '2026-03-05 16:13:20');
INSERT INTO "customers" ("id", "customer_number", "notes", "is_deleted", "created_at", "updated_at") VALUES ('58ead9b9-4703-4af8-865b-e59813783b7d', '20230421-C01', '原始報價編號: 20230421-005
報價紀錄: 20230421-005
歷史成交數: 1', false, '2026-03-05 16:13:20', '2026-03-05 16:13:20');
INSERT INTO "company_names" ("id", "customer_id", "company_name", "is_primary", "sort_order", "created_at", "updated_at") VALUES ('7b60730e-b799-4ec0-a02a-da8e3f10987f', '58ead9b9-4703-4af8-865b-e59813783b7d', '國立臺灣大學-食品科技研究所', true, 1, '2026-03-05 16:13:20', '2026-03-05 16:13:20');
INSERT INTO "locations" ("id", "customer_id", "name", "address", "is_primary", "sort_order", "created_at", "updated_at") VALUES ('2d756fb3-e7cf-4ab4-8268-3224ec80f902', '58ead9b9-4703-4af8-865b-e59813783b7d', '主要地址', '台北市大安區基隆路四段144巷59號', true, 1, '2026-03-05 16:13:20', '2026-03-05 16:13:20');
INSERT INTO "contacts" ("id", "customer_id", "name", "phone", "mobile", "email", "fax", "is_primary", "sort_order", "created_at", "updated_at") VALUES ('4a4e8af5-9929-4934-9959-26f8a96a574b', '58ead9b9-4703-4af8-865b-e59813783b7d', '李月嘉 小姐', '02-3366-4125', '0956-171-007', NULL, NULL, true, 1, '2026-03-05 16:13:20', '2026-03-05 16:13:20');
INSERT INTO "customers" ("id", "customer_number", "notes", "is_deleted", "created_at", "updated_at") VALUES ('336156ce-e411-4435-ad23-dc0da5c3696a', '20230503-C01', '原始報價編號: 20230503-005
報價紀錄: 20230503-005, 20250513-005
歷史成交數: 2', false, '2026-03-05 16:13:20', '2026-03-05 16:13:20');
INSERT INTO "company_names" ("id", "customer_id", "company_name", "is_primary", "sort_order", "created_at", "updated_at") VALUES ('873e5198-b874-46ff-92ab-e36b0a9e298e', '336156ce-e411-4435-ad23-dc0da5c3696a', '深禾醫學科技股份有限公司', true, 1, '2026-03-05 16:13:20', '2026-03-05 16:13:20');
INSERT INTO "locations" ("id", "customer_id", "name", "address", "is_primary", "sort_order", "created_at", "updated_at") VALUES ('654757ff-38c1-4fed-bba6-21811e5439d1', '336156ce-e411-4435-ad23-dc0da5c3696a', '主要地址', '台北市大安區羅斯福路三段261號6樓', true, 1, '2026-03-05 16:13:20', '2026-03-05 16:13:20');
INSERT INTO "contacts" ("id", "customer_id", "name", "phone", "mobile", "email", "fax", "is_primary", "sort_order", "created_at", "updated_at") VALUES ('2c15f5da-1108-4621-ace1-8ae5b77ee52f', '336156ce-e411-4435-ad23-dc0da5c3696a', '鄧小姐', '02-2369-7639 #139', NULL, NULL, NULL, true, 1, '2026-03-05 16:13:20', '2026-03-05 16:13:20');
INSERT INTO "contacts" ("id", "customer_id", "name", "phone", "mobile", "email", "fax", "is_primary", "sort_order", "created_at", "updated_at") VALUES ('b7ec5f13-b881-482e-a501-8075a8038d23', '336156ce-e411-4435-ad23-dc0da5c3696a', '杜宜蓁 小姐', '02-2369-7639', NULL, NULL, NULL, false, 2, '2026-03-05 16:13:20', '2026-03-05 16:13:20');
INSERT INTO "customers" ("id", "customer_number", "notes", "is_deleted", "created_at", "updated_at") VALUES ('b68f7c0c-6a15-410c-a7eb-e010d3371b84', '20230504-C01', '原始報價編號: 20230504-005
報價紀錄: 20230504-005
歷史成交數: 1', false, '2026-03-05 16:13:20', '2026-03-05 16:13:20');
INSERT INTO "company_names" ("id", "customer_id", "company_name", "is_primary", "sort_order", "created_at", "updated_at") VALUES ('b67f3d6b-1d8b-4d3a-a1ab-f445f31ae211', 'b68f7c0c-6a15-410c-a7eb-e010d3371b84', '樺緯物聯股份有限公司', true, 1, '2026-03-05 16:13:20', '2026-03-05 16:13:20');
INSERT INTO "locations" ("id", "customer_id", "name", "address", "is_primary", "sort_order", "created_at", "updated_at") VALUES ('c09c7463-1121-4be1-b5d7-e96a18806667', 'b68f7c0c-6a15-410c-a7eb-e010d3371b84', '主要地址', '新北市汐止區新台五路一段81號16樓之1', true, 1, '2026-03-05 16:13:20', '2026-03-05 16:13:20');
INSERT INTO "contacts" ("id", "customer_id", "name", "phone", "mobile", "email", "fax", "is_primary", "sort_order", "created_at", "updated_at") VALUES ('8af3d0da-0a42-4b97-9323-0b3345ad314a', 'b68f7c0c-6a15-410c-a7eb-e010d3371b84', '周先生', '02-8698-4245', NULL, NULL, NULL, true, 1, '2026-03-05 16:13:20', '2026-03-05 16:13:20');
INSERT INTO "customers" ("id", "customer_number", "notes", "is_deleted", "created_at", "updated_at") VALUES ('4cfb36a7-b3b8-4e75-8bb8-e3c453dd3f42', '20230508-C01', '原始報價編號: 20230508-009
報價紀錄: 20230508-009, 20240223-007
歷史成交數: 2', false, '2026-03-05 16:13:20', '2026-03-05 16:13:20');
INSERT INTO "company_names" ("id", "customer_id", "company_name", "is_primary", "sort_order", "created_at", "updated_at") VALUES ('00a97b58-23f9-417e-85b5-9958513ecf56', '4cfb36a7-b3b8-4e75-8bb8-e3c453dd3f42', '偉聯科技股份有限公司', true, 1, '2026-03-05 16:13:20', '2026-03-05 16:13:20');
INSERT INTO "locations" ("id", "customer_id", "name", "address", "is_primary", "sort_order", "created_at", "updated_at") VALUES ('ff244727-e80f-4bd7-bb20-6fb3ca4d76e7', '4cfb36a7-b3b8-4e75-8bb8-e3c453dd3f42', '主要地址', '台北市南港區園區街3之1號5樓之1', true, 1, '2026-03-05 16:13:20', '2026-03-05 16:13:20');
INSERT INTO "contacts" ("id", "customer_id", "name", "phone", "mobile", "email", "fax", "is_primary", "sort_order", "created_at", "updated_at") VALUES ('3b205113-64c3-4f15-9a59-55a6de0dab18', '4cfb36a7-b3b8-4e75-8bb8-e3c453dd3f42', '林先生', '02-2655-8080 #702', NULL, NULL, NULL, true, 1, '2026-03-05 16:13:20', '2026-03-05 16:13:20');
INSERT INTO "customers" ("id", "customer_number", "notes", "is_deleted", "created_at", "updated_at") VALUES ('180e3436-9744-4b33-830b-a53d5a7396f0', '20230512-C01', '原始報價編號: 20230512-007
報價紀錄: 20230512-007, 20250529-009
歷史成交數: 2', false, '2026-03-05 16:13:20', '2026-03-05 16:13:20');
INSERT INTO "company_names" ("id", "customer_id", "company_name", "is_primary", "sort_order", "created_at", "updated_at") VALUES ('5cf6a858-578f-4def-b28e-f548873ca7b3', '180e3436-9744-4b33-830b-a53d5a7396f0', '先聲數位服務有限公司', true, 1, '2026-03-05 16:13:20', '2026-03-05 16:13:20');
INSERT INTO "locations" ("id", "customer_id", "name", "address", "is_primary", "sort_order", "created_at", "updated_at") VALUES ('7af22afe-40a0-44b9-a0d3-9b50199172a0', '180e3436-9744-4b33-830b-a53d5a7396f0', '主要地址', '台北市中山區南京東路二段90號19樓', true, 1, '2026-03-05 16:13:20', '2026-03-05 16:13:20');
INSERT INTO "contacts" ("id", "customer_id", "name", "phone", "mobile", "email", "fax", "is_primary", "sort_order", "created_at", "updated_at") VALUES ('3ff9a26c-1d90-450f-b6bf-632c12132aec', '180e3436-9744-4b33-830b-a53d5a7396f0', 'Fion Song', '02-2704-3883', '0901-272-388', NULL, NULL, true, 1, '2026-03-05 16:13:20', '2026-03-05 16:13:20');
INSERT INTO "contacts" ("id", "customer_id", "name", "phone", "mobile", "email", "fax", "is_primary", "sort_order", "created_at", "updated_at") VALUES ('8f79b42a-646d-441e-af21-6145b8489fba', '180e3436-9744-4b33-830b-a53d5a7396f0', '呂小姐', '02-2704-3883 #108', NULL, NULL, NULL, false, 2, '2026-03-05 16:13:20', '2026-03-05 16:13:20');
INSERT INTO "customers" ("id", "customer_number", "notes", "is_deleted", "created_at", "updated_at") VALUES ('68032720-3afe-49e0-98f1-0273894e1b3a', '20230517-C01', '原始報價編號: 20230517-003
報價紀錄: 20230517-003, 20230523-003
歷史成交數: 2', false, '2026-03-05 16:13:20', '2026-03-05 16:13:20');
INSERT INTO "company_names" ("id", "customer_id", "company_name", "is_primary", "sort_order", "created_at", "updated_at") VALUES ('7c288ec3-bdbc-4711-9c6e-6eac71106758', '68032720-3afe-49e0-98f1-0273894e1b3a', '宜盛企業有限公司', true, 1, '2026-03-05 16:13:20', '2026-03-05 16:13:20');
INSERT INTO "locations" ("id", "customer_id", "name", "address", "is_primary", "sort_order", "created_at", "updated_at") VALUES ('2e8e3953-6997-4088-a229-b293cd6579ec', '68032720-3afe-49e0-98f1-0273894e1b3a', '主要地址', '新北市中和區橋安街1號5樓', true, 1, '2026-03-05 16:13:20', '2026-03-05 16:13:20');
INSERT INTO "contacts" ("id", "customer_id", "name", "phone", "mobile", "email", "fax", "is_primary", "sort_order", "created_at", "updated_at") VALUES ('79cb3da8-05fd-4061-9477-2ab8b592c365', '68032720-3afe-49e0-98f1-0273894e1b3a', '馬偲晏 小姐', NULL, '0972-306-091', NULL, NULL, true, 1, '2026-03-05 16:13:20', '2026-03-05 16:13:20');
INSERT INTO "customers" ("id", "customer_number", "notes", "is_deleted", "created_at", "updated_at") VALUES ('4a1bff83-11e4-4a7f-b362-43e255e604be', '20230523-C01', '原始報價編號: 20230523-005
報價紀錄: 20230523-005
歷史成交數: 1', false, '2026-03-05 16:13:20', '2026-03-05 16:13:20');
INSERT INTO "company_names" ("id", "customer_id", "company_name", "is_primary", "sort_order", "created_at", "updated_at") VALUES ('95983300-7fb1-44fa-b2da-c9b6f02ae8ac', '4a1bff83-11e4-4a7f-b362-43e255e604be', '昕城貿易有限公司', true, 1, '2026-03-05 16:13:20', '2026-03-05 16:13:20');
INSERT INTO "locations" ("id", "customer_id", "name", "address", "is_primary", "sort_order", "created_at", "updated_at") VALUES ('f1f720ef-4f3e-43d2-a33f-00f73e59791a', '4a1bff83-11e4-4a7f-b362-43e255e604be', '主要地址', '台北市大安區復興南路一段127號4樓之3', true, 1, '2026-03-05 16:13:20', '2026-03-05 16:13:20');
INSERT INTO "contacts" ("id", "customer_id", "name", "phone", "mobile", "email", "fax", "is_primary", "sort_order", "created_at", "updated_at") VALUES ('721eb0dc-ba94-43c1-8174-c56f13742d73', '4a1bff83-11e4-4a7f-b362-43e255e604be', '鍾小姐', '02-2751-5000', NULL, NULL, NULL, true, 1, '2026-03-05 16:13:20', '2026-03-05 16:13:20');
INSERT INTO "customers" ("id", "customer_number", "notes", "is_deleted", "created_at", "updated_at") VALUES ('012055cb-397a-4c3e-b919-1d9b0fb57972', '20230530-C01', '原始報價編號: 20230530-006
報價紀錄: 20230530-006
歷史成交數: 1', false, '2026-03-05 16:13:20', '2026-03-05 16:13:20');
INSERT INTO "company_names" ("id", "customer_id", "company_name", "is_primary", "sort_order", "created_at", "updated_at") VALUES ('a68b4d10-3d1a-4fb6-8648-35500939927a', '012055cb-397a-4c3e-b919-1d9b0fb57972', '友嘉實業股份有限公司', true, 1, '2026-03-05 16:13:20', '2026-03-05 16:13:20');
INSERT INTO "locations" ("id", "customer_id", "name", "address", "is_primary", "sort_order", "created_at", "updated_at") VALUES ('a5e3eecf-d19c-4956-8016-b10feff3f87d', '012055cb-397a-4c3e-b919-1d9b0fb57972', '主要地址', '台北市信義區永吉路186號1樓', true, 1, '2026-03-05 16:13:20', '2026-03-05 16:13:20');
INSERT INTO "contacts" ("id", "customer_id", "name", "phone", "mobile", "email", "fax", "is_primary", "sort_order", "created_at", "updated_at") VALUES ('f04d1cda-9903-4a65-ba26-3de065ff928d', '012055cb-397a-4c3e-b919-1d9b0fb57972', '林家宏 先生', '02-2763-9696 #121', NULL, NULL, NULL, true, 1, '2026-03-05 16:13:20', '2026-03-05 16:13:20');
INSERT INTO "customers" ("id", "customer_number", "notes", "is_deleted", "created_at", "updated_at") VALUES ('d4804734-7615-4600-8c7e-a44ea6b661dd', '20230607-C01', '原始報價編號: 20230607-003
報價紀錄: 20230607-003
歷史成交數: 1', false, '2026-03-05 16:13:20', '2026-03-05 16:13:20');
INSERT INTO "company_names" ("id", "customer_id", "company_name", "is_primary", "sort_order", "created_at", "updated_at") VALUES ('38bb84f9-fd6d-499f-8216-aeb6c6a81d29', 'd4804734-7615-4600-8c7e-a44ea6b661dd', '國際厚生數位科技股份有限公司', true, 1, '2026-03-05 16:13:20', '2026-03-05 16:13:20');
INSERT INTO "locations" ("id", "customer_id", "name", "address", "is_primary", "sort_order", "created_at", "updated_at") VALUES ('98b38b23-56e0-4869-84ff-9b411ea5cb0d', 'd4804734-7615-4600-8c7e-a44ea6b661dd', '主要地址', '台北市中正區紹興北街5號8樓', true, 1, '2026-03-05 16:13:20', '2026-03-05 16:13:20');
INSERT INTO "contacts" ("id", "customer_id", "name", "phone", "mobile", "email", "fax", "is_primary", "sort_order", "created_at", "updated_at") VALUES ('915ca0dc-4bdd-4658-a63f-01bc6ece41d3', 'd4804734-7615-4600-8c7e-a44ea6b661dd', '楊先生', '02-2351-8188 #62500', NULL, NULL, NULL, true, 1, '2026-03-05 16:13:20', '2026-03-05 16:13:20');
INSERT INTO "customers" ("id", "customer_number", "notes", "is_deleted", "created_at", "updated_at") VALUES ('4aea79f9-4549-44a6-b3dd-fe073d21fa48', '20230608-C01', '原始報價編號: 20230608-008
報價紀錄: 20230608-008
歷史成交數: 1', false, '2026-03-05 16:13:20', '2026-03-05 16:13:20');
INSERT INTO "company_names" ("id", "customer_id", "company_name", "is_primary", "sort_order", "created_at", "updated_at") VALUES ('49cebe5f-8e3d-4166-be47-7bfe23b3dbd4', '4aea79f9-4549-44a6-b3dd-fe073d21fa48', '創業者共創平台基金會', true, 1, '2026-03-05 16:13:20', '2026-03-05 16:13:20');
INSERT INTO "locations" ("id", "customer_id", "name", "address", "is_primary", "sort_order", "created_at", "updated_at") VALUES ('f703edec-fb5a-4ae5-b1d1-2025f114325e', '4aea79f9-4549-44a6-b3dd-fe073d21fa48', '主要地址', '台北市中正區八德路一段一號中四C棟2樓 (華山文創園區)', true, 1, '2026-03-05 16:13:20', '2026-03-05 16:13:20');
INSERT INTO "contacts" ("id", "customer_id", "name", "phone", "mobile", "email", "fax", "is_primary", "sort_order", "created_at", "updated_at") VALUES ('56163451-f492-457e-9405-bd13ed413cf9', '4aea79f9-4549-44a6-b3dd-fe073d21fa48', '張婷 營運經理', '02-7730-7866 #101', NULL, NULL, NULL, true, 1, '2026-03-05 16:13:20', '2026-03-05 16:13:20');
INSERT INTO "customers" ("id", "customer_number", "notes", "is_deleted", "created_at", "updated_at") VALUES ('6f12e272-b4cc-484a-aad5-4024e0fe9f41', '20230609-C01', '原始報價編號: 20230609-006
報價紀錄: 20230609-006
歷史成交數: 1', false, '2026-03-05 16:13:20', '2026-03-05 16:13:20');
INSERT INTO "company_names" ("id", "customer_id", "company_name", "is_primary", "sort_order", "created_at", "updated_at") VALUES ('3d58c426-dcf8-443a-b24b-629b25edda67', '6f12e272-b4cc-484a-aad5-4024e0fe9f41', '鈞霈國際公關顧問有限公司', true, 1, '2026-03-05 16:13:20', '2026-03-05 16:13:20');
INSERT INTO "locations" ("id", "customer_id", "name", "address", "is_primary", "sort_order", "created_at", "updated_at") VALUES ('7b0b53e2-4d52-4532-9093-58ece9e4cd2c', '6f12e272-b4cc-484a-aad5-4024e0fe9f41', '主要地址', '台北市大安區光復南路240巷9號2樓', true, 1, '2026-03-05 16:13:20', '2026-03-05 16:13:20');
INSERT INTO "contacts" ("id", "customer_id", "name", "phone", "mobile", "email", "fax", "is_primary", "sort_order", "created_at", "updated_at") VALUES ('5c49e826-5609-48c8-831f-f921f1bbe233', '6f12e272-b4cc-484a-aad5-4024e0fe9f41', '蕭小姐', '02-8786-1886 #9', NULL, NULL, NULL, true, 1, '2026-03-05 16:13:20', '2026-03-05 16:13:20');
INSERT INTO "customers" ("id", "customer_number", "notes", "is_deleted", "created_at", "updated_at") VALUES ('8c035923-1d8d-482a-81a7-0d864c3fa073', '20230612-C01', '原始報價編號: 20230612-006
報價紀錄: 20230612-006
歷史成交數: 1', false, '2026-03-05 16:13:20', '2026-03-05 16:13:20');
INSERT INTO "company_names" ("id", "customer_id", "company_name", "is_primary", "sort_order", "created_at", "updated_at") VALUES ('691eea51-0f9f-479d-9f4e-7da888bbabd5', '8c035923-1d8d-482a-81a7-0d864c3fa073', '凱媛電子有限公司', true, 1, '2026-03-05 16:13:20', '2026-03-05 16:13:20');
INSERT INTO "locations" ("id", "customer_id", "name", "address", "is_primary", "sort_order", "created_at", "updated_at") VALUES ('eb63af99-377a-4839-8e4b-2c97848f399f', '8c035923-1d8d-482a-81a7-0d864c3fa073', '主要地址', '台北市南港區成功路一段32號5樓之7', true, 1, '2026-03-05 16:13:20', '2026-03-05 16:13:20');
INSERT INTO "contacts" ("id", "customer_id", "name", "phone", "mobile", "email", "fax", "is_primary", "sort_order", "created_at", "updated_at") VALUES ('2c9d3366-c9e9-4c92-a0a3-6b8101cfb0b1', '8c035923-1d8d-482a-81a7-0d864c3fa073', '莊先生', '02-2653-5560 #168', '0920-915-221', NULL, NULL, true, 1, '2026-03-05 16:13:20', '2026-03-05 16:13:20');
INSERT INTO "customers" ("id", "customer_number", "notes", "is_deleted", "created_at", "updated_at") VALUES ('7e3ffb59-0a3c-4f9b-b90b-484e0bdd464e', '20230627-C01', '原始報價編號: 20230627-007
報價紀錄: 20230627-007, 20250901-005
歷史成交數: 2', false, '2026-03-05 16:13:20', '2026-03-05 16:13:20');
INSERT INTO "company_names" ("id", "customer_id", "company_name", "is_primary", "sort_order", "created_at", "updated_at") VALUES ('31e24173-9719-4495-abbd-5c31c052b3ef', '7e3ffb59-0a3c-4f9b-b90b-484e0bdd464e', '友寧空運有限公司', true, 1, '2026-03-05 16:13:20', '2026-03-05 16:13:20');
INSERT INTO "locations" ("id", "customer_id", "name", "address", "is_primary", "sort_order", "created_at", "updated_at") VALUES ('9f7818e1-10e9-4cbc-a5f6-4fdfede582d9', '7e3ffb59-0a3c-4f9b-b90b-484e0bdd464e', '主要地址', '台北市中山區復興北路176號6樓之1', true, 1, '2026-03-05 16:13:20', '2026-03-05 16:13:20');
INSERT INTO "contacts" ("id", "customer_id", "name", "phone", "mobile", "email", "fax", "is_primary", "sort_order", "created_at", "updated_at") VALUES ('a2a0ba47-4674-496d-844d-bfcbff26d5b9', '7e3ffb59-0a3c-4f9b-b90b-484e0bdd464e', '李先生', '02-2719-7166 #18', '0911-278-699', NULL, NULL, true, 1, '2026-03-05 16:13:20', '2026-03-05 16:13:20');
INSERT INTO "contacts" ("id", "customer_id", "name", "phone", "mobile", "email", "fax", "is_primary", "sort_order", "created_at", "updated_at") VALUES ('e026c25d-153d-46a6-b3c6-4586e903c4ca', '7e3ffb59-0a3c-4f9b-b90b-484e0bdd464e', '聯絡人2', '02-2719-7166 #17', NULL, NULL, NULL, false, 2, '2026-03-05 16:13:20', '2026-03-05 16:13:20');
INSERT INTO "customers" ("id", "customer_number", "notes", "is_deleted", "created_at", "updated_at") VALUES ('3e1448c6-adcd-4624-9873-637b844072cd', '20230627-C02', '原始報價編號: 20230627-008
報價紀錄: 20230627-008
歷史成交數: 1', false, '2026-03-05 16:13:20', '2026-03-05 16:13:20');
INSERT INTO "locations" ("id", "customer_id", "name", "address", "is_primary", "sort_order", "created_at", "updated_at") VALUES ('76373bda-f48b-4c94-a842-f22fa4b44112', '3e1448c6-adcd-4624-9873-637b844072cd', '主要地址', '新北市三重區自強路二段86號', true, 1, '2026-03-05 16:13:20', '2026-03-05 16:13:20');
INSERT INTO "contacts" ("id", "customer_id", "name", "phone", "mobile", "email", "fax", "is_primary", "sort_order", "created_at", "updated_at") VALUES ('239681c7-720a-45d1-b63d-b1d0ff642c90', '3e1448c6-adcd-4624-9873-637b844072cd', '王小姐', NULL, '0920-366-608', NULL, NULL, true, 1, '2026-03-05 16:13:20', '2026-03-05 16:13:20');
INSERT INTO "customers" ("id", "customer_number", "notes", "is_deleted", "created_at", "updated_at") VALUES ('e0a7f9ee-b237-4665-9275-4a54b734284d', '20230629-C01', '原始報價編號: 20230629-007
報價紀錄: 20230629-007
歷史成交數: 1', false, '2026-03-05 16:13:20', '2026-03-05 16:13:20');
INSERT INTO "locations" ("id", "customer_id", "name", "address", "is_primary", "sort_order", "created_at", "updated_at") VALUES ('71019714-a02e-4199-8777-bad5492dfd4c', 'e0a7f9ee-b237-4665-9275-4a54b734284d', '主要地址', '台北市信義區崇德街31巷5弄17號1樓', true, 1, '2026-03-05 16:13:20', '2026-03-05 16:13:20');
INSERT INTO "contacts" ("id", "customer_id", "name", "phone", "mobile", "email", "fax", "is_primary", "sort_order", "created_at", "updated_at") VALUES ('076b1439-b914-4117-8be4-6114b5aaf0c3', 'e0a7f9ee-b237-4665-9275-4a54b734284d', '姚小姐', NULL, '0965-019-369', NULL, NULL, true, 1, '2026-03-05 16:13:20', '2026-03-05 16:13:20');
INSERT INTO "customers" ("id", "customer_number", "notes", "is_deleted", "created_at", "updated_at") VALUES ('51e7e139-e886-4d0d-8930-ff8fb52f1577', '20230703-C01', '原始報價編號: 20230703-007
報價紀錄: 20230703-007
歷史成交數: 1', false, '2026-03-05 16:13:20', '2026-03-05 16:13:20');
INSERT INTO "company_names" ("id", "customer_id", "company_name", "is_primary", "sort_order", "created_at", "updated_at") VALUES ('c2d817f1-1b1b-41f2-9a2c-4a1f27c2e459', '51e7e139-e886-4d0d-8930-ff8fb52f1577', '偉成消防工程有限公司', true, 1, '2026-03-05 16:13:20', '2026-03-05 16:13:20');
INSERT INTO "locations" ("id", "customer_id", "name", "address", "is_primary", "sort_order", "created_at", "updated_at") VALUES ('fb752a96-75ac-4b4e-983b-6697f0444804', '51e7e139-e886-4d0d-8930-ff8fb52f1577', '主要地址', '台中市西屯區天水西街13號', true, 1, '2026-03-05 16:13:20', '2026-03-05 16:13:20');
INSERT INTO "contacts" ("id", "customer_id", "name", "phone", "mobile", "email", "fax", "is_primary", "sort_order", "created_at", "updated_at") VALUES ('42084eb3-113b-44a0-8083-9aaeadd4783a', '51e7e139-e886-4d0d-8930-ff8fb52f1577', '張先生', '04-2316-4087', NULL, NULL, NULL, true, 1, '2026-03-05 16:13:20', '2026-03-05 16:13:20');
INSERT INTO "customers" ("id", "customer_number", "notes", "is_deleted", "created_at", "updated_at") VALUES ('259d9736-7df3-4cb6-b646-4124c1460aaf', '20230706-C01', '原始報價編號: 20230706-005
報價紀錄: 20230706-005
歷史成交數: 1', false, '2026-03-05 16:13:20', '2026-03-05 16:13:20');
INSERT INTO "company_names" ("id", "customer_id", "company_name", "is_primary", "sort_order", "created_at", "updated_at") VALUES ('10a491d9-6860-45a2-bd1b-28118fe8ef94', '259d9736-7df3-4cb6-b646-4124c1460aaf', '瞬聯科技股份有限公司', true, 1, '2026-03-05 16:13:20', '2026-03-05 16:13:20');
INSERT INTO "locations" ("id", "customer_id", "name", "address", "is_primary", "sort_order", "created_at", "updated_at") VALUES ('9838e31e-bbd0-422c-af49-2605867a9e8e', '259d9736-7df3-4cb6-b646-4124c1460aaf', '主要地址', '台北市大安區和平東路二段339號11樓', true, 1, '2026-03-05 16:13:20', '2026-03-05 16:13:20');
INSERT INTO "contacts" ("id", "customer_id", "name", "phone", "mobile", "email", "fax", "is_primary", "sort_order", "created_at", "updated_at") VALUES ('7c599c18-8e39-4da7-b189-f2519545536f', '259d9736-7df3-4cb6-b646-4124c1460aaf', '洪小姐', '02-2700-2595 #119', NULL, NULL, NULL, true, 1, '2026-03-05 16:13:20', '2026-03-05 16:13:20');
INSERT INTO "customers" ("id", "customer_number", "notes", "is_deleted", "created_at", "updated_at") VALUES ('2d43db51-e546-4b25-b92f-b4bb3a5de60c', '20230818-C01', '原始報價編號: 20230818-005
報價紀錄: 20230818-005
歷史成交數: 1', false, '2026-03-05 16:13:20', '2026-03-05 16:13:20');
INSERT INTO "company_names" ("id", "customer_id", "company_name", "is_primary", "sort_order", "created_at", "updated_at") VALUES ('e236d53b-64a3-4fba-a052-4dc2eaa8c7e1', '2d43db51-e546-4b25-b92f-b4bb3a5de60c', '台灣雅瑪多國際物流股份有限公司', true, 1, '2026-03-05 16:13:20', '2026-03-05 16:13:20');
INSERT INTO "locations" ("id", "customer_id", "name", "address", "is_primary", "sort_order", "created_at", "updated_at") VALUES ('4add2946-64f1-4bf8-a1c8-032a29b4d7a0', '2d43db51-e546-4b25-b92f-b4bb3a5de60c', '主要地址', '台北市大安區復興南路一段303號6樓', true, 1, '2026-03-05 16:13:20', '2026-03-05 16:13:20');
INSERT INTO "contacts" ("id", "customer_id", "name", "phone", "mobile", "email", "fax", "is_primary", "sort_order", "created_at", "updated_at") VALUES ('ab838be0-c00f-4357-9d72-cfe33a4366ff', '2d43db51-e546-4b25-b92f-b4bb3a5de60c', '謝旻哲 先生', '02-2754-1966 #206', NULL, NULL, NULL, true, 1, '2026-03-05 16:13:20', '2026-03-05 16:13:20');
INSERT INTO "customers" ("id", "customer_number", "notes", "is_deleted", "created_at", "updated_at") VALUES ('d85871fa-4b15-45ad-afc0-e8ca898601bb', '20230831-C01', '原始報價編號: 20230831-003
報價紀錄: 20230831-003
歷史成交數: 1', false, '2026-03-05 16:13:20', '2026-03-05 16:13:20');
INSERT INTO "company_names" ("id", "customer_id", "company_name", "is_primary", "sort_order", "created_at", "updated_at") VALUES ('20b98136-f696-4500-abc9-99c95389b1d4', 'd85871fa-4b15-45ad-afc0-e8ca898601bb', '舒服美生技股份有限公司', true, 1, '2026-03-05 16:13:20', '2026-03-05 16:13:20');
INSERT INTO "locations" ("id", "customer_id", "name", "address", "is_primary", "sort_order", "created_at", "updated_at") VALUES ('51da5279-e58f-486e-a61f-c62d60f3a6c5', 'd85871fa-4b15-45ad-afc0-e8ca898601bb', '主要地址', '台北市中山區民權西路19號8樓', true, 1, '2026-03-05 16:13:20', '2026-03-05 16:13:20');
INSERT INTO "locations" ("id", "customer_id", "name", "address", "is_primary", "sort_order", "created_at", "updated_at") VALUES ('6b3f317d-3125-4e8d-81ff-a246f9588b20', 'd85871fa-4b15-45ad-afc0-e8ca898601bb', '分支地址2', '新北市中和區立德街148巷6號3樓', false, 2, '2026-03-05 16:13:20', '2026-03-05 16:13:20');
INSERT INTO "contacts" ("id", "customer_id", "name", "phone", "mobile", "email", "fax", "is_primary", "sort_order", "created_at", "updated_at") VALUES ('659f57af-8f0e-4900-bf43-67785ca2868b', 'd85871fa-4b15-45ad-afc0-e8ca898601bb', '林小姐', '02-2550-5042', NULL, NULL, NULL, true, 1, '2026-03-05 16:13:20', '2026-03-05 16:13:20');
INSERT INTO "customers" ("id", "customer_number", "notes", "is_deleted", "created_at", "updated_at") VALUES ('5bac16a8-40a9-4108-b032-78c436813d36', '20230905-C01', '原始報價編號: 20230905-008
報價紀錄: 20230905-008, 20230914-006
歷史成交數: 2', false, '2026-03-05 16:13:20', '2026-03-05 16:13:20');
INSERT INTO "company_names" ("id", "customer_id", "company_name", "is_primary", "sort_order", "created_at", "updated_at") VALUES ('797c34a5-dfc0-4a8a-922b-20762b76c15c', '5bac16a8-40a9-4108-b032-78c436813d36', '文山綠景', true, 1, '2026-03-05 16:13:20', '2026-03-05 16:13:20');
INSERT INTO "locations" ("id", "customer_id", "name", "address", "is_primary", "sort_order", "created_at", "updated_at") VALUES ('9eef3244-5e65-4d23-91cd-f34500dc5f2d', '5bac16a8-40a9-4108-b032-78c436813d36', '主要地址', '台北市文山區秀明路二段33號', true, 1, '2026-03-05 16:13:20', '2026-03-05 16:13:20');
INSERT INTO "contacts" ("id", "customer_id", "name", "phone", "mobile", "email", "fax", "is_primary", "sort_order", "created_at", "updated_at") VALUES ('654d2278-dc97-4511-b2a2-cc8345cc9f7f', '5bac16a8-40a9-4108-b032-78c436813d36', '范陽錦 先生', NULL, '0922-340-981', NULL, NULL, true, 1, '2026-03-05 16:13:20', '2026-03-05 16:13:20');
INSERT INTO "customers" ("id", "customer_number", "notes", "is_deleted", "created_at", "updated_at") VALUES ('bcb1f85a-18a9-4269-a153-8f368ab58939', '20230906-C01', '原始報價編號: 20230906-003
報價紀錄: 20230906-003
歷史成交數: 1', false, '2026-03-05 16:13:20', '2026-03-05 16:13:20');
INSERT INTO "company_names" ("id", "customer_id", "company_name", "is_primary", "sort_order", "created_at", "updated_at") VALUES ('3bac1b82-189d-47b3-802a-a4a550d28049', 'bcb1f85a-18a9-4269-a153-8f368ab58939', '臺北市立南港高級工業職業學校', true, 1, '2026-03-05 16:13:20', '2026-03-05 16:13:20');
INSERT INTO "locations" ("id", "customer_id", "name", "address", "is_primary", "sort_order", "created_at", "updated_at") VALUES ('90ba101e-d6ca-442b-8186-c1cf8648ff24', 'bcb1f85a-18a9-4269-a153-8f368ab58939', '主要地址', '台北市南港區興中路29號4~5樓', true, 1, '2026-03-05 16:13:20', '2026-03-05 16:13:20');
INSERT INTO "contacts" ("id", "customer_id", "name", "phone", "mobile", "email", "fax", "is_primary", "sort_order", "created_at", "updated_at") VALUES ('cc28dc39-fcc8-4677-b471-45c64f76de5b', 'bcb1f85a-18a9-4269-a153-8f368ab58939', '林文斌 先生', '02-2782-5432 #1403', '0919-988-071', NULL, NULL, true, 1, '2026-03-05 16:13:20', '2026-03-05 16:13:20');
INSERT INTO "customers" ("id", "customer_number", "notes", "is_deleted", "created_at", "updated_at") VALUES ('e248cede-6d01-4555-a947-0e5db7d0ca56', '20230911-C01', '原始報價編號: 20230911-008
報價紀錄: 20230911-008
歷史成交數: 1', false, '2026-03-05 16:13:20', '2026-03-05 16:13:20');
INSERT INTO "company_names" ("id", "customer_id", "company_name", "is_primary", "sort_order", "created_at", "updated_at") VALUES ('f3500217-72b5-478f-9236-e2ea9ca555af', 'e248cede-6d01-4555-a947-0e5db7d0ca56', '宏虹電子科技有限公司', true, 1, '2026-03-05 16:13:20', '2026-03-05 16:13:20');
INSERT INTO "locations" ("id", "customer_id", "name", "address", "is_primary", "sort_order", "created_at", "updated_at") VALUES ('828124e6-fade-4f97-b95c-2faea703f073', 'e248cede-6d01-4555-a947-0e5db7d0ca56', '主要地址', '台北市中山區敬業一路99號3樓', true, 1, '2026-03-05 16:13:20', '2026-03-05 16:13:20');
INSERT INTO "contacts" ("id", "customer_id", "name", "phone", "mobile", "email", "fax", "is_primary", "sort_order", "created_at", "updated_at") VALUES ('62f31cff-6528-40c9-930b-b52d33cdbef2', 'e248cede-6d01-4555-a947-0e5db7d0ca56', '魏敏娟 小姐', '02-8501-5332', '0901-071-722', NULL, NULL, true, 1, '2026-03-05 16:13:20', '2026-03-05 16:13:20');
INSERT INTO "customers" ("id", "customer_number", "notes", "is_deleted", "created_at", "updated_at") VALUES ('c319ef92-bc4c-4b0f-bb9c-8ce962cb97ad', '20230913-C01', '原始報價編號: 20230913-005
報價紀錄: 20230913-005
歷史成交數: 1', false, '2026-03-05 16:13:20', '2026-03-05 16:13:20');
INSERT INTO "company_names" ("id", "customer_id", "company_name", "is_primary", "sort_order", "created_at", "updated_at") VALUES ('3188ff60-3180-4e6a-be66-444a780df42e', 'c319ef92-bc4c-4b0f-bb9c-8ce962cb97ad', '優勢領航科技有限公司', true, 1, '2026-03-05 16:13:20', '2026-03-05 16:13:20');
INSERT INTO "locations" ("id", "customer_id", "name", "address", "is_primary", "sort_order", "created_at", "updated_at") VALUES ('76a437ef-4352-43af-8dd5-27c57a360c1e', 'c319ef92-bc4c-4b0f-bb9c-8ce962cb97ad', '主要地址', '台北市大安區金山南路二段33號4樓', true, 1, '2026-03-05 16:13:20', '2026-03-05 16:13:20');
INSERT INTO "contacts" ("id", "customer_id", "name", "phone", "mobile", "email", "fax", "is_primary", "sort_order", "created_at", "updated_at") VALUES ('3aab326d-ff95-4009-a7ae-e57140eea2da', 'c319ef92-bc4c-4b0f-bb9c-8ce962cb97ad', '林小姐', '02-2393-0898 #17', NULL, NULL, NULL, true, 1, '2026-03-05 16:13:20', '2026-03-05 16:13:20');
INSERT INTO "customers" ("id", "customer_number", "notes", "is_deleted", "created_at", "updated_at") VALUES ('48376001-7b37-4c45-bfea-8cce959cbd17', '20230920-C01', '原始報價編號: 20230920-003
報價紀錄: 20230920-003
歷史成交數: 1', false, '2026-03-05 16:13:20', '2026-03-05 16:13:20');
INSERT INTO "company_names" ("id", "customer_id", "company_name", "is_primary", "sort_order", "created_at", "updated_at") VALUES ('12ea9fa7-4942-421c-b8cf-4133fc03a5c6', '48376001-7b37-4c45-bfea-8cce959cbd17', '芝蔴村文教股份有限公司', true, 1, '2026-03-05 16:13:20', '2026-03-05 16:13:20');
INSERT INTO "locations" ("id", "customer_id", "name", "address", "is_primary", "sort_order", "created_at", "updated_at") VALUES ('f2f75f4e-c014-45eb-be9b-f1130fb07e89', '48376001-7b37-4c45-bfea-8cce959cbd17', '主要地址', '新北市蘆洲區長安街292號', true, 1, '2026-03-05 16:13:20', '2026-03-05 16:13:20');
INSERT INTO "contacts" ("id", "customer_id", "name", "phone", "mobile", "email", "fax", "is_primary", "sort_order", "created_at", "updated_at") VALUES ('a1d8043f-559d-40f1-96b9-e19c33715bc8', '48376001-7b37-4c45-bfea-8cce959cbd17', '薛力瑋 先生', '02-7708-3852 #23', NULL, NULL, NULL, true, 1, '2026-03-05 16:13:20', '2026-03-05 16:13:20');
INSERT INTO "customers" ("id", "customer_number", "notes", "is_deleted", "created_at", "updated_at") VALUES ('a3a3200e-0b61-456a-8fb9-be1b090b3875', '20230923-C01', '原始報價編號: 20230923-003
報價紀錄: 20230923-003
歷史成交數: 1', false, '2026-03-05 16:13:20', '2026-03-05 16:13:20');
INSERT INTO "company_names" ("id", "customer_id", "company_name", "is_primary", "sort_order", "created_at", "updated_at") VALUES ('f8b259ca-e745-41d0-b5bd-b8dfa4c06984', 'a3a3200e-0b61-456a-8fb9-be1b090b3875', '上林法律事務所', true, 1, '2026-03-05 16:13:20', '2026-03-05 16:13:20');
INSERT INTO "locations" ("id", "customer_id", "name", "address", "is_primary", "sort_order", "created_at", "updated_at") VALUES ('1defcf6f-443b-4bea-a6e1-fe530e6aa3a5', 'a3a3200e-0b61-456a-8fb9-be1b090b3875', '主要地址', '台北市大安區敦化南路二段180號7樓', true, 1, '2026-03-05 16:13:20', '2026-03-05 16:13:20');
INSERT INTO "contacts" ("id", "customer_id", "name", "phone", "mobile", "email", "fax", "is_primary", "sort_order", "created_at", "updated_at") VALUES ('c84722c3-1043-479a-b697-396ad4d4f933', 'a3a3200e-0b61-456a-8fb9-be1b090b3875', '王先生', '02-2735-1335', NULL, NULL, NULL, true, 1, '2026-03-05 16:13:20', '2026-03-05 16:13:20');
INSERT INTO "customers" ("id", "customer_number", "notes", "is_deleted", "created_at", "updated_at") VALUES ('e664e4d4-4948-4b54-9855-1bea667403c0', '20231012-C01', '原始報價編號: 20231012-009
報價紀錄: 20231012-009
歷史成交數: 1', false, '2026-03-05 16:13:20', '2026-03-05 16:13:20');
INSERT INTO "company_names" ("id", "customer_id", "company_name", "is_primary", "sort_order", "created_at", "updated_at") VALUES ('feaf0ee4-0b74-4f10-a451-b0aad5742a1e', 'e664e4d4-4948-4b54-9855-1bea667403c0', '鳳凰科技', true, 1, '2026-03-05 16:13:20', '2026-03-05 16:13:20');
INSERT INTO "locations" ("id", "customer_id", "name", "address", "is_primary", "sort_order", "created_at", "updated_at") VALUES ('6314c49d-1d86-4bc5-8a48-aa86e268c318', 'e664e4d4-4948-4b54-9855-1bea667403c0', '主要地址', '台北市信義路五段7號28樓', true, 1, '2026-03-05 16:13:20', '2026-03-05 16:13:20');
INSERT INTO "contacts" ("id", "customer_id", "name", "phone", "mobile", "email", "fax", "is_primary", "sort_order", "created_at", "updated_at") VALUES ('ad80f5f4-7be8-496b-b7c2-6f50db86db0c', 'e664e4d4-4948-4b54-9855-1bea667403c0', '許瑞劭 先生', NULL, '0971-155-335', NULL, NULL, true, 1, '2026-03-05 16:13:20', '2026-03-05 16:13:20');
INSERT INTO "customers" ("id", "customer_number", "notes", "is_deleted", "created_at", "updated_at") VALUES ('6dfe93db-a8ee-4231-a3b4-437d8e11a9df', '20231013-C01', '原始報價編號: 20231013-003
報價紀錄: 20231013-003, 20250306-003
歷史成交數: 2', false, '2026-03-05 16:13:20', '2026-03-05 16:13:20');
INSERT INTO "company_names" ("id", "customer_id", "company_name", "is_primary", "sort_order", "created_at", "updated_at") VALUES ('9e3ae9ef-5ff6-4b6a-8b77-b389811c08eb', '6dfe93db-a8ee-4231-a3b4-437d8e11a9df', '新北市美工編輯設計職業工會', true, 1, '2026-03-05 16:13:20', '2026-03-05 16:13:20');
INSERT INTO "locations" ("id", "customer_id", "name", "address", "is_primary", "sort_order", "created_at", "updated_at") VALUES ('04850de4-f82a-4e99-82cf-8c56855f2dcc', '6dfe93db-a8ee-4231-a3b4-437d8e11a9df', '主要地址', '台北市中正區忠孝西路一段41號15樓之6', true, 1, '2026-03-05 16:13:20', '2026-03-05 16:13:20');
INSERT INTO "contacts" ("id", "customer_id", "name", "phone", "mobile", "email", "fax", "is_primary", "sort_order", "created_at", "updated_at") VALUES ('1ab6bcc1-75bb-4af5-b565-4037a944a40c', '6dfe93db-a8ee-4231-a3b4-437d8e11a9df', 'Lin-Li', '02-2381-0025', NULL, NULL, NULL, true, 1, '2026-03-05 16:13:20', '2026-03-05 16:13:20');
INSERT INTO "customers" ("id", "customer_number", "notes", "is_deleted", "created_at", "updated_at") VALUES ('c6260432-de07-4d21-9eab-fc4120aea6d1', '20231013-C02', '原始報價編號: 20231013-005
報價紀錄: 20231013-005, 20231016-003
歷史成交數: 2', false, '2026-03-05 16:13:20', '2026-03-05 16:13:20');
INSERT INTO "company_names" ("id", "customer_id", "company_name", "is_primary", "sort_order", "created_at", "updated_at") VALUES ('894b5917-72e2-4060-8a2d-65a41c44609a', 'c6260432-de07-4d21-9eab-fc4120aea6d1', '實揚科技有限公司', true, 1, '2026-03-05 16:13:20', '2026-03-05 16:13:20');
INSERT INTO "locations" ("id", "customer_id", "name", "address", "is_primary", "sort_order", "created_at", "updated_at") VALUES ('d479f33b-51fa-401e-a8d6-d6292543e344', 'c6260432-de07-4d21-9eab-fc4120aea6d1', '主要地址', '台北市松山區南京東路四段164號10樓', true, 1, '2026-03-05 16:13:20', '2026-03-05 16:13:20');
INSERT INTO "contacts" ("id", "customer_id", "name", "phone", "mobile", "email", "fax", "is_primary", "sort_order", "created_at", "updated_at") VALUES ('455ba772-7190-43b9-82bd-3b58560fdac8', 'c6260432-de07-4d21-9eab-fc4120aea6d1', '陳小姐', NULL, '0920-590-235', NULL, NULL, true, 1, '2026-03-05 16:13:20', '2026-03-05 16:13:20');
INSERT INTO "customers" ("id", "customer_number", "notes", "is_deleted", "created_at", "updated_at") VALUES ('e89cd9da-9dbb-4227-872b-821f70b8a628', '20231013-C03', '原始報價編號: 20231013-005
報價紀錄: 20231013-005
歷史成交數: 1', false, '2026-03-05 16:13:20', '2026-03-05 16:13:20');
INSERT INTO "locations" ("id", "customer_id", "name", "address", "is_primary", "sort_order", "created_at", "updated_at") VALUES ('ca555fe4-efc6-4974-be17-ab211ea7496a', 'e89cd9da-9dbb-4227-872b-821f70b8a628', '主要地址', '新北市八里區中山路二段447巷10號9樓', true, 1, '2026-03-05 16:13:20', '2026-03-05 16:13:20');
INSERT INTO "contacts" ("id", "customer_id", "name", "phone", "mobile", "email", "fax", "is_primary", "sort_order", "created_at", "updated_at") VALUES ('697f7cf9-0f7d-433a-8ac1-89a20645f22b', 'e89cd9da-9dbb-4227-872b-821f70b8a628', '陳文振 先生', NULL, '0930-708-580', NULL, NULL, true, 1, '2026-03-05 16:13:20', '2026-03-05 16:13:20');
INSERT INTO "customers" ("id", "customer_number", "notes", "is_deleted", "created_at", "updated_at") VALUES ('f5cde3dd-ef06-4f72-928f-5bf4032d4d6c', '20231017-C01', '原始報價編號: 20231017-003
報價紀錄: 20231017-003, 20240206-015, 20250828-006
歷史成交數: 3', false, '2026-03-05 16:13:20', '2026-03-05 16:13:20');
INSERT INTO "company_names" ("id", "customer_id", "company_name", "is_primary", "sort_order", "created_at", "updated_at") VALUES ('d453b385-d48b-4054-8f81-eee8c94c1e8a', 'f5cde3dd-ef06-4f72-928f-5bf4032d4d6c', '元昕商務管理顧問股份有限公司中華分公司', true, 1, '2026-03-05 16:13:20', '2026-03-05 16:13:20');
INSERT INTO "locations" ("id", "customer_id", "name", "address", "is_primary", "sort_order", "created_at", "updated_at") VALUES ('1faa0db7-0b7e-447a-b856-d7489fa50e29', 'f5cde3dd-ef06-4f72-928f-5bf4032d4d6c', '主要地址', '新北市新莊區中華路二段7號5樓', true, 1, '2026-03-05 16:13:20', '2026-03-05 16:13:20');
INSERT INTO "locations" ("id", "customer_id", "name", "address", "is_primary", "sort_order", "created_at", "updated_at") VALUES ('3bf3c8e1-47fb-413c-a6e5-95dc2e4038b1', 'f5cde3dd-ef06-4f72-928f-5bf4032d4d6c', '分支地址2', '新北市新莊區中華路二段7號6樓', false, 2, '2026-03-05 16:13:20', '2026-03-05 16:13:20');
INSERT INTO "locations" ("id", "customer_id", "name", "address", "is_primary", "sort_order", "created_at", "updated_at") VALUES ('4c997ad7-03b8-4e22-8559-325e4fc273ac', 'f5cde3dd-ef06-4f72-928f-5bf4032d4d6c', '分支地址3', '新北市新莊區中華路二段7號10樓', false, 3, '2026-03-05 16:13:20', '2026-03-05 16:13:20');
INSERT INTO "contacts" ("id", "customer_id", "name", "phone", "mobile", "email", "fax", "is_primary", "sort_order", "created_at", "updated_at") VALUES ('3c5d4271-47c5-4c9e-b2e3-72e4b335dc5d', 'f5cde3dd-ef06-4f72-928f-5bf4032d4d6c', '張小姐', '02-7728-9660 #300', NULL, NULL, NULL, true, 1, '2026-03-05 16:13:20', '2026-03-05 16:13:20');
INSERT INTO "contacts" ("id", "customer_id", "name", "phone", "mobile", "email", "fax", "is_primary", "sort_order", "created_at", "updated_at") VALUES ('070de088-1296-4647-8b17-1f1b61659f33', 'f5cde3dd-ef06-4f72-928f-5bf4032d4d6c', '林秀蘭小姐', NULL, NULL, NULL, NULL, false, 2, '2026-03-05 16:13:20', '2026-03-05 16:13:20');
INSERT INTO "customers" ("id", "customer_number", "notes", "is_deleted", "created_at", "updated_at") VALUES ('079ddd9e-8d79-4d3b-8fcc-cc7d401bec19', '20231108-C01', '原始報價編號: 20231108-009
報價紀錄: 20231108-009
歷史成交數: 1', false, '2026-03-05 16:13:20', '2026-03-05 16:13:20');
INSERT INTO "locations" ("id", "customer_id", "name", "address", "is_primary", "sort_order", "created_at", "updated_at") VALUES ('2e07a98a-1764-44cb-aeef-3885eaae56bf', '079ddd9e-8d79-4d3b-8fcc-cc7d401bec19', '主要地址', '台北市信義區松智路50號4樓', true, 1, '2026-03-05 16:13:20', '2026-03-05 16:13:20');
INSERT INTO "contacts" ("id", "customer_id", "name", "phone", "mobile", "email", "fax", "is_primary", "sort_order", "created_at", "updated_at") VALUES ('1d35d970-5ed7-4807-a84d-fd6277561439', '079ddd9e-8d79-4d3b-8fcc-cc7d401bec19', '柯先生', NULL, '0928-885-678', NULL, NULL, true, 1, '2026-03-05 16:13:20', '2026-03-05 16:13:20');
INSERT INTO "customers" ("id", "customer_number", "notes", "is_deleted", "created_at", "updated_at") VALUES ('e87c4caa-1b56-49e9-8b08-fef0063e59eb', '20231115-C01', '原始報價編號: 20231115-003
報價紀錄: 20231115-003
歷史成交數: 1', false, '2026-03-05 16:13:20', '2026-03-05 16:13:20');
INSERT INTO "company_names" ("id", "customer_id", "company_name", "is_primary", "sort_order", "created_at", "updated_at") VALUES ('e52c1d28-e589-40f2-aafb-b3c4660288b2', 'e87c4caa-1b56-49e9-8b08-fef0063e59eb', '群鉅整合資安有限公司', true, 1, '2026-03-05 16:13:20', '2026-03-05 16:13:20');
INSERT INTO "locations" ("id", "customer_id", "name", "address", "is_primary", "sort_order", "created_at", "updated_at") VALUES ('f8c6effe-6267-45b0-ac8c-dcbcfbbfd733', 'e87c4caa-1b56-49e9-8b08-fef0063e59eb', '主要地址', '台北市中山區通北街111號2樓', true, 1, '2026-03-05 16:13:20', '2026-03-05 16:13:20');
INSERT INTO "contacts" ("id", "customer_id", "name", "phone", "mobile", "email", "fax", "is_primary", "sort_order", "created_at", "updated_at") VALUES ('cdfa71df-39e3-4a98-b471-9ed085392db8', 'e87c4caa-1b56-49e9-8b08-fef0063e59eb', '王人賢 先生', NULL, '0903-929-425', NULL, NULL, true, 1, '2026-03-05 16:13:20', '2026-03-05 16:13:20');
INSERT INTO "customers" ("id", "customer_number", "notes", "is_deleted", "created_at", "updated_at") VALUES ('002919a6-365f-4b92-bbc6-91811c707dce', '20231212-C01', '原始報價編號: 20231212-003
報價紀錄: 20231212-003, 20240103-008
歷史成交數: 2', false, '2026-03-05 16:13:20', '2026-03-05 16:13:20');
INSERT INTO "company_names" ("id", "customer_id", "company_name", "is_primary", "sort_order", "created_at", "updated_at") VALUES ('0707baa1-515c-48e6-ab3d-85f8210cd282', '002919a6-365f-4b92-bbc6-91811c707dce', '富銘金屬有限公司', true, 1, '2026-03-05 16:13:20', '2026-03-05 16:13:20');
INSERT INTO "locations" ("id", "customer_id", "name", "address", "is_primary", "sort_order", "created_at", "updated_at") VALUES ('0a62b57e-6611-479b-ad85-f8d66f0f1ba9', '002919a6-365f-4b92-bbc6-91811c707dce', '主要地址', '新北市板橋區民有街46號(國防大學管理學院)', true, 1, '2026-03-05 16:13:20', '2026-03-05 16:13:20');
INSERT INTO "contacts" ("id", "customer_id", "name", "phone", "mobile", "email", "fax", "is_primary", "sort_order", "created_at", "updated_at") VALUES ('3d813164-edd8-469e-a57b-c8e3d9a59d99', '002919a6-365f-4b92-bbc6-91811c707dce', '陳睿謙 先生', '02-2252-6881', '0933-756-933', NULL, NULL, true, 1, '2026-03-05 16:13:20', '2026-03-05 16:13:20');
INSERT INTO "customers" ("id", "customer_number", "notes", "is_deleted", "created_at", "updated_at") VALUES ('debbee47-3329-444f-bdc1-097fb71450c0', '20231225-C01', '原始報價編號: 20231225-006
報價紀錄: 20231225-006, 20231225-007, 20231227-003
歷史成交數: 3', false, '2026-03-05 16:13:20', '2026-03-05 16:13:20');
INSERT INTO "locations" ("id", "customer_id", "name", "address", "is_primary", "sort_order", "created_at", "updated_at") VALUES ('71e807a1-bc93-471a-92c1-3fafcc623287', 'debbee47-3329-444f-bdc1-097fb71450c0', '主要地址', '台北市士林區社正路72號', true, 1, '2026-03-05 16:13:20', '2026-03-05 16:13:20');
INSERT INTO "contacts" ("id", "customer_id", "name", "phone", "mobile", "email", "fax", "is_primary", "sort_order", "created_at", "updated_at") VALUES ('c937b165-0700-4d8c-8e8a-b3bae057b727', 'debbee47-3329-444f-bdc1-097fb71450c0', '鄭啟煌 先生', NULL, '0922-055-056', NULL, NULL, true, 1, '2026-03-05 16:13:20', '2026-03-05 16:13:20');
INSERT INTO "customers" ("id", "customer_number", "notes", "is_deleted", "created_at", "updated_at") VALUES ('3f2f8437-5ead-414f-8e29-d6389ce59d38', '20231225-C02', '原始報價編號: 20231225-009
報價紀錄: 20231225-009, 20231228-010
歷史成交數: 2', false, '2026-03-05 16:13:20', '2026-03-05 16:13:20');
INSERT INTO "company_names" ("id", "customer_id", "company_name", "is_primary", "sort_order", "created_at", "updated_at") VALUES ('4ef15c13-ff76-461e-8a5a-23dd11bb641c', '3f2f8437-5ead-414f-8e29-d6389ce59d38', '箱根雅苑A區', true, 1, '2026-03-05 16:13:20', '2026-03-05 16:13:20');
INSERT INTO "locations" ("id", "customer_id", "name", "address", "is_primary", "sort_order", "created_at", "updated_at") VALUES ('4683d5bb-cc6c-4022-a951-702658da02a5', '3f2f8437-5ead-414f-8e29-d6389ce59d38', '主要地址', '台北市士林區社正路89號1樓', true, 1, '2026-03-05 16:13:20', '2026-03-05 16:13:20');
INSERT INTO "locations" ("id", "customer_id", "name", "address", "is_primary", "sort_order", "created_at", "updated_at") VALUES ('df78eab7-bf86-4d62-8d90-613e26a7fab2', '3f2f8437-5ead-414f-8e29-d6389ce59d38', '分支地址2', '台北市士林區社正路89號8樓', false, 2, '2026-03-05 16:13:20', '2026-03-05 16:13:20');
INSERT INTO "contacts" ("id", "customer_id", "name", "phone", "mobile", "email", "fax", "is_primary", "sort_order", "created_at", "updated_at") VALUES ('5cca9f03-9b6d-4948-8a71-d6ecb3aadf3e', '3f2f8437-5ead-414f-8e29-d6389ce59d38', '林鈺傑 先生', NULL, '0983-215-893', NULL, NULL, true, 1, '2026-03-05 16:13:20', '2026-03-05 16:13:20');
INSERT INTO "customers" ("id", "customer_number", "notes", "is_deleted", "created_at", "updated_at") VALUES ('75fbfa49-a5a3-4927-b832-0954362a9966', '20240103-C01', '原始報價編號: 20240103-011
報價紀錄: 20240103-011, 20241125-007
歷史成交數: 2', false, '2026-03-05 16:13:20', '2026-03-05 16:13:20');
INSERT INTO "company_names" ("id", "customer_id", "company_name", "is_primary", "sort_order", "created_at", "updated_at") VALUES ('693041df-40de-4422-bcb6-446824b79a53', '75fbfa49-a5a3-4927-b832-0954362a9966', '柏瑞有限公司', true, 1, '2026-03-05 16:13:20', '2026-03-05 16:13:20');
INSERT INTO "locations" ("id", "customer_id", "name", "address", "is_primary", "sort_order", "created_at", "updated_at") VALUES ('b07497b8-780a-4e1a-8983-7d0f38235e0f', '75fbfa49-a5a3-4927-b832-0954362a9966', '主要地址', '桃園市桃園區春日路1492之2號', true, 1, '2026-03-05 16:13:20', '2026-03-05 16:13:20');
INSERT INTO "locations" ("id", "customer_id", "name", "address", "is_primary", "sort_order", "created_at", "updated_at") VALUES ('a71b8914-9a64-43d2-a266-f921bf153325', '75fbfa49-a5a3-4927-b832-0954362a9966', '分支地址2', '台北市信義區信義路五段5號4樓', false, 2, '2026-03-05 16:13:20', '2026-03-05 16:13:20');
INSERT INTO "contacts" ("id", "customer_id", "name", "phone", "mobile", "email", "fax", "is_primary", "sort_order", "created_at", "updated_at") VALUES ('61624bf1-cadc-4f9d-8177-7ad49a979f50', '75fbfa49-a5a3-4927-b832-0954362a9966', '蔡佳穎 小姐', '02-2758-1118', NULL, NULL, NULL, true, 1, '2026-03-05 16:13:20', '2026-03-05 16:13:20');
INSERT INTO "customers" ("id", "customer_number", "notes", "is_deleted", "created_at", "updated_at") VALUES ('86c69083-b399-4b13-a71e-1a97cead8bdf', '20240104-C01', '原始報價編號: 20240104-001
報價紀錄: 20240104-001
歷史成交數: 1', false, '2026-03-05 16:13:20', '2026-03-05 16:13:20');
INSERT INTO "company_names" ("id", "customer_id", "company_name", "is_primary", "sort_order", "created_at", "updated_at") VALUES ('b6323c59-f6c9-4309-8adf-98bd77f58619', '86c69083-b399-4b13-a71e-1a97cead8bdf', '紅然股份有限公司', true, 1, '2026-03-05 16:13:20', '2026-03-05 16:13:20');
INSERT INTO "locations" ("id", "customer_id", "name", "address", "is_primary", "sort_order", "created_at", "updated_at") VALUES ('0febedb8-9a2b-46a0-9166-2c8b26682b97', '86c69083-b399-4b13-a71e-1a97cead8bdf', '主要地址', '台北市大安區新生南路一段103巷52號', true, 1, '2026-03-05 16:13:20', '2026-03-05 16:13:20');
INSERT INTO "contacts" ("id", "customer_id", "name", "phone", "mobile", "email", "fax", "is_primary", "sort_order", "created_at", "updated_at") VALUES ('d5275e86-f520-4863-9e0f-bdce6b973c34', '86c69083-b399-4b13-a71e-1a97cead8bdf', 'Renee', '02-2741-2800', NULL, NULL, NULL, true, 1, '2026-03-05 16:13:20', '2026-03-05 16:13:20');
INSERT INTO "customers" ("id", "customer_number", "notes", "is_deleted", "created_at", "updated_at") VALUES ('63e138e3-5c6b-43f4-8028-915e78e6b4fe', '20240104-C02', '原始報價編號: 20240104-012
報價紀錄: 20240104-012
歷史成交數: 1', false, '2026-03-05 16:13:20', '2026-03-05 16:13:20');
INSERT INTO "company_names" ("id", "customer_id", "company_name", "is_primary", "sort_order", "created_at", "updated_at") VALUES ('6e27b5f1-5800-4e7f-a6ef-e16b9198fcd0', '63e138e3-5c6b-43f4-8028-915e78e6b4fe', '萬國開發有限公司', true, 1, '2026-03-05 16:13:20', '2026-03-05 16:13:20');
INSERT INTO "locations" ("id", "customer_id", "name", "address", "is_primary", "sort_order", "created_at", "updated_at") VALUES ('1af27b54-4a9f-48de-81bc-8862a4108416', '63e138e3-5c6b-43f4-8028-915e78e6b4fe', '主要地址', '台北市松山區復興北路1號10樓', true, 1, '2026-03-05 16:13:20', '2026-03-05 16:13:20');
INSERT INTO "contacts" ("id", "customer_id", "name", "phone", "mobile", "email", "fax", "is_primary", "sort_order", "created_at", "updated_at") VALUES ('6cbbf01e-bb10-4e7f-a2c9-f6084545d0e6', '63e138e3-5c6b-43f4-8028-915e78e6b4fe', 'Lisa', '02-2771-6887', NULL, NULL, NULL, true, 1, '2026-03-05 16:13:20', '2026-03-05 16:13:20');
INSERT INTO "customers" ("id", "customer_number", "notes", "is_deleted", "created_at", "updated_at") VALUES ('d61d0b98-21dc-425a-828b-62ff45393a1f', '20240111-C01', '原始報價編號: 20240111-005
報價紀錄: 20240111-005
歷史成交數: 1', false, '2026-03-05 16:13:20', '2026-03-05 16:13:20');
INSERT INTO "company_names" ("id", "customer_id", "company_name", "is_primary", "sort_order", "created_at", "updated_at") VALUES ('5906b2df-e1f3-43ff-9fab-e34d487780f0', 'd61d0b98-21dc-425a-828b-62ff45393a1f', '台灣現用股份有限公司', true, 1, '2026-03-05 16:13:20', '2026-03-05 16:13:20');
INSERT INTO "locations" ("id", "customer_id", "name", "address", "is_primary", "sort_order", "created_at", "updated_at") VALUES ('2a309e2d-c642-4c9c-a0c7-a9d9a3820edc', 'd61d0b98-21dc-425a-828b-62ff45393a1f', '主要地址', '台北市內湖區新明路143巷8號1樓', true, 1, '2026-03-05 16:13:20', '2026-03-05 16:13:20');
INSERT INTO "contacts" ("id", "customer_id", "name", "phone", "mobile", "email", "fax", "is_primary", "sort_order", "created_at", "updated_at") VALUES ('34e07b26-9271-4412-a729-eee82de7d6c0', 'd61d0b98-21dc-425a-828b-62ff45393a1f', '張先生', '02-2796-8854', NULL, NULL, NULL, true, 1, '2026-03-05 16:13:20', '2026-03-05 16:13:20');
INSERT INTO "customers" ("id", "customer_number", "notes", "is_deleted", "created_at", "updated_at") VALUES ('7095dfa7-8526-4594-8ace-b3d9e7435a05', '20240111-C02', '原始報價編號: 20240111-008
報價紀錄: 20240111-008, 20240122-006
歷史成交數: 2', false, '2026-03-05 16:13:20', '2026-03-05 16:13:20');
INSERT INTO "locations" ("id", "customer_id", "name", "address", "is_primary", "sort_order", "created_at", "updated_at") VALUES ('c70a1392-fa76-48e2-ace5-d9542b2ce78c', '7095dfa7-8526-4594-8ace-b3d9e7435a05', '主要地址', '新北市三峽區學成路327之13號2樓', true, 1, '2026-03-05 16:13:20', '2026-03-05 16:13:20');
INSERT INTO "contacts" ("id", "customer_id", "name", "phone", "mobile", "email", "fax", "is_primary", "sort_order", "created_at", "updated_at") VALUES ('bf03b11f-55d3-4463-b3af-6b7bac36eb7f', '7095dfa7-8526-4594-8ace-b3d9e7435a05', '張小姐', NULL, '0982-828-451', NULL, NULL, true, 1, '2026-03-05 16:13:20', '2026-03-05 16:13:20');
INSERT INTO "customers" ("id", "customer_number", "notes", "is_deleted", "created_at", "updated_at") VALUES ('f04acf83-6c37-4a03-9f2d-aec2914a8049', '20240123-C01', '原始報價編號: 20240123-011
報價紀錄: 20240123-011, 20240909-008, 20241111-008
歷史成交數: 3', false, '2026-03-05 16:13:20', '2026-03-05 16:13:20');
INSERT INTO "company_names" ("id", "customer_id", "company_name", "is_primary", "sort_order", "created_at", "updated_at") VALUES ('b0256508-7674-47c4-8d4c-1068954838d5', 'f04acf83-6c37-4a03-9f2d-aec2914a8049', '慶和昌國際股份有限公司-吉泰旅店', true, 1, '2026-03-05 16:13:20', '2026-03-05 16:13:20');
INSERT INTO "company_names" ("id", "customer_id", "company_name", "is_primary", "sort_order", "created_at", "updated_at") VALUES ('f86f9766-c81b-45ad-a9ac-d22b111b3fc2', 'f04acf83-6c37-4a03-9f2d-aec2914a8049', '吉泰旅店', false, 2, '2026-03-05 16:13:20', '2026-03-05 16:13:20');
INSERT INTO "locations" ("id", "customer_id", "name", "address", "is_primary", "sort_order", "created_at", "updated_at") VALUES ('69d3a4c7-a471-4d20-b126-ec6328238bd7', 'f04acf83-6c37-4a03-9f2d-aec2914a8049', '主要地址', '台北市士林區大東路93號1樓', true, 1, '2026-03-05 16:13:20', '2026-03-05 16:13:20');
INSERT INTO "locations" ("id", "customer_id", "name", "address", "is_primary", "sort_order", "created_at", "updated_at") VALUES ('f87a93be-3687-40a6-8381-75ead1c93ce3', 'f04acf83-6c37-4a03-9f2d-aec2914a8049', '分支地址2', '台北市士林區大東路93號4樓', false, 2, '2026-03-05 16:13:20', '2026-03-05 16:13:20');
INSERT INTO "contacts" ("id", "customer_id", "name", "phone", "mobile", "email", "fax", "is_primary", "sort_order", "created_at", "updated_at") VALUES ('968cc986-5017-485c-8d23-f660290fb003', 'f04acf83-6c37-4a03-9f2d-aec2914a8049', '蕭小姐', '02-2882-2278', '0911-441-160', NULL, NULL, true, 1, '2026-03-05 16:13:20', '2026-03-05 16:13:20');
INSERT INTO "customers" ("id", "customer_number", "notes", "is_deleted", "created_at", "updated_at") VALUES ('b0588c23-9d21-415d-bdb1-70c9b7378519', '20240226-C01', '原始報價編號: 20240226-005
報價紀錄: 20240226-005, 20240306-012
歷史成交數: 2', false, '2026-03-05 16:13:20', '2026-03-05 16:13:20');
INSERT INTO "company_names" ("id", "customer_id", "company_name", "is_primary", "sort_order", "created_at", "updated_at") VALUES ('161b776a-0f91-4b2b-8b65-edb3a261fbd7', 'b0588c23-9d21-415d-bdb1-70c9b7378519', '大安富中社區', true, 1, '2026-03-05 16:13:20', '2026-03-05 16:13:20');
INSERT INTO "locations" ("id", "customer_id", "name", "address", "is_primary", "sort_order", "created_at", "updated_at") VALUES ('022a1798-6dc4-413b-99d5-d22f37135ba9', 'b0588c23-9d21-415d-bdb1-70c9b7378519', '主要地址', '台北市信義路三段147巷11弄8號', true, 1, '2026-03-05 16:13:20', '2026-03-05 16:13:20');
INSERT INTO "contacts" ("id", "customer_id", "name", "phone", "mobile", "email", "fax", "is_primary", "sort_order", "created_at", "updated_at") VALUES ('10fa91bc-8a9a-40b8-ae4c-a944755669f6', 'b0588c23-9d21-415d-bdb1-70c9b7378519', 'Geri', NULL, '0928-082-575', NULL, NULL, true, 1, '2026-03-05 16:13:20', '2026-03-05 16:13:20');
INSERT INTO "customers" ("id", "customer_number", "notes", "is_deleted", "created_at", "updated_at") VALUES ('14ddef41-2b1a-4907-b6a1-342aa1fdb65a', '20240226-C02', '原始報價編號: 20240226-007
報價紀錄: 20240226-007
歷史成交數: 1', false, '2026-03-05 16:13:20', '2026-03-05 16:13:20');
INSERT INTO "company_names" ("id", "customer_id", "company_name", "is_primary", "sort_order", "created_at", "updated_at") VALUES ('5c9b2c6a-7913-42ac-b72f-dff742ed4e2d', '14ddef41-2b1a-4907-b6a1-342aa1fdb65a', '宇唐室內裝璜設計行', true, 1, '2026-03-05 16:13:20', '2026-03-05 16:13:20');
INSERT INTO "locations" ("id", "customer_id", "name", "address", "is_primary", "sort_order", "created_at", "updated_at") VALUES ('db809e65-3b57-498d-ab09-32b36840c801', '14ddef41-2b1a-4907-b6a1-342aa1fdb65a', '主要地址', '新北市板橋區南雅南路一段8號3、4樓(百合長照機構)', true, 1, '2026-03-05 16:13:20', '2026-03-05 16:13:20');
INSERT INTO "contacts" ("id", "customer_id", "name", "phone", "mobile", "email", "fax", "is_primary", "sort_order", "created_at", "updated_at") VALUES ('2133b13b-da44-46bc-a57c-c9e4a36a4461', '14ddef41-2b1a-4907-b6a1-342aa1fdb65a', '蔡小姐', NULL, '0937-453-233', NULL, NULL, true, 1, '2026-03-05 16:13:20', '2026-03-05 16:13:20');
INSERT INTO "customers" ("id", "customer_number", "notes", "is_deleted", "created_at", "updated_at") VALUES ('0578daff-5e0a-4488-9f89-daecc22ba0f9', '20240227-C01', '原始報價編號: 20240227-006
報價紀錄: 20240227-006
歷史成交數: 1', false, '2026-03-05 16:13:20', '2026-03-05 16:13:20');
INSERT INTO "company_names" ("id", "customer_id", "company_name", "is_primary", "sort_order", "created_at", "updated_at") VALUES ('08c36c48-77fc-44eb-a4a3-129310915a36', '0578daff-5e0a-4488-9f89-daecc22ba0f9', '鈞禾生物科技股份有限公司', true, 1, '2026-03-05 16:13:20', '2026-03-05 16:13:20');
INSERT INTO "locations" ("id", "customer_id", "name", "address", "is_primary", "sort_order", "created_at", "updated_at") VALUES ('40ae42bd-fdda-42b5-9711-84786f343d6e', '0578daff-5e0a-4488-9f89-daecc22ba0f9', '主要地址', '台北市內湖區瑞光路188巷52號6樓', true, 1, '2026-03-05 16:13:20', '2026-03-05 16:13:20');
INSERT INTO "contacts" ("id", "customer_id", "name", "phone", "mobile", "email", "fax", "is_primary", "sort_order", "created_at", "updated_at") VALUES ('f2f96be1-8f8b-41ec-b42e-2235807edd26', '0578daff-5e0a-4488-9f89-daecc22ba0f9', '張寶文 小姐', NULL, '0987-474-701', NULL, NULL, true, 1, '2026-03-05 16:13:20', '2026-03-05 16:13:20');
INSERT INTO "customers" ("id", "customer_number", "notes", "is_deleted", "created_at", "updated_at") VALUES ('00ac0030-1927-4cd8-b799-26f22b1064da', '20240306-C01', '原始報價編號: 20240306-010
報價紀錄: 20240306-010, 20251128-005
歷史成交數: 2', false, '2026-03-05 16:13:20', '2026-03-05 16:13:20');
INSERT INTO "company_names" ("id", "customer_id", "company_name", "is_primary", "sort_order", "created_at", "updated_at") VALUES ('50c8dbc7-2021-4935-aa4b-79e67e3ee7d0', '00ac0030-1927-4cd8-b799-26f22b1064da', '捷麗安股份有限公司', true, 1, '2026-03-05 16:13:20', '2026-03-05 16:13:20');
INSERT INTO "locations" ("id", "customer_id", "name", "address", "is_primary", "sort_order", "created_at", "updated_at") VALUES ('5945fb59-d819-450a-8e23-4645a4f7c168', '00ac0030-1927-4cd8-b799-26f22b1064da', '主要地址', '台北市信義區信義路五段5號6樓6E03室', true, 1, '2026-03-05 16:13:20', '2026-03-05 16:13:20');
INSERT INTO "locations" ("id", "customer_id", "name", "address", "is_primary", "sort_order", "created_at", "updated_at") VALUES ('4dc4126b-8a76-4a59-bea5-1d67c436d42a', '00ac0030-1927-4cd8-b799-26f22b1064da', '分支地址2', '台北市信義區信義路五段5號6樓-6C12室', false, 2, '2026-03-05 16:13:20', '2026-03-05 16:13:20');
INSERT INTO "contacts" ("id", "customer_id", "name", "phone", "mobile", "email", "fax", "is_primary", "sort_order", "created_at", "updated_at") VALUES ('c21ea727-58a1-45a8-a0e9-d8cc3e5c9b04', '00ac0030-1927-4cd8-b799-26f22b1064da', '楊小姐', NULL, '0920-900-912', NULL, NULL, true, 1, '2026-03-05 16:13:20', '2026-03-05 16:13:20');
INSERT INTO "customers" ("id", "customer_number", "notes", "is_deleted", "created_at", "updated_at") VALUES ('6e2ac94f-7f48-4308-90e5-aba8f3364124', '20240313-C01', '原始報價編號: 20240313-005
報價紀錄: 20240313-005, 20240314-001
歷史成交數: 2', false, '2026-03-05 16:13:20', '2026-03-05 16:13:20');
INSERT INTO "company_names" ("id", "customer_id", "company_name", "is_primary", "sort_order", "created_at", "updated_at") VALUES ('11ef3b53-84d3-4d75-b9c3-02aeb1dfe813', '6e2ac94f-7f48-4308-90e5-aba8f3364124', '香港商高皆有限公司', true, 1, '2026-03-05 16:13:20', '2026-03-05 16:13:20');
INSERT INTO "locations" ("id", "customer_id", "name", "address", "is_primary", "sort_order", "created_at", "updated_at") VALUES ('7092667d-dd8e-4af2-8a02-86b2a8723bd5', '6e2ac94f-7f48-4308-90e5-aba8f3364124', '主要地址', '台北市長安東路一段25號6樓', true, 1, '2026-03-05 16:13:20', '2026-03-05 16:13:20');
INSERT INTO "contacts" ("id", "customer_id", "name", "phone", "mobile", "email", "fax", "is_primary", "sort_order", "created_at", "updated_at") VALUES ('840a15b7-3754-453c-a0fe-e878851e76b2', '6e2ac94f-7f48-4308-90e5-aba8f3364124', '彭逸薌 小姐', '02-2567-1786', '0937-046-304', NULL, NULL, true, 1, '2026-03-05 16:13:20', '2026-03-05 16:13:20');
INSERT INTO "customers" ("id", "customer_number", "notes", "is_deleted", "created_at", "updated_at") VALUES ('3e1321a1-6024-4b7c-9f70-c6bf62459c9d', '20240314-C01', '原始報價編號: 20240314-002
報價紀錄: 20240314-002
歷史成交數: 1', false, '2026-03-05 16:13:20', '2026-03-05 16:13:20');
INSERT INTO "company_names" ("id", "customer_id", "company_name", "is_primary", "sort_order", "created_at", "updated_at") VALUES ('3374289f-4d5e-418a-b178-85d93c04b895', '3e1321a1-6024-4b7c-9f70-c6bf62459c9d', '偉太廣告股份有限公司', true, 1, '2026-03-05 16:13:20', '2026-03-05 16:13:20');
INSERT INTO "locations" ("id", "customer_id", "name", "address", "is_primary", "sort_order", "created_at", "updated_at") VALUES ('9622fc82-ce8c-4a1e-a3cc-35e35c202f6a', '3e1321a1-6024-4b7c-9f70-c6bf62459c9d', '主要地址', '台北市中正區新生南路一段158號號3樓', true, 1, '2026-03-05 16:13:20', '2026-03-05 16:13:20');
INSERT INTO "contacts" ("id", "customer_id", "name", "phone", "mobile", "email", "fax", "is_primary", "sort_order", "created_at", "updated_at") VALUES ('e313f0a0-80a4-4476-b7d2-48b2e7d26348', '3e1321a1-6024-4b7c-9f70-c6bf62459c9d', '陳小姐', '02-2392-2211', NULL, NULL, NULL, true, 1, '2026-03-05 16:13:20', '2026-03-05 16:13:20');
INSERT INTO "customers" ("id", "customer_number", "notes", "is_deleted", "created_at", "updated_at") VALUES ('864deddf-760d-4c6b-9480-ec16c1c24938', '20240426-C01', '原始報價編號: 20240426-007
報價紀錄: 20240426-007
歷史成交數: 1', false, '2026-03-05 16:13:20', '2026-03-05 16:13:20');
INSERT INTO "company_names" ("id", "customer_id", "company_name", "is_primary", "sort_order", "created_at", "updated_at") VALUES ('30be5dde-d2ae-4bfd-a8a6-88c043e8d2c3', '864deddf-760d-4c6b-9480-ec16c1c24938', '冶藝設計', true, 1, '2026-03-05 16:13:20', '2026-03-05 16:13:20');
INSERT INTO "locations" ("id", "customer_id", "name", "address", "is_primary", "sort_order", "created_at", "updated_at") VALUES ('edb811b3-169d-4872-8e01-5ced3c31d386', '864deddf-760d-4c6b-9480-ec16c1c24938', '主要地址', '台北市大同區迪化街一段14巷18號1樓', true, 1, '2026-03-05 16:13:20', '2026-03-05 16:13:20');
INSERT INTO "contacts" ("id", "customer_id", "name", "phone", "mobile", "email", "fax", "is_primary", "sort_order", "created_at", "updated_at") VALUES ('d30f01cb-099f-4e12-adac-81009fb1e826', '864deddf-760d-4c6b-9480-ec16c1c24938', '張小姐', NULL, '0988-116-008', NULL, NULL, true, 1, '2026-03-05 16:13:20', '2026-03-05 16:13:20');
INSERT INTO "customers" ("id", "customer_number", "notes", "is_deleted", "created_at", "updated_at") VALUES ('ca84b475-e0af-4083-8c70-d8c8049d6482', '20240426-C02', '原始報價編號: 20240426-009
報價紀錄: 20240426-009, 20240506-003
歷史成交數: 2', false, '2026-03-05 16:13:20', '2026-03-05 16:13:20');
INSERT INTO "company_names" ("id", "customer_id", "company_name", "is_primary", "sort_order", "created_at", "updated_at") VALUES ('4c44e3ef-47fe-4060-8154-a94d3fc9bbe1', 'ca84b475-e0af-4083-8c70-d8c8049d6482', '聖維托空中瑜珈教室', true, 1, '2026-03-05 16:13:20', '2026-03-05 16:13:20');
INSERT INTO "locations" ("id", "customer_id", "name", "address", "is_primary", "sort_order", "created_at", "updated_at") VALUES ('489223fe-0260-4516-97b6-a72cf6eff0f7', 'ca84b475-e0af-4083-8c70-d8c8049d6482', '主要地址', '台北市大安區復興南路一段107巷5弄3號', true, 1, '2026-03-05 16:13:20', '2026-03-05 16:13:20');
INSERT INTO "contacts" ("id", "customer_id", "name", "phone", "mobile", "email", "fax", "is_primary", "sort_order", "created_at", "updated_at") VALUES ('d6482d23-434c-4a04-bac5-ae03baefae9e', 'ca84b475-e0af-4083-8c70-d8c8049d6482', '鍾睿秀 先生', NULL, '0913-991-868', NULL, NULL, true, 1, '2026-03-05 16:13:20', '2026-03-05 16:13:20');
INSERT INTO "contacts" ("id", "customer_id", "name", "phone", "mobile", "email", "fax", "is_primary", "sort_order", "created_at", "updated_at") VALUES ('a35986a1-f4e6-4052-abe4-dae367e207e5', 'ca84b475-e0af-4083-8c70-d8c8049d6482', 'Grace', NULL, NULL, NULL, NULL, false, 2, '2026-03-05 16:13:20', '2026-03-05 16:13:20');
INSERT INTO "customers" ("id", "customer_number", "notes", "is_deleted", "created_at", "updated_at") VALUES ('5e7537c3-3a1f-44eb-a77b-1d39ae7b0340', '20240502-C01', '原始報價編號: 20240502-003
報價紀錄: 20240502-003
歷史成交數: 1', false, '2026-03-05 16:13:20', '2026-03-05 16:13:20');
INSERT INTO "company_names" ("id", "customer_id", "company_name", "is_primary", "sort_order", "created_at", "updated_at") VALUES ('a085662b-27ac-41a4-9389-7af8ad1f3e46', '5e7537c3-3a1f-44eb-a77b-1d39ae7b0340', '長流大中華文教藝術基金會', true, 1, '2026-03-05 16:13:20', '2026-03-05 16:13:20');
INSERT INTO "locations" ("id", "customer_id", "name", "address", "is_primary", "sort_order", "created_at", "updated_at") VALUES ('79e2a247-d963-4345-95f4-d607fb41fbd4', '5e7537c3-3a1f-44eb-a77b-1d39ae7b0340', '主要地址', '台北市中正區仁愛路二段63號B1', true, 1, '2026-03-05 16:13:20', '2026-03-05 16:13:20');
INSERT INTO "contacts" ("id", "customer_id", "name", "phone", "mobile", "email", "fax", "is_primary", "sort_order", "created_at", "updated_at") VALUES ('8b490aa0-3921-4c73-a592-4c68ea2a480d', '5e7537c3-3a1f-44eb-a77b-1d39ae7b0340', '許良州 先生', NULL, '0915-257-759', NULL, NULL, true, 1, '2026-03-05 16:13:20', '2026-03-05 16:13:20');
INSERT INTO "customers" ("id", "customer_number", "notes", "is_deleted", "created_at", "updated_at") VALUES ('bb29bebb-1ab4-4388-9fd7-daeb4197e09a', '20240514-C01', '原始報價編號: 20240514-009
報價紀錄: 20240514-009
歷史成交數: 1', false, '2026-03-05 16:13:20', '2026-03-05 16:13:20');
INSERT INTO "company_names" ("id", "customer_id", "company_name", "is_primary", "sort_order", "created_at", "updated_at") VALUES ('5a3e396e-3d45-4fdf-9aeb-30fcb8545c3a', 'bb29bebb-1ab4-4388-9fd7-daeb4197e09a', '瑋忠科技企業股份有限公司', true, 1, '2026-03-05 16:13:20', '2026-03-05 16:13:20');
INSERT INTO "locations" ("id", "customer_id", "name", "address", "is_primary", "sort_order", "created_at", "updated_at") VALUES ('7bb0ee57-0319-45c1-b745-3da58fa80161', 'bb29bebb-1ab4-4388-9fd7-daeb4197e09a', '主要地址', '台北市內湖區民權東路六段13之23號3樓', true, 1, '2026-03-05 16:13:20', '2026-03-05 16:13:20');
INSERT INTO "contacts" ("id", "customer_id", "name", "phone", "mobile", "email", "fax", "is_primary", "sort_order", "created_at", "updated_at") VALUES ('7396e247-5974-4678-b38c-0b7b1ad10709', 'bb29bebb-1ab4-4388-9fd7-daeb4197e09a', '卓小姐', '02-8792-5853', NULL, NULL, NULL, true, 1, '2026-03-05 16:13:20', '2026-03-05 16:13:20');
INSERT INTO "customers" ("id", "customer_number", "notes", "is_deleted", "created_at", "updated_at") VALUES ('0142fd56-0994-4c9c-83e9-265f67820c2c', '20240526-C01', '原始報價編號: 20240526-005
報價紀錄: 20240526-005
歷史成交數: 1', false, '2026-03-05 16:13:20', '2026-03-05 16:13:20');
INSERT INTO "locations" ("id", "customer_id", "name", "address", "is_primary", "sort_order", "created_at", "updated_at") VALUES ('76980f94-75a3-4414-b792-134bcd4409ed', '0142fd56-0994-4c9c-83e9-265f67820c2c', '主要地址', '台北市北投區珠海路107巷(巷底)', true, 1, '2026-03-05 16:13:20', '2026-03-05 16:13:20');
INSERT INTO "contacts" ("id", "customer_id", "name", "phone", "mobile", "email", "fax", "is_primary", "sort_order", "created_at", "updated_at") VALUES ('c44fca86-204f-4c20-a6ba-440d9d330850', '0142fd56-0994-4c9c-83e9-265f67820c2c', 'Tommy', NULL, NULL, NULL, NULL, true, 1, '2026-03-05 16:13:20', '2026-03-05 16:13:20');
INSERT INTO "customers" ("id", "customer_number", "notes", "is_deleted", "created_at", "updated_at") VALUES ('67eca63f-ac25-4f3e-9d6a-32cecc322956', '20240529-C01', '原始報價編號: 20240529-003
報價紀錄: 20240529-003
歷史成交數: 1', false, '2026-03-05 16:13:20', '2026-03-05 16:13:20');
INSERT INTO "company_names" ("id", "customer_id", "company_name", "is_primary", "sort_order", "created_at", "updated_at") VALUES ('5253bcd3-c653-4d40-a1d6-0afa83f02152', '67eca63f-ac25-4f3e-9d6a-32cecc322956', '環境資源研究發展基金會', true, 1, '2026-03-05 16:13:20', '2026-03-05 16:13:20');
INSERT INTO "locations" ("id", "customer_id", "name", "address", "is_primary", "sort_order", "created_at", "updated_at") VALUES ('9a9e156c-f9b1-49ed-a9da-a8526c0607ca', '67eca63f-ac25-4f3e-9d6a-32cecc322956', '主要地址', '台北市建國北路二段1號9、10樓', true, 1, '2026-03-05 16:13:20', '2026-03-05 16:13:20');
INSERT INTO "contacts" ("id", "customer_id", "name", "phone", "mobile", "email", "fax", "is_primary", "sort_order", "created_at", "updated_at") VALUES ('86b9485b-0a90-4a4e-bccd-7810b11ffd28', '67eca63f-ac25-4f3e-9d6a-32cecc322956', '謝秀玲 小姐', '02-2515-0369 #281', NULL, NULL, NULL, true, 1, '2026-03-05 16:13:20', '2026-03-05 16:13:20');
INSERT INTO "customers" ("id", "customer_number", "notes", "is_deleted", "created_at", "updated_at") VALUES ('b0c039a3-6ced-43ed-af72-26215c60e6bf', '20240601-C01', '原始報價編號: 20240601-003
報價紀錄: 20240601-003
歷史成交數: 1', false, '2026-03-05 16:13:20', '2026-03-05 16:13:20');
INSERT INTO "company_names" ("id", "customer_id", "company_name", "is_primary", "sort_order", "created_at", "updated_at") VALUES ('49f2243f-eb6b-4129-b9ee-163ef92ef5cd', 'b0c039a3-6ced-43ed-af72-26215c60e6bf', '台灣好將來股份有限公司', true, 1, '2026-03-05 16:13:20', '2026-03-05 16:13:20');
INSERT INTO "locations" ("id", "customer_id", "name", "address", "is_primary", "sort_order", "created_at", "updated_at") VALUES ('e6fcd816-fe13-4b7a-b1c8-9da66358cf34', 'b0c039a3-6ced-43ed-af72-26215c60e6bf', '主要地址', '台北市中正區八德路一段23號9樓之1', true, 1, '2026-03-05 16:13:20', '2026-03-05 16:13:20');
INSERT INTO "contacts" ("id", "customer_id", "name", "phone", "mobile", "email", "fax", "is_primary", "sort_order", "created_at", "updated_at") VALUES ('482e9790-369c-474a-8d71-2eabe6a79328', 'b0c039a3-6ced-43ed-af72-26215c60e6bf', '鄭以琳 小姐', NULL, '0937-255-309', NULL, NULL, true, 1, '2026-03-05 16:13:20', '2026-03-05 16:13:20');
INSERT INTO "customers" ("id", "customer_number", "notes", "is_deleted", "created_at", "updated_at") VALUES ('427b576d-5815-4f25-8cdc-c9652c5eca3f', '20240604-C01', '原始報價編號: 20240604-005
報價紀錄: 20240604-005
歷史成交數: 1', false, '2026-03-05 16:13:20', '2026-03-05 16:13:20');
INSERT INTO "locations" ("id", "customer_id", "name", "address", "is_primary", "sort_order", "created_at", "updated_at") VALUES ('2f0efd7f-ab66-4e9c-b3dd-683cc7d36992', '427b576d-5815-4f25-8cdc-c9652c5eca3f', '主要地址', '台北市八德路三段235號1摟', true, 1, '2026-03-05 16:13:20', '2026-03-05 16:13:20');
INSERT INTO "contacts" ("id", "customer_id", "name", "phone", "mobile", "email", "fax", "is_primary", "sort_order", "created_at", "updated_at") VALUES ('c29ff17a-4be2-4e86-8b6c-5f7a80b92870', '427b576d-5815-4f25-8cdc-c9652c5eca3f', '鄭明智 先生', NULL, '0922-335-678', NULL, NULL, true, 1, '2026-03-05 16:13:20', '2026-03-05 16:13:20');
INSERT INTO "customers" ("id", "customer_number", "notes", "is_deleted", "created_at", "updated_at") VALUES ('2a390a1d-529f-4278-8e96-86ffe0486ddf', '20240610-C01', '原始報價編號: 20240610-005
報價紀錄: 20240610-005
歷史成交數: 1', false, '2026-03-05 16:13:20', '2026-03-05 16:13:20');
INSERT INTO "company_names" ("id", "customer_id", "company_name", "is_primary", "sort_order", "created_at", "updated_at") VALUES ('c70171e4-1753-474e-b3cb-52740cfbdae6', '2a390a1d-529f-4278-8e96-86ffe0486ddf', '格列佛有限公司', true, 1, '2026-03-05 16:13:20', '2026-03-05 16:13:20');
INSERT INTO "locations" ("id", "customer_id", "name", "address", "is_primary", "sort_order", "created_at", "updated_at") VALUES ('c4ff4ab0-58a6-48fc-aee9-3e604b815d87', '2a390a1d-529f-4278-8e96-86ffe0486ddf', '主要地址', '台北市松山區南京東路三段305號5樓', true, 1, '2026-03-05 16:13:20', '2026-03-05 16:13:20');
INSERT INTO "contacts" ("id", "customer_id", "name", "phone", "mobile", "email", "fax", "is_primary", "sort_order", "created_at", "updated_at") VALUES ('260d1bff-6dcc-4d28-9582-d89f41684764', '2a390a1d-529f-4278-8e96-86ffe0486ddf', '張聖平 先生', '02-2545-0500', '0906-888-056', NULL, NULL, true, 1, '2026-03-05 16:13:20', '2026-03-05 16:13:20');
INSERT INTO "customers" ("id", "customer_number", "notes", "is_deleted", "created_at", "updated_at") VALUES ('158fa3a6-71f8-4582-86b4-5bf0efa2a8ff', '20240612-C01', '原始報價編號: 20240612-005
報價紀錄: 20240612-005
歷史成交數: 1', false, '2026-03-05 16:13:20', '2026-03-05 16:13:20');
INSERT INTO "company_names" ("id", "customer_id", "company_name", "is_primary", "sort_order", "created_at", "updated_at") VALUES ('c3600fbf-7556-4bac-b876-faa26aa720e0', '158fa3a6-71f8-4582-86b4-5bf0efa2a8ff', '龍昌', true, 1, '2026-03-05 16:13:20', '2026-03-05 16:13:20');
INSERT INTO "locations" ("id", "customer_id", "name", "address", "is_primary", "sort_order", "created_at", "updated_at") VALUES ('9524d4b4-d32a-49d0-b1e1-1bdb6e632128', '158fa3a6-71f8-4582-86b4-5bf0efa2a8ff', '主要地址', '新北市板橋區民族路276巷1弄12號1樓', true, 1, '2026-03-05 16:13:20', '2026-03-05 16:13:20');
INSERT INTO "contacts" ("id", "customer_id", "name", "phone", "mobile", "email", "fax", "is_primary", "sort_order", "created_at", "updated_at") VALUES ('e277fc18-22db-4951-82f2-9d824f7349f4', '158fa3a6-71f8-4582-86b4-5bf0efa2a8ff', '蔡婉玲 小姐', NULL, NULL, NULL, NULL, true, 1, '2026-03-05 16:13:20', '2026-03-05 16:13:20');
INSERT INTO "customers" ("id", "customer_number", "notes", "is_deleted", "created_at", "updated_at") VALUES ('97865d61-c6a1-4799-a96a-b94500e04167', '20240619-C01', '原始報價編號: 20240619-003
報價紀錄: 20240619-003
歷史成交數: 1', false, '2026-03-05 16:13:20', '2026-03-05 16:13:20');
INSERT INTO "company_names" ("id", "customer_id", "company_name", "is_primary", "sort_order", "created_at", "updated_at") VALUES ('8ac30bf7-8b50-45be-a7da-b57987d93159', '97865d61-c6a1-4799-a96a-b94500e04167', '財團法人環境權保障基金會', true, 1, '2026-03-05 16:13:20', '2026-03-05 16:13:20');
INSERT INTO "locations" ("id", "customer_id", "name", "address", "is_primary", "sort_order", "created_at", "updated_at") VALUES ('375ce42e-8dc5-43c6-98ae-7b683a4abdc8', '97865d61-c6a1-4799-a96a-b94500e04167', '主要地址', '台北市大安區光復南路306號8樓之2', true, 1, '2026-03-05 16:13:20', '2026-03-05 16:13:20');
INSERT INTO "contacts" ("id", "customer_id", "name", "phone", "mobile", "email", "fax", "is_primary", "sort_order", "created_at", "updated_at") VALUES ('3c4ebf51-a1d4-485f-a278-04b539a650f2', '97865d61-c6a1-4799-a96a-b94500e04167', '范先生', '02-2391-5538', NULL, NULL, NULL, true, 1, '2026-03-05 16:13:20', '2026-03-05 16:13:20');
INSERT INTO "customers" ("id", "customer_number", "notes", "is_deleted", "created_at", "updated_at") VALUES ('31945ead-d052-4773-a7d9-e7cba9ac1831', '20240625-C01', '原始報價編號: 20240625-003
報價紀錄: 20240625-003
歷史成交數: 1', false, '2026-03-05 16:13:20', '2026-03-05 16:13:20');
INSERT INTO "company_names" ("id", "customer_id", "company_name", "is_primary", "sort_order", "created_at", "updated_at") VALUES ('4de36fe3-f2da-4055-a66a-e1349bbaa75f', '31945ead-d052-4773-a7d9-e7cba9ac1831', '財團法人亞太綜合研究院', true, 1, '2026-03-05 16:13:20', '2026-03-05 16:13:20');
INSERT INTO "locations" ("id", "customer_id", "name", "address", "is_primary", "sort_order", "created_at", "updated_at") VALUES ('c534f1f1-d446-44a6-9d66-f7ee9ff9e212', '31945ead-d052-4773-a7d9-e7cba9ac1831', '主要地址', '台北市和平東路一段216號10樓', true, 1, '2026-03-05 16:13:20', '2026-03-05 16:13:20');
INSERT INTO "contacts" ("id", "customer_id", "name", "phone", "mobile", "email", "fax", "is_primary", "sort_order", "created_at", "updated_at") VALUES ('a31a72ae-8b7e-4599-97ee-d617f28fa41b', '31945ead-d052-4773-a7d9-e7cba9ac1831', '范雯琪 小姐', '02-2368-3688', NULL, NULL, NULL, true, 1, '2026-03-05 16:13:20', '2026-03-05 16:13:20');
INSERT INTO "customers" ("id", "customer_number", "notes", "is_deleted", "created_at", "updated_at") VALUES ('36856214-8dd6-4a14-a237-e97b423e3cc9', '20240626-C01', '原始報價編號: 20240626-005
報價紀錄: 20240626-005
歷史成交數: 1', false, '2026-03-05 16:13:20', '2026-03-05 16:13:20');
INSERT INTO "locations" ("id", "customer_id", "name", "address", "is_primary", "sort_order", "created_at", "updated_at") VALUES ('26c6d71c-53ab-4ee8-a355-5bca2c2224b0', '36856214-8dd6-4a14-a237-e97b423e3cc9', '主要地址', '新北市新店區華城路60號', true, 1, '2026-03-05 16:13:20', '2026-03-05 16:13:20');
INSERT INTO "contacts" ("id", "customer_id", "name", "phone", "mobile", "email", "fax", "is_primary", "sort_order", "created_at", "updated_at") VALUES ('21b3d97b-cd3a-4e48-a0c6-a922e5d934f3', '36856214-8dd6-4a14-a237-e97b423e3cc9', '張小姐', NULL, '0982-828-451', NULL, NULL, true, 1, '2026-03-05 16:13:20', '2026-03-05 16:13:20');
INSERT INTO "customers" ("id", "customer_number", "notes", "is_deleted", "created_at", "updated_at") VALUES ('8c7a807c-c19b-406d-9742-409df608e145', '20240626-C02', '原始報價編號: 20240626-006
報價紀錄: 20240626-006
歷史成交數: 1', false, '2026-03-05 16:13:20', '2026-03-05 16:13:20');
INSERT INTO "locations" ("id", "customer_id", "name", "address", "is_primary", "sort_order", "created_at", "updated_at") VALUES ('b866e5e2-4c7a-4602-89f7-0692bba9a2ac', '8c7a807c-c19b-406d-9742-409df608e145', '主要地址', '桃園市楊梅區中山北路一段293巷2號', true, 1, '2026-03-05 16:13:20', '2026-03-05 16:13:20');
INSERT INTO "contacts" ("id", "customer_id", "name", "phone", "mobile", "email", "fax", "is_primary", "sort_order", "created_at", "updated_at") VALUES ('afa670ce-6a40-427d-8938-8e5e58fcb133', '8c7a807c-c19b-406d-9742-409df608e145', '鄭芷安 小姐', NULL, '0905-309-133', NULL, NULL, true, 1, '2026-03-05 16:13:20', '2026-03-05 16:13:20');
INSERT INTO "customers" ("id", "customer_number", "notes", "is_deleted", "created_at", "updated_at") VALUES ('e80c02e7-64f8-44de-a622-b9ab5ff57953', '20240627-C01', '原始報價編號: 20240627-003
報價紀錄: 20240627-003
歷史成交數: 1', false, '2026-03-05 16:13:20', '2026-03-05 16:13:20');
INSERT INTO "company_names" ("id", "customer_id", "company_name", "is_primary", "sort_order", "created_at", "updated_at") VALUES ('e02f2d33-9891-4637-af44-9b9c4069fcd8', 'e80c02e7-64f8-44de-a622-b9ab5ff57953', '賽博購股份有限公司', true, 1, '2026-03-05 16:13:20', '2026-03-05 16:13:20');
INSERT INTO "locations" ("id", "customer_id", "name", "address", "is_primary", "sort_order", "created_at", "updated_at") VALUES ('850a1e31-2c37-4648-947d-1f17994a02af', 'e80c02e7-64f8-44de-a622-b9ab5ff57953', '主要地址', '台北市南京東路四段152號5樓', true, 1, '2026-03-05 16:13:20', '2026-03-05 16:13:20');
INSERT INTO "contacts" ("id", "customer_id", "name", "phone", "mobile", "email", "fax", "is_primary", "sort_order", "created_at", "updated_at") VALUES ('dffc7197-8722-49ba-b041-180dae426f4b', 'e80c02e7-64f8-44de-a622-b9ab5ff57953', '蔡小姐', '02-5581-6667 #586', NULL, NULL, NULL, true, 1, '2026-03-05 16:13:20', '2026-03-05 16:13:20');
INSERT INTO "customers" ("id", "customer_number", "notes", "is_deleted", "created_at", "updated_at") VALUES ('f57d092d-60f3-4196-8ac4-42d825ea257d', '20240627-C02', '原始報價編號: 20240627-005
報價紀錄: 20240627-005
歷史成交數: 1', false, '2026-03-05 16:13:20', '2026-03-05 16:13:20');
INSERT INTO "company_names" ("id", "customer_id", "company_name", "is_primary", "sort_order", "created_at", "updated_at") VALUES ('3068c209-c0a7-4e12-ab6a-8409a0d1aecf', 'f57d092d-60f3-4196-8ac4-42d825ea257d', '上準微流體股份有限公司', true, 1, '2026-03-05 16:13:20', '2026-03-05 16:13:20');
INSERT INTO "locations" ("id", "customer_id", "name", "address", "is_primary", "sort_order", "created_at", "updated_at") VALUES ('dd5b7f29-c40c-45e1-a719-b58286cf5175', 'f57d092d-60f3-4196-8ac4-42d825ea257d', '主要地址', '台北市內湖區行愛路77巷69號5樓', true, 1, '2026-03-05 16:13:20', '2026-03-05 16:13:20');
INSERT INTO "contacts" ("id", "customer_id", "name", "phone", "mobile", "email", "fax", "is_primary", "sort_order", "created_at", "updated_at") VALUES ('efd4cada-cc74-47af-867f-4ca1b3a44ebd', 'f57d092d-60f3-4196-8ac4-42d825ea257d', '曾冠平 先生', '02-2792-3976 #123', NULL, NULL, NULL, true, 1, '2026-03-05 16:13:20', '2026-03-05 16:13:20');
INSERT INTO "customers" ("id", "customer_number", "notes", "is_deleted", "created_at", "updated_at") VALUES ('ef74f84d-a700-4163-bae9-88f2f7c4fffe', '20240729-C01', '原始報價編號: 20240729-003
報價紀錄: 20240729-003
歷史成交數: 1', false, '2026-03-05 16:13:20', '2026-03-05 16:13:20');
INSERT INTO "company_names" ("id", "customer_id", "company_name", "is_primary", "sort_order", "created_at", "updated_at") VALUES ('4a065d12-3a0b-4604-a46a-9026f7e1c081', 'ef74f84d-a700-4163-bae9-88f2f7c4fffe', '臺北市私立夏莉絲托嬰中心', true, 1, '2026-03-05 16:13:20', '2026-03-05 16:13:20');
INSERT INTO "locations" ("id", "customer_id", "name", "address", "is_primary", "sort_order", "created_at", "updated_at") VALUES ('dd7950f4-17fe-4167-8a37-69ef387f644c', 'ef74f84d-a700-4163-bae9-88f2f7c4fffe', '主要地址', '台北市大安區建國南路一段258巷18號1樓', true, 1, '2026-03-05 16:13:20', '2026-03-05 16:13:20');
INSERT INTO "contacts" ("id", "customer_id", "name", "phone", "mobile", "email", "fax", "is_primary", "sort_order", "created_at", "updated_at") VALUES ('f9cda44d-08ff-4e33-880d-921d3fcfe4c1', 'ef74f84d-a700-4163-bae9-88f2f7c4fffe', '奧司丁', '02-2358-2816', NULL, NULL, NULL, true, 1, '2026-03-05 16:13:20', '2026-03-05 16:13:20');
INSERT INTO "customers" ("id", "customer_number", "notes", "is_deleted", "created_at", "updated_at") VALUES ('f772eb7d-e027-4cad-b45c-bc575f2a41b6', '20240820-C01', '原始報價編號: 20240820-006
報價紀錄: 20240820-006
歷史成交數: 1', false, '2026-03-05 16:13:20', '2026-03-05 16:13:20');
INSERT INTO "company_names" ("id", "customer_id", "company_name", "is_primary", "sort_order", "created_at", "updated_at") VALUES ('557e556c-d45f-484e-bcd5-033c9f84f067', 'f772eb7d-e027-4cad-b45c-bc575f2a41b6', '寶源科技有限公司', true, 1, '2026-03-05 16:13:20', '2026-03-05 16:13:20');
INSERT INTO "locations" ("id", "customer_id", "name", "address", "is_primary", "sort_order", "created_at", "updated_at") VALUES ('8b491dc2-e885-464a-a789-d798a6a48bdf', 'f772eb7d-e027-4cad-b45c-bc575f2a41b6', '主要地址', '桃園市觀音區上大里中觀路一段703巷42號', true, 1, '2026-03-05 16:13:20', '2026-03-05 16:13:20');
INSERT INTO "contacts" ("id", "customer_id", "name", "phone", "mobile", "email", "fax", "is_primary", "sort_order", "created_at", "updated_at") VALUES ('8cd02089-e3c9-4fa6-b19b-d528a2e8a9bf', 'f772eb7d-e027-4cad-b45c-bc575f2a41b6', '林寶源 先生', '03-4200-218', '0935-751-318', NULL, NULL, true, 1, '2026-03-05 16:13:20', '2026-03-05 16:13:20');
INSERT INTO "customers" ("id", "customer_number", "notes", "is_deleted", "created_at", "updated_at") VALUES ('976b347c-4a95-47a6-85d1-9e08f9f32199', '20240828-C01', '原始報價編號: 20240828-003
報價紀錄: 20240828-003
歷史成交數: 1', false, '2026-03-05 16:13:20', '2026-03-05 16:13:20');
INSERT INTO "company_names" ("id", "customer_id", "company_name", "is_primary", "sort_order", "created_at", "updated_at") VALUES ('3da2db37-a669-4314-aad8-037751655e93', '976b347c-4a95-47a6-85d1-9e08f9f32199', '大都會平台科技股份有限公司', true, 1, '2026-03-05 16:13:20', '2026-03-05 16:13:20');
INSERT INTO "locations" ("id", "customer_id", "name", "address", "is_primary", "sort_order", "created_at", "updated_at") VALUES ('824e65ce-46a9-4f95-aff9-6ae0f5de059f', '976b347c-4a95-47a6-85d1-9e08f9f32199', '主要地址', '台北市內湖區舊宗路二段105號4樓', true, 1, '2026-03-05 16:13:20', '2026-03-05 16:13:20');
INSERT INTO "contacts" ("id", "customer_id", "name", "phone", "mobile", "email", "fax", "is_primary", "sort_order", "created_at", "updated_at") VALUES ('819dc8d6-fec8-4cfc-bc65-ab68dd6e1bfb', '976b347c-4a95-47a6-85d1-9e08f9f32199', '杜慧婕 小姐', '02-2659-9898 #311', NULL, NULL, NULL, true, 1, '2026-03-05 16:13:20', '2026-03-05 16:13:20');
INSERT INTO "customers" ("id", "customer_number", "notes", "is_deleted", "created_at", "updated_at") VALUES ('7bf415a1-4ac4-4fb2-ad1e-6019bda5ef16', '20240828-C02', '原始報價編號: 20240828-009
報價紀錄: 20240828-009
歷史成交數: 1', false, '2026-03-05 16:13:20', '2026-03-05 16:13:20');
INSERT INTO "locations" ("id", "customer_id", "name", "address", "is_primary", "sort_order", "created_at", "updated_at") VALUES ('4353171d-7cbd-49f6-89c5-34a8740c042b', '7bf415a1-4ac4-4fb2-ad1e-6019bda5ef16', '主要地址', '台北市大安區敦化南路一段205號11樓之10（1210室）', true, 1, '2026-03-05 16:13:20', '2026-03-05 16:13:20');
INSERT INTO "contacts" ("id", "customer_id", "name", "phone", "mobile", "email", "fax", "is_primary", "sort_order", "created_at", "updated_at") VALUES ('d8beb0e7-c989-4931-be3d-3bc898e012b4', '7bf415a1-4ac4-4fb2-ad1e-6019bda5ef16', '蘇小姐', '02-7712-0866', '0986-760-966', NULL, NULL, true, 1, '2026-03-05 16:13:20', '2026-03-05 16:13:20');
INSERT INTO "customers" ("id", "customer_number", "notes", "is_deleted", "created_at", "updated_at") VALUES ('5915d37c-bc5b-47e3-938b-f3d26d5023d3', '20240919-C01', '原始報價編號: 20240919-010
報價紀錄: 20240919-010
歷史成交數: 1', false, '2026-03-05 16:13:20', '2026-03-05 16:13:20');
INSERT INTO "company_names" ("id", "customer_id", "company_name", "is_primary", "sort_order", "created_at", "updated_at") VALUES ('0fd6797e-b4ba-4ff5-8e38-e1d1fb3433da', '5915d37c-bc5b-47e3-938b-f3d26d5023d3', '富貴樓', true, 1, '2026-03-05 16:13:20', '2026-03-05 16:13:20');
INSERT INTO "locations" ("id", "customer_id", "name", "address", "is_primary", "sort_order", "created_at", "updated_at") VALUES ('745cccf6-95a5-4243-ba0a-08fe6bb11eee', '5915d37c-bc5b-47e3-938b-f3d26d5023d3', '主要地址', '台北市信義區松山路510號', true, 1, '2026-03-05 16:13:20', '2026-03-05 16:13:20');
INSERT INTO "contacts" ("id", "customer_id", "name", "phone", "mobile", "email", "fax", "is_primary", "sort_order", "created_at", "updated_at") VALUES ('781d5471-b022-4b57-89ab-81fcb6f7d56f', '5915d37c-bc5b-47e3-938b-f3d26d5023d3', '黃先生', '02-2727-2632', '0953-017-712', NULL, NULL, true, 1, '2026-03-05 16:13:20', '2026-03-05 16:13:20');
INSERT INTO "customers" ("id", "customer_number", "notes", "is_deleted", "created_at", "updated_at") VALUES ('e722d881-592f-4e5c-b4f1-b9513422fff5', '20240923-C01', '原始報價編號: 20240923-006
報價紀錄: 20240923-006
歷史成交數: 1', false, '2026-03-05 16:13:20', '2026-03-05 16:13:20');
INSERT INTO "locations" ("id", "customer_id", "name", "address", "is_primary", "sort_order", "created_at", "updated_at") VALUES ('cf5bebfb-4c97-4561-91de-94b76b4edf9c', 'e722d881-592f-4e5c-b4f1-b9513422fff5', '主要地址', '台北市大同區承德路三段219號2樓', true, 1, '2026-03-05 16:13:20', '2026-03-05 16:13:20');
INSERT INTO "contacts" ("id", "customer_id", "name", "phone", "mobile", "email", "fax", "is_primary", "sort_order", "created_at", "updated_at") VALUES ('b4515792-3078-4567-84e7-d8853736e708', 'e722d881-592f-4e5c-b4f1-b9513422fff5', '湯先生', NULL, '0975-972-721', NULL, NULL, true, 1, '2026-03-05 16:13:20', '2026-03-05 16:13:20');
INSERT INTO "customers" ("id", "customer_number", "notes", "is_deleted", "created_at", "updated_at") VALUES ('e9203397-a825-4a03-9917-82abe7ebf300', '20240923-C02', '原始報價編號: 20240923-009
報價紀錄: 20240923-009
歷史成交數: 1', false, '2026-03-05 16:13:20', '2026-03-05 16:13:20');
INSERT INTO "company_names" ("id", "customer_id", "company_name", "is_primary", "sort_order", "created_at", "updated_at") VALUES ('7e4a539f-0d46-48c9-8006-18382038cb3a', 'e9203397-a825-4a03-9917-82abe7ebf300', '香港商陽獅銳奇媒體股份有限公司台灣分公司', true, 1, '2026-03-05 16:13:20', '2026-03-05 16:13:20');
INSERT INTO "locations" ("id", "customer_id", "name", "address", "is_primary", "sort_order", "created_at", "updated_at") VALUES ('082da983-2b05-489f-93b0-052bd906a4db', 'e9203397-a825-4a03-9917-82abe7ebf300', '主要地址', '台北市大安區信義路四段6號18樓', true, 1, '2026-03-05 16:13:20', '2026-03-05 16:13:20');
INSERT INTO "contacts" ("id", "customer_id", "name", "phone", "mobile", "email", "fax", "is_primary", "sort_order", "created_at", "updated_at") VALUES ('7c4e9d66-8960-4d40-bf9f-39b0b138862d', 'e9203397-a825-4a03-9917-82abe7ebf300', '林姵妤 小姐', '02-7747-3339', NULL, NULL, NULL, true, 1, '2026-03-05 16:13:20', '2026-03-05 16:13:20');
INSERT INTO "customers" ("id", "customer_number", "notes", "is_deleted", "created_at", "updated_at") VALUES ('0f117702-61a1-45c5-8109-0296efa6001a', '20240924-C01', '原始報價編號: 20240924-005
報價紀錄: 20240924-005
歷史成交數: 1', false, '2026-03-05 16:13:20', '2026-03-05 16:13:20');
INSERT INTO "company_names" ("id", "customer_id", "company_name", "is_primary", "sort_order", "created_at", "updated_at") VALUES ('51a06b5e-c7d8-4c52-b550-da527a5c301c', '0f117702-61a1-45c5-8109-0296efa6001a', '國華科技有限公司', true, 1, '2026-03-05 16:13:20', '2026-03-05 16:13:20');
INSERT INTO "locations" ("id", "customer_id", "name", "address", "is_primary", "sort_order", "created_at", "updated_at") VALUES ('103af13f-6abc-4d03-80e8-fc8b2460171d', '0f117702-61a1-45c5-8109-0296efa6001a', '主要地址', '台北市信義區光復南路505號5F之3', true, 1, '2026-03-05 16:13:20', '2026-03-05 16:13:20');
INSERT INTO "contacts" ("id", "customer_id", "name", "phone", "mobile", "email", "fax", "is_primary", "sort_order", "created_at", "updated_at") VALUES ('7f93ec17-93ee-4f89-8fc8-c22946fb0c1c', '0f117702-61a1-45c5-8109-0296efa6001a', '葉小姐', '02-2758-9301 #211', NULL, NULL, NULL, true, 1, '2026-03-05 16:13:20', '2026-03-05 16:13:20');
INSERT INTO "customers" ("id", "customer_number", "notes", "is_deleted", "created_at", "updated_at") VALUES ('4659b086-1df5-46aa-8c5b-ea06596b65ea', '20240927-C01', '原始報價編號: 20240927-005
報價紀錄: 20240927-005
歷史成交數: 1', false, '2026-03-05 16:13:20', '2026-03-05 16:13:20');
INSERT INTO "company_names" ("id", "customer_id", "company_name", "is_primary", "sort_order", "created_at", "updated_at") VALUES ('5a715dac-c7aa-45a2-9302-722da3ef069f', '4659b086-1df5-46aa-8c5b-ea06596b65ea', '寬橋有限公司', true, 1, '2026-03-05 16:13:20', '2026-03-05 16:13:20');
INSERT INTO "locations" ("id", "customer_id", "name", "address", "is_primary", "sort_order", "created_at", "updated_at") VALUES ('63520ed0-ace4-4d75-82bf-c81ff49e3686', '4659b086-1df5-46aa-8c5b-ea06596b65ea', '主要地址', '台北市大安區敦化南路一段205號9F-907室', true, 1, '2026-03-05 16:13:20', '2026-03-05 16:13:20');
INSERT INTO "contacts" ("id", "customer_id", "name", "phone", "mobile", "email", "fax", "is_primary", "sort_order", "created_at", "updated_at") VALUES ('f8d10b42-a4a7-4b73-8ace-854d4a22ce84', '4659b086-1df5-46aa-8c5b-ea06596b65ea', '黃小姐', NULL, '0930-865-220', NULL, NULL, true, 1, '2026-03-05 16:13:20', '2026-03-05 16:13:20');
INSERT INTO "customers" ("id", "customer_number", "notes", "is_deleted", "created_at", "updated_at") VALUES ('7c1202ee-64c4-4374-9fa5-0bf2e2cb66c1', '20240927-C02', '原始報價編號: 20240927-008
報價紀錄: 20240927-008
歷史成交數: 1', false, '2026-03-05 16:13:20', '2026-03-05 16:13:20');
INSERT INTO "company_names" ("id", "customer_id", "company_name", "is_primary", "sort_order", "created_at", "updated_at") VALUES ('6901b9af-eedc-476d-9a5f-65c385335486', '7c1202ee-64c4-4374-9fa5-0bf2e2cb66c1', '富鋒聯合顧問有限公司', true, 1, '2026-03-05 16:13:20', '2026-03-05 16:13:20');
INSERT INTO "locations" ("id", "customer_id", "name", "address", "is_primary", "sort_order", "created_at", "updated_at") VALUES ('a559584d-fdb9-44ce-980b-9851df3d7984', '7c1202ee-64c4-4374-9fa5-0bf2e2cb66c1', '主要地址', '台北市忠孝東路一段35號8樓', true, 1, '2026-03-05 16:13:20', '2026-03-05 16:13:20');
INSERT INTO "contacts" ("id", "customer_id", "name", "phone", "mobile", "email", "fax", "is_primary", "sort_order", "created_at", "updated_at") VALUES ('d332acc0-03e0-42a7-a78f-6333db30a90d', '7c1202ee-64c4-4374-9fa5-0bf2e2cb66c1', '吳卉榛 小姐', '02-2391-9955 #988', NULL, NULL, NULL, true, 1, '2026-03-05 16:13:20', '2026-03-05 16:13:20');
INSERT INTO "customers" ("id", "customer_number", "notes", "is_deleted", "created_at", "updated_at") VALUES ('6dcdb9bc-a442-440e-9611-a59f9757c2c4', '20240930-C01', '原始報價編號: 20240930-007
報價紀錄: 20240930-007
歷史成交數: 1', false, '2026-03-05 16:13:20', '2026-03-05 16:13:20');
INSERT INTO "company_names" ("id", "customer_id", "company_name", "is_primary", "sort_order", "created_at", "updated_at") VALUES ('187d30e4-ffa7-4866-bc94-d0e2abfea325', '6dcdb9bc-a442-440e-9611-a59f9757c2c4', '森薈企業有限公司', true, 1, '2026-03-05 16:13:20', '2026-03-05 16:13:20');
INSERT INTO "locations" ("id", "customer_id", "name", "address", "is_primary", "sort_order", "created_at", "updated_at") VALUES ('845b59f7-7aa0-469a-a224-66a2ac6d4fc7', '6dcdb9bc-a442-440e-9611-a59f9757c2c4', '主要地址', '台北市復興南路一段390號5樓之4', true, 1, '2026-03-05 16:13:20', '2026-03-05 16:13:20');
INSERT INTO "contacts" ("id", "customer_id", "name", "phone", "mobile", "email", "fax", "is_primary", "sort_order", "created_at", "updated_at") VALUES ('5039ffd2-6a74-48f5-adb1-2b85a285e78e', '6dcdb9bc-a442-440e-9611-a59f9757c2c4', '杜承暾 先生', '02-2703-1497', '0921-600-648', NULL, NULL, true, 1, '2026-03-05 16:13:20', '2026-03-05 16:13:20');
INSERT INTO "customers" ("id", "customer_number", "notes", "is_deleted", "created_at", "updated_at") VALUES ('14fe8597-e311-47da-8c09-8f649a20d67a', '20241007-C01', '原始報價編號: 20241007-009
報價紀錄: 20241007-009, 20241113-007
歷史成交數: 2', false, '2026-03-05 16:13:20', '2026-03-05 16:13:20');
INSERT INTO "company_names" ("id", "customer_id", "company_name", "is_primary", "sort_order", "created_at", "updated_at") VALUES ('4843ee5e-84d5-4fc4-94b2-40d3a49f8555', '14fe8597-e311-47da-8c09-8f649a20d67a', '合潤股份有限公司', true, 1, '2026-03-05 16:13:20', '2026-03-05 16:13:20');
INSERT INTO "locations" ("id", "customer_id", "name", "address", "is_primary", "sort_order", "created_at", "updated_at") VALUES ('fd0dc994-41a8-4cbd-a669-3231316dad1d', '14fe8597-e311-47da-8c09-8f649a20d67a', '主要地址', '台北市內湖區行愛路78巷28號3樓之6', true, 1, '2026-03-05 16:13:20', '2026-03-05 16:13:20');
INSERT INTO "contacts" ("id", "customer_id", "name", "phone", "mobile", "email", "fax", "is_primary", "sort_order", "created_at", "updated_at") VALUES ('4b0e46e8-240b-4c8a-aa1c-57ec27960645', '14fe8597-e311-47da-8c09-8f649a20d67a', '沈芷卉 小姐', '02-2791-0616 #288', NULL, NULL, NULL, true, 1, '2026-03-05 16:13:20', '2026-03-05 16:13:20');
INSERT INTO "customers" ("id", "customer_number", "notes", "is_deleted", "created_at", "updated_at") VALUES ('8c711f03-a884-4f3b-b0cb-cb3be5bc6860', '20241011-C01', '原始報價編號: 20241011-010
報價紀錄: 20241011-010
歷史成交數: 1', false, '2026-03-05 16:13:20', '2026-03-05 16:13:20');
INSERT INTO "company_names" ("id", "customer_id", "company_name", "is_primary", "sort_order", "created_at", "updated_at") VALUES ('5b128c12-cb7a-4c1b-b511-28438df5d105', '8c711f03-a884-4f3b-b0cb-cb3be5bc6860', '春池文教機構', true, 1, '2026-03-05 16:13:20', '2026-03-05 16:13:20');
INSERT INTO "locations" ("id", "customer_id", "name", "address", "is_primary", "sort_order", "created_at", "updated_at") VALUES ('25bd12ee-c667-48b0-90d2-7b136f997071', '8c711f03-a884-4f3b-b0cb-cb3be5bc6860', '主要地址', '新北市中和區宜安路112號1樓', true, 1, '2026-03-05 16:13:20', '2026-03-05 16:13:20');
INSERT INTO "contacts" ("id", "customer_id", "name", "phone", "mobile", "email", "fax", "is_primary", "sort_order", "created_at", "updated_at") VALUES ('96e64153-6ed3-415b-be9e-67b162c64f26', '8c711f03-a884-4f3b-b0cb-cb3be5bc6860', '陳玫秀 小姐', '02-3233-8909', NULL, NULL, NULL, true, 1, '2026-03-05 16:13:20', '2026-03-05 16:13:20');
INSERT INTO "customers" ("id", "customer_number", "notes", "is_deleted", "created_at", "updated_at") VALUES ('f0db68fd-9b69-47f9-955e-02b6a50a86ff', '20241017-C01', '原始報價編號: 20241017-012
報價紀錄: 20241017-012, 20241028-002
歷史成交數: 2', false, '2026-03-05 16:13:20', '2026-03-05 16:13:20');
INSERT INTO "company_names" ("id", "customer_id", "company_name", "is_primary", "sort_order", "created_at", "updated_at") VALUES ('9bac9959-ea6e-418b-8647-c3d6dd114375', 'f0db68fd-9b69-47f9-955e-02b6a50a86ff', '台灣網路數據', true, 1, '2026-03-05 16:13:20', '2026-03-05 16:13:20');
INSERT INTO "locations" ("id", "customer_id", "name", "address", "is_primary", "sort_order", "created_at", "updated_at") VALUES ('8c171583-d697-4791-b3be-887f26ef8a50', 'f0db68fd-9b69-47f9-955e-02b6a50a86ff', '主要地址', '台北市內湖區堤頂大道二段15號6樓', true, 1, '2026-03-05 16:13:20', '2026-03-05 16:13:20');
INSERT INTO "contacts" ("id", "customer_id", "name", "phone", "mobile", "email", "fax", "is_primary", "sort_order", "created_at", "updated_at") VALUES ('d29635ba-60a2-4a84-a06a-8c4fc4b39b4b', 'f0db68fd-9b69-47f9-955e-02b6a50a86ff', '黃宏傑 先生', NULL, '0916-757-877', NULL, NULL, true, 1, '2026-03-05 16:13:20', '2026-03-05 16:13:20');
INSERT INTO "customers" ("id", "customer_number", "notes", "is_deleted", "created_at", "updated_at") VALUES ('0a69c21a-fca2-4411-a5ac-ad7223b6542e', '20241018-C01', '原始報價編號: 20241018-007
報價紀錄: 20241018-007, 20241101-009
歷史成交數: 2', false, '2026-03-05 16:13:20', '2026-03-05 16:13:20');
INSERT INTO "company_names" ("id", "customer_id", "company_name", "is_primary", "sort_order", "created_at", "updated_at") VALUES ('0e65ed22-867c-4cb5-91e6-db6f0afdc0a5', '0a69c21a-fca2-4411-a5ac-ad7223b6542e', '海綿樹網路社群媒體股份有限公司', true, 1, '2026-03-05 16:13:20', '2026-03-05 16:13:20');
INSERT INTO "locations" ("id", "customer_id", "name", "address", "is_primary", "sort_order", "created_at", "updated_at") VALUES ('89cd3760-0f8b-4f2a-b7f2-a8b8effc7db3', '0a69c21a-fca2-4411-a5ac-ad7223b6542e', '主要地址', '台北市內湖區堤頂大道二段407巷32號2樓', true, 1, '2026-03-05 16:13:20', '2026-03-05 16:13:20');
INSERT INTO "contacts" ("id", "customer_id", "name", "phone", "mobile", "email", "fax", "is_primary", "sort_order", "created_at", "updated_at") VALUES ('31f35fc1-61db-474c-9406-fa26c78f27e8', '0a69c21a-fca2-4411-a5ac-ad7223b6542e', '都先生', NULL, '0975-602-288', NULL, NULL, true, 1, '2026-03-05 16:13:20', '2026-03-05 16:13:20');
INSERT INTO "customers" ("id", "customer_number", "notes", "is_deleted", "created_at", "updated_at") VALUES ('b7aa0f25-c31b-4080-9c16-e95ba8fcbad7', '20241030-C01', '原始報價編號: 20241030-011
報價紀錄: 20241030-011, 20250625-006
歷史成交數: 2', false, '2026-03-05 16:13:20', '2026-03-05 16:13:20');
INSERT INTO "company_names" ("id", "customer_id", "company_name", "is_primary", "sort_order", "created_at", "updated_at") VALUES ('c915a08a-e8a5-4e15-9a95-10e27eb509be', 'b7aa0f25-c31b-4080-9c16-e95ba8fcbad7', '捷柏資訊股份有限公司', true, 1, '2026-03-05 16:13:20', '2026-03-05 16:13:20');
INSERT INTO "locations" ("id", "customer_id", "name", "address", "is_primary", "sort_order", "created_at", "updated_at") VALUES ('1b0f4d3f-4c1c-4233-91e9-262489c1336c', 'b7aa0f25-c31b-4080-9c16-e95ba8fcbad7', '主要地址', '台北市中山區松江路169號17樓(施維雅)', true, 1, '2026-03-05 16:13:20', '2026-03-05 16:13:20');
INSERT INTO "locations" ("id", "customer_id", "name", "address", "is_primary", "sort_order", "created_at", "updated_at") VALUES ('fd2356f3-92e6-40fc-a7dd-67693d605170', 'b7aa0f25-c31b-4080-9c16-e95ba8fcbad7', '分支地址2', '台北市復興南路一段358號5樓', false, 2, '2026-03-05 16:13:20', '2026-03-05 16:13:20');
INSERT INTO "contacts" ("id", "customer_id", "name", "phone", "mobile", "email", "fax", "is_primary", "sort_order", "created_at", "updated_at") VALUES ('0f60a337-4ae9-45de-bd21-08256b4406bd', 'b7aa0f25-c31b-4080-9c16-e95ba8fcbad7', '邱小姐', '02-2507-9808 #351', '0931-046-677', NULL, NULL, true, 1, '2026-03-05 16:13:20', '2026-03-05 16:13:20');
INSERT INTO "customers" ("id", "customer_number", "notes", "is_deleted", "created_at", "updated_at") VALUES ('edb4898d-6d5b-4494-b280-77961a5c266d', '20241030-C02', '原始報價編號: 20241030-012
報價紀錄: 20241030-012
歷史成交數: 1', false, '2026-03-05 16:13:20', '2026-03-05 16:13:20');
INSERT INTO "company_names" ("id", "customer_id", "company_name", "is_primary", "sort_order", "created_at", "updated_at") VALUES ('da1d4e66-56ac-4446-bc14-8b8169e63068', 'edb4898d-6d5b-4494-b280-77961a5c266d', '岳展科技有限公司', true, 1, '2026-03-05 16:13:20', '2026-03-05 16:13:20');
INSERT INTO "locations" ("id", "customer_id", "name", "address", "is_primary", "sort_order", "created_at", "updated_at") VALUES ('7624a7f5-140e-4fd3-8786-b6ce67fa0be5', 'edb4898d-6d5b-4494-b280-77961a5c266d', '主要地址', '新北市板橋區四川路2段16巷7號3樓', true, 1, '2026-03-05 16:13:20', '2026-03-05 16:13:20');
INSERT INTO "contacts" ("id", "customer_id", "name", "phone", "mobile", "email", "fax", "is_primary", "sort_order", "created_at", "updated_at") VALUES ('6a144d7a-e5c4-4e47-a1f0-81d07050c0ac', 'edb4898d-6d5b-4494-b280-77961a5c266d', '羅偉聰 先生', '02-8967-1891 #13', '0932-123-502', NULL, NULL, true, 1, '2026-03-05 16:13:20', '2026-03-05 16:13:20');
INSERT INTO "customers" ("id", "customer_number", "notes", "is_deleted", "created_at", "updated_at") VALUES ('e7e69644-d582-45d0-87d0-15fa246ee23e', '20241112-C01', '原始報價編號: 20241112-003
報價紀錄: 20241112-003, 20241114-006, 20260209-003
歷史成交數: 3', false, '2026-03-05 16:13:20', '2026-03-05 16:13:20');
INSERT INTO "company_names" ("id", "customer_id", "company_name", "is_primary", "sort_order", "created_at", "updated_at") VALUES ('eae498de-e493-47d7-bbf7-9ba91366c1c1', 'e7e69644-d582-45d0-87d0-15fa246ee23e', '光津實業有限公司', true, 1, '2026-03-05 16:13:20', '2026-03-05 16:13:20');
INSERT INTO "locations" ("id", "customer_id", "name", "address", "is_primary", "sort_order", "created_at", "updated_at") VALUES ('8c4f6ddc-c0c1-4b73-8acc-3b746c7e8421', 'e7e69644-d582-45d0-87d0-15fa246ee23e', '主要地址', '台北市信義區松德路171號2樓之3', true, 1, '2026-03-05 16:13:20', '2026-03-05 16:13:20');
INSERT INTO "contacts" ("id", "customer_id", "name", "phone", "mobile", "email", "fax", "is_primary", "sort_order", "created_at", "updated_at") VALUES ('dfdeba08-b841-4b08-9ab7-71423c976df9', 'e7e69644-d582-45d0-87d0-15fa246ee23e', '曾小姐', '02-2726-0978', '0978-619-298', NULL, NULL, true, 1, '2026-03-05 16:13:20', '2026-03-05 16:13:20');
INSERT INTO "contacts" ("id", "customer_id", "name", "phone", "mobile", "email", "fax", "is_primary", "sort_order", "created_at", "updated_at") VALUES ('e93556b9-52ef-4b3e-8553-af226a8a1ff5', 'e7e69644-d582-45d0-87d0-15fa246ee23e', '林睿晢 先生', NULL, NULL, NULL, NULL, false, 2, '2026-03-05 16:13:20', '2026-03-05 16:13:20');
INSERT INTO "customers" ("id", "customer_number", "notes", "is_deleted", "created_at", "updated_at") VALUES ('8bafa687-a63e-40c2-abbd-4f08d230b3e7', '20241226-C01', '原始報價編號: 20241226-003
報價紀錄: 20241226-003
歷史成交數: 1', false, '2026-03-05 16:13:20', '2026-03-05 16:13:20');
INSERT INTO "company_names" ("id", "customer_id", "company_name", "is_primary", "sort_order", "created_at", "updated_at") VALUES ('dfab97b0-2cbc-4a6a-ba0c-b6f6027f88d9', '8bafa687-a63e-40c2-abbd-4f08d230b3e7', '紅番茄愛娛樂股份有限公司', true, 1, '2026-03-05 16:13:20', '2026-03-05 16:13:20');
INSERT INTO "locations" ("id", "customer_id", "name", "address", "is_primary", "sort_order", "created_at", "updated_at") VALUES ('a4634e3f-f294-417e-9f80-a5d7885ad4c9', '8bafa687-a63e-40c2-abbd-4f08d230b3e7', '主要地址', '台北市南港區南港路三段50巷16號5樓', true, 1, '2026-03-05 16:13:20', '2026-03-05 16:13:20');
INSERT INTO "contacts" ("id", "customer_id", "name", "phone", "mobile", "email", "fax", "is_primary", "sort_order", "created_at", "updated_at") VALUES ('406f3c8b-3f17-4b01-aeb4-26b0e1a8247f', '8bafa687-a63e-40c2-abbd-4f08d230b3e7', '何湘婷 小姐', '02-2690-7074', '0972-897-222', NULL, NULL, true, 1, '2026-03-05 16:13:20', '2026-03-05 16:13:20');
INSERT INTO "customers" ("id", "customer_number", "notes", "is_deleted", "created_at", "updated_at") VALUES ('934d953f-c788-4e23-b430-54a9226ec715', '20250110-C01', '原始報價編號: 20250110-003
報價紀錄: 20250110-003
歷史成交數: 1', false, '2026-03-05 16:13:20', '2026-03-05 16:13:20');
INSERT INTO "company_names" ("id", "customer_id", "company_name", "is_primary", "sort_order", "created_at", "updated_at") VALUES ('0de5da7d-ffc9-4f8c-b080-2e49a9997764', '934d953f-c788-4e23-b430-54a9226ec715', '伊汶國際有限公司', true, 1, '2026-03-05 16:13:20', '2026-03-05 16:13:20');
INSERT INTO "locations" ("id", "customer_id", "name", "address", "is_primary", "sort_order", "created_at", "updated_at") VALUES ('7fa34356-8d3b-4d82-9a44-84c7c34475fe', '934d953f-c788-4e23-b430-54a9226ec715', '主要地址', '台北市大同區重慶北路二段46巷38號1樓', true, 1, '2026-03-05 16:13:20', '2026-03-05 16:13:20');
INSERT INTO "contacts" ("id", "customer_id", "name", "phone", "mobile", "email", "fax", "is_primary", "sort_order", "created_at", "updated_at") VALUES ('99d73654-f3fa-4f84-b136-2df37dfdc647', '934d953f-c788-4e23-b430-54a9226ec715', '周佳慧 小姐', NULL, '0936-865-628', NULL, NULL, true, 1, '2026-03-05 16:13:20', '2026-03-05 16:13:20');
INSERT INTO "customers" ("id", "customer_number", "notes", "is_deleted", "created_at", "updated_at") VALUES ('8d837f8a-237e-4593-b0a1-9aa269a0996e', '20250110-C02', '原始報價編號: 20250110-003
報價紀錄: 20250110-003
歷史成交數: 1', false, '2026-03-05 16:13:20', '2026-03-05 16:13:20');
INSERT INTO "company_names" ("id", "customer_id", "company_name", "is_primary", "sort_order", "created_at", "updated_at") VALUES ('d4f711a0-40ba-4b33-8ca4-144f03998443', '8d837f8a-237e-4593-b0a1-9aa269a0996e', '太平洋凱旋', true, 1, '2026-03-05 16:13:20', '2026-03-05 16:13:20');
INSERT INTO "locations" ("id", "customer_id", "name", "address", "is_primary", "sort_order", "created_at", "updated_at") VALUES ('f837a5ba-e59a-4e70-92d7-6abfd11c3ddd', '8d837f8a-237e-4593-b0a1-9aa269a0996e', '主要地址', '台北市信義區松智路32巷8弄7號', true, 1, '2026-03-05 16:13:20', '2026-03-05 16:13:20');
INSERT INTO "contacts" ("id", "customer_id", "name", "phone", "mobile", "email", "fax", "is_primary", "sort_order", "created_at", "updated_at") VALUES ('eb1288f7-278c-4e0b-b7d8-007ec517c55d', '8d837f8a-237e-4593-b0a1-9aa269a0996e', '梁秀發 先生', '02-2720-5763', NULL, NULL, NULL, true, 1, '2026-03-05 16:13:20', '2026-03-05 16:13:20');
INSERT INTO "customers" ("id", "customer_number", "notes", "is_deleted", "created_at", "updated_at") VALUES ('a6e622b4-55d0-4bae-9d41-79e318407094', '20250314-C01', '原始報價編號: 20250314-010
報價紀錄: 20250314-010, 20250723-009
歷史成交數: 2', false, '2026-03-05 16:13:20', '2026-03-05 16:13:20');
INSERT INTO "company_names" ("id", "customer_id", "company_name", "is_primary", "sort_order", "created_at", "updated_at") VALUES ('e6ecf92f-7538-4cad-9c83-6ee180f8695a', 'a6e622b4-55d0-4bae-9d41-79e318407094', '彤采整合行銷有限公司', true, 1, '2026-03-05 16:13:20', '2026-03-05 16:13:20');
INSERT INTO "locations" ("id", "customer_id", "name", "address", "is_primary", "sort_order", "created_at", "updated_at") VALUES ('6cb74ab5-247e-4ee3-9a00-ff910f3d1c82', 'a6e622b4-55d0-4bae-9d41-79e318407094', '主要地址', '台北市大安區敦化南路一段192號11樓之1', true, 1, '2026-03-05 16:13:20', '2026-03-05 16:13:20');
INSERT INTO "contacts" ("id", "customer_id", "name", "phone", "mobile", "email", "fax", "is_primary", "sort_order", "created_at", "updated_at") VALUES ('8408844b-9bf0-4cb6-8a86-55610435f29f', 'a6e622b4-55d0-4bae-9d41-79e318407094', '游淑珍 小姐', NULL, '0921-734-706', NULL, NULL, true, 1, '2026-03-05 16:13:20', '2026-03-05 16:13:20');
INSERT INTO "customers" ("id", "customer_number", "notes", "is_deleted", "created_at", "updated_at") VALUES ('434d7fa6-e596-4e2a-888f-9e10772d4f02', '20250326-C01', '原始報價編號: 20250326-006
報價紀錄: 20250326-006
歷史成交數: 1', false, '2026-03-05 16:13:20', '2026-03-05 16:13:20');
INSERT INTO "company_names" ("id", "customer_id", "company_name", "is_primary", "sort_order", "created_at", "updated_at") VALUES ('dde83ec3-5a30-4121-b101-9def30f5e194', '434d7fa6-e596-4e2a-888f-9e10772d4f02', '丰河建設股份有限公司', true, 1, '2026-03-05 16:13:20', '2026-03-05 16:13:20');
INSERT INTO "locations" ("id", "customer_id", "name", "address", "is_primary", "sort_order", "created_at", "updated_at") VALUES ('ec7284c4-a8b6-4869-8902-d455ff18d1e9', '434d7fa6-e596-4e2a-888f-9e10772d4f02', '主要地址', '台北市中山區復興北路448號12樓', true, 1, '2026-03-05 16:13:20', '2026-03-05 16:13:20');
INSERT INTO "contacts" ("id", "customer_id", "name", "phone", "mobile", "email", "fax", "is_primary", "sort_order", "created_at", "updated_at") VALUES ('7949bb6e-a0c6-4609-b94e-6af9dd5db6c3', '434d7fa6-e596-4e2a-888f-9e10772d4f02', '陳鴻彬先生', '02-2518-0586 #106', '0905-186-269', NULL, NULL, true, 1, '2026-03-05 16:13:20', '2026-03-05 16:13:20');
INSERT INTO "customers" ("id", "customer_number", "notes", "is_deleted", "created_at", "updated_at") VALUES ('1bdc3fb3-579c-4d78-a9b8-b49c1bbf4935', '20250407-C01', '原始報價編號: 20250407-008
報價紀錄: 20250407-008, 20251205-005
歷史成交數: 2', false, '2026-03-05 16:13:20', '2026-03-05 16:13:20');
INSERT INTO "company_names" ("id", "customer_id", "company_name", "is_primary", "sort_order", "created_at", "updated_at") VALUES ('68031b9c-3245-406d-8ece-58c7265a183d', '1bdc3fb3-579c-4d78-a9b8-b49c1bbf4935', '國立政治大學', true, 1, '2026-03-05 16:13:20', '2026-03-05 16:13:20');
INSERT INTO "locations" ("id", "customer_id", "name", "address", "is_primary", "sort_order", "created_at", "updated_at") VALUES ('642977af-37c6-4f43-b78e-d4586fc6e99a', '1bdc3fb3-579c-4d78-a9b8-b49c1bbf4935', '主要地址', '台北市金山南路二段141巷7號', true, 1, '2026-03-05 16:13:20', '2026-03-05 16:13:20');
INSERT INTO "contacts" ("id", "customer_id", "name", "phone", "mobile", "email", "fax", "is_primary", "sort_order", "created_at", "updated_at") VALUES ('081bff5f-260c-4be0-a924-a7cf701f0def', '1bdc3fb3-579c-4d78-a9b8-b49c1bbf4935', '楊富雄 先生', '02-2939-3091 #60303', '0960-113-110', NULL, NULL, true, 1, '2026-03-05 16:13:20', '2026-03-05 16:13:20');
INSERT INTO "customers" ("id", "customer_number", "notes", "is_deleted", "created_at", "updated_at") VALUES ('6e09cdf3-4d9a-42f2-8280-b81c9f9711bd', '20250418-C01', '原始報價編號: 20250418-006
報價紀錄: 20250418-006, 20250418-007, 20250613-003, 20260226-003
歷史成交數: 4', false, '2026-03-05 16:13:20', '2026-03-05 16:13:20');
INSERT INTO "company_names" ("id", "customer_id", "company_name", "is_primary", "sort_order", "created_at", "updated_at") VALUES ('e7386454-e8b8-47a4-9d37-dc486832c7ac', '6e09cdf3-4d9a-42f2-8280-b81c9f9711bd', '國祥貿易股份有限公司', true, 1, '2026-03-05 16:13:20', '2026-03-05 16:13:20');
INSERT INTO "company_names" ("id", "customer_id", "company_name", "is_primary", "sort_order", "created_at", "updated_at") VALUES ('83a4888a-0438-431a-8ce2-e82f40777e04', '6e09cdf3-4d9a-42f2-8280-b81c9f9711bd', '台灣儀器行股份有限公司', false, 2, '2026-03-05 16:13:20', '2026-03-05 16:13:20');
INSERT INTO "locations" ("id", "customer_id", "name", "address", "is_primary", "sort_order", "created_at", "updated_at") VALUES ('805e5286-8c3f-4209-96b0-36b21e5b34c2', '6e09cdf3-4d9a-42f2-8280-b81c9f9711bd', '主要地址', '台北市松山區南京東路三段272號1樓', true, 1, '2026-03-05 16:13:20', '2026-03-05 16:13:20');
INSERT INTO "locations" ("id", "customer_id", "name", "address", "is_primary", "sort_order", "created_at", "updated_at") VALUES ('c9999b65-94f6-4b44-8b8d-c37a36fb5f9e', '6e09cdf3-4d9a-42f2-8280-b81c9f9711bd', '分支地址2', '台北市松山區南京東路三段272號3樓', false, 2, '2026-03-05 16:13:20', '2026-03-05 16:13:20');
INSERT INTO "locations" ("id", "customer_id", "name", "address", "is_primary", "sort_order", "created_at", "updated_at") VALUES ('542eee3c-34a7-493b-a720-06f6aa2f9d0f', '6e09cdf3-4d9a-42f2-8280-b81c9f9711bd', '分支地址3', '台北市松山區南京東路三段272號5樓', false, 3, '2026-03-05 16:13:20', '2026-03-05 16:13:20');
INSERT INTO "locations" ("id", "customer_id", "name", "address", "is_primary", "sort_order", "created_at", "updated_at") VALUES ('9e076345-ea70-4137-b28e-beaa3c042edd', '6e09cdf3-4d9a-42f2-8280-b81c9f9711bd', '分支地址4', '台北市松山區南京東路三段272號8樓', false, 4, '2026-03-05 16:13:20', '2026-03-05 16:13:20');
INSERT INTO "contacts" ("id", "customer_id", "name", "phone", "mobile", "email", "fax", "is_primary", "sort_order", "created_at", "updated_at") VALUES ('a518f806-0965-4634-957d-e7d11bc02c32', '6e09cdf3-4d9a-42f2-8280-b81c9f9711bd', '莊騏華 小姐', '02-2740-3366 #255', '0900-677-032', NULL, NULL, true, 1, '2026-03-05 16:13:20', '2026-03-05 16:13:20');
INSERT INTO "customers" ("id", "customer_number", "notes", "is_deleted", "created_at", "updated_at") VALUES ('8d4cfd6a-b3e3-468c-81d9-67f99da31d52', '20250526-C01', '原始報價編號: 20250526-003
報價紀錄: 20250526-003
歷史成交數: 1', false, '2026-03-05 16:13:20', '2026-03-05 16:13:20');
INSERT INTO "company_names" ("id", "customer_id", "company_name", "is_primary", "sort_order", "created_at", "updated_at") VALUES ('830bf7e4-d25c-446b-a325-70a82974f376', '8d4cfd6a-b3e3-468c-81d9-67f99da31d52', '廣恆有限公司', true, 1, '2026-03-05 16:13:20', '2026-03-05 16:13:20');
INSERT INTO "locations" ("id", "customer_id", "name", "address", "is_primary", "sort_order", "created_at", "updated_at") VALUES ('f7e78c62-623c-4bb7-bd13-720f4a511005', '8d4cfd6a-b3e3-468c-81d9-67f99da31d52', '主要地址', '桃園市觀音區崙坪五路209號', true, 1, '2026-03-05 16:13:20', '2026-03-05 16:13:20');
INSERT INTO "contacts" ("id", "customer_id", "name", "phone", "mobile", "email", "fax", "is_primary", "sort_order", "created_at", "updated_at") VALUES ('9bcd2ff2-3818-4157-8fad-80f3b92be513', '8d4cfd6a-b3e3-468c-81d9-67f99da31d52', '沈淑真 小姐', NULL, '0925-612-216', NULL, NULL, true, 1, '2026-03-05 16:13:20', '2026-03-05 16:13:20');
INSERT INTO "customers" ("id", "customer_number", "notes", "is_deleted", "created_at", "updated_at") VALUES ('62083189-ecf6-41ad-a2fa-e6014b8487d8', '20250527-C01', '原始報價編號: 20250527-001
報價紀錄: 20250527-001
歷史成交數: 1', false, '2026-03-05 16:13:20', '2026-03-05 16:13:20');
INSERT INTO "company_names" ("id", "customer_id", "company_name", "is_primary", "sort_order", "created_at", "updated_at") VALUES ('1a0facc6-ec4a-461a-8446-b46e750e3a15', '62083189-ecf6-41ad-a2fa-e6014b8487d8', '華電聯網股份有限公司', true, 1, '2026-03-05 16:13:20', '2026-03-05 16:13:20');
INSERT INTO "locations" ("id", "customer_id", "name", "address", "is_primary", "sort_order", "created_at", "updated_at") VALUES ('f222428a-6b7f-4e8d-967c-a2c59e592cd5', '62083189-ecf6-41ad-a2fa-e6014b8487d8', '主要地址', '台北市士林區至善路一段138巷15號', true, 1, '2026-03-05 16:13:20', '2026-03-05 16:13:20');
INSERT INTO "contacts" ("id", "customer_id", "name", "phone", "mobile", "email", "fax", "is_primary", "sort_order", "created_at", "updated_at") VALUES ('da86740c-d59d-4de7-bed0-804441a36b90', '62083189-ecf6-41ad-a2fa-e6014b8487d8', '隋馥伃 小姐', NULL, '0926-284-030', NULL, NULL, true, 1, '2026-03-05 16:13:20', '2026-03-05 16:13:20');
INSERT INTO "customers" ("id", "customer_number", "notes", "is_deleted", "created_at", "updated_at") VALUES ('724ec5e2-e17d-43fc-8355-be5ab8d2b7f9', '20250527-C02', '原始報價編號: 20250527-005
報價紀錄: 20250527-005
歷史成交數: 1', false, '2026-03-05 16:13:20', '2026-03-05 16:13:20');
INSERT INTO "company_names" ("id", "customer_id", "company_name", "is_primary", "sort_order", "created_at", "updated_at") VALUES ('39769e1e-01f1-4f0e-857a-267edccfea09', '724ec5e2-e17d-43fc-8355-be5ab8d2b7f9', '百胤視力整復所', true, 1, '2026-03-05 16:13:20', '2026-03-05 16:13:20');
INSERT INTO "locations" ("id", "customer_id", "name", "address", "is_primary", "sort_order", "created_at", "updated_at") VALUES ('bff66807-5abb-446c-b069-4966e36eb976', '724ec5e2-e17d-43fc-8355-be5ab8d2b7f9', '主要地址', '台北市大安區光復南路308巷31號2樓', true, 1, '2026-03-05 16:13:20', '2026-03-05 16:13:20');
INSERT INTO "contacts" ("id", "customer_id", "name", "phone", "mobile", "email", "fax", "is_primary", "sort_order", "created_at", "updated_at") VALUES ('7d15498f-fb1a-468f-b3c1-e4ba2fe0bd06', '724ec5e2-e17d-43fc-8355-be5ab8d2b7f9', '李先生', '02-2752-6006', '0916-318-828', NULL, NULL, true, 1, '2026-03-05 16:13:20', '2026-03-05 16:13:20');
INSERT INTO "customers" ("id", "customer_number", "notes", "is_deleted", "created_at", "updated_at") VALUES ('d65f2a96-44d2-4354-a52a-8aa0b2b71afd', '20250610-C01', '原始報價編號: 20250610-005
報價紀錄: 20250610-005
歷史成交數: 1', false, '2026-03-05 16:13:20', '2026-03-05 16:13:20');
INSERT INTO "company_names" ("id", "customer_id", "company_name", "is_primary", "sort_order", "created_at", "updated_at") VALUES ('fc529b18-9dc4-4539-964d-80dd0f8dbcaf', 'd65f2a96-44d2-4354-a52a-8aa0b2b71afd', '亞洛伊國際有限公司', true, 1, '2026-03-05 16:13:20', '2026-03-05 16:13:20');
INSERT INTO "locations" ("id", "customer_id", "name", "address", "is_primary", "sort_order", "created_at", "updated_at") VALUES ('59117683-ae24-4982-8086-be21ccd2c301', 'd65f2a96-44d2-4354-a52a-8aa0b2b71afd', '主要地址', '台北市松山區寶清街17號2樓之1', true, 1, '2026-03-05 16:13:20', '2026-03-05 16:13:20');
INSERT INTO "contacts" ("id", "customer_id", "name", "phone", "mobile", "email", "fax", "is_primary", "sort_order", "created_at", "updated_at") VALUES ('13e46fa3-a2f9-4116-9960-3a1dd2c1ee80', 'd65f2a96-44d2-4354-a52a-8aa0b2b71afd', '賀麗鳳 小姐', '02-2726-6829', NULL, NULL, NULL, true, 1, '2026-03-05 16:13:20', '2026-03-05 16:13:20');
INSERT INTO "customers" ("id", "customer_number", "notes", "is_deleted", "created_at", "updated_at") VALUES ('fd4a33ae-d715-42a6-94a1-90495b9f1d0b', '20250617-C01', '原始報價編號: 20250617-005
報價紀錄: 20250617-005
歷史成交數: 1', false, '2026-03-05 16:13:20', '2026-03-05 16:13:20');
INSERT INTO "locations" ("id", "customer_id", "name", "address", "is_primary", "sort_order", "created_at", "updated_at") VALUES ('94208d2d-906a-4287-b470-726bb77a5f79', 'fd4a33ae-d715-42a6-94a1-90495b9f1d0b', '主要地址', '台北市內湖區民權東路六段180巷41弄28號1樓', true, 1, '2026-03-05 16:13:20', '2026-03-05 16:13:20');
INSERT INTO "contacts" ("id", "customer_id", "name", "phone", "mobile", "email", "fax", "is_primary", "sort_order", "created_at", "updated_at") VALUES ('0c813846-3801-4d2e-9adf-37f60bb99905', 'fd4a33ae-d715-42a6-94a1-90495b9f1d0b', '穆先生', NULL, '0966-380-818', NULL, NULL, true, 1, '2026-03-05 16:13:20', '2026-03-05 16:13:20');
INSERT INTO "customers" ("id", "customer_number", "notes", "is_deleted", "created_at", "updated_at") VALUES ('829d3fc2-2b07-4d03-b8d3-dce2b41f3e3f', '20250620-C01', '原始報價編號: 20250620-007
報價紀錄: 20250620-007
歷史成交數: 1', false, '2026-03-05 16:13:20', '2026-03-05 16:13:20');
INSERT INTO "locations" ("id", "customer_id", "name", "address", "is_primary", "sort_order", "created_at", "updated_at") VALUES ('ce87dc16-37a5-4ec7-8670-89f34a2cb287', '829d3fc2-2b07-4d03-b8d3-dce2b41f3e3f', '主要地址', '台北市信義區基隆路二段111號6樓', true, 1, '2026-03-05 16:13:20', '2026-03-05 16:13:20');
INSERT INTO "contacts" ("id", "customer_id", "name", "phone", "mobile", "email", "fax", "is_primary", "sort_order", "created_at", "updated_at") VALUES ('4d2090c9-5b0e-42d7-a863-a2e4d31bc776', '829d3fc2-2b07-4d03-b8d3-dce2b41f3e3f', '方孟眉 小姐', NULL, '0963-032-591', NULL, NULL, true, 1, '2026-03-05 16:13:20', '2026-03-05 16:13:20');
INSERT INTO "customers" ("id", "customer_number", "notes", "is_deleted", "created_at", "updated_at") VALUES ('20ad1db0-5a66-4aeb-99d3-d90efc92a895', '20250701-C01', '原始報價編號: 20250701-009
報價紀錄: 20250701-009
歷史成交數: 1', false, '2026-03-05 16:13:20', '2026-03-05 16:13:20');
INSERT INTO "company_names" ("id", "customer_id", "company_name", "is_primary", "sort_order", "created_at", "updated_at") VALUES ('8f595b45-e757-43bd-8c3c-aac6d330c9da', '20ad1db0-5a66-4aeb-99d3-d90efc92a895', '鴻利資訊有限公司', true, 1, '2026-03-05 16:13:20', '2026-03-05 16:13:20');
INSERT INTO "locations" ("id", "customer_id", "name", "address", "is_primary", "sort_order", "created_at", "updated_at") VALUES ('768ee54e-c754-4886-9ed5-43351d9a0d73', '20ad1db0-5a66-4aeb-99d3-d90efc92a895', '主要地址', '台北市松山區敦化南路一段21號4樓之3', true, 1, '2026-03-05 16:13:20', '2026-03-05 16:13:20');
INSERT INTO "contacts" ("id", "customer_id", "name", "phone", "mobile", "email", "fax", "is_primary", "sort_order", "created_at", "updated_at") VALUES ('66ddcb62-c997-4bc9-b1db-947c65323b50', '20ad1db0-5a66-4aeb-99d3-d90efc92a895', '林士傑 先生', NULL, '0937-940-225', NULL, NULL, true, 1, '2026-03-05 16:13:20', '2026-03-05 16:13:20');
INSERT INTO "customers" ("id", "customer_number", "notes", "is_deleted", "created_at", "updated_at") VALUES ('3069d10b-6677-4699-8922-226768622761', '20250729-C01', '原始報價編號: 20250729-005
報價紀錄: 20250729-005
歷史成交數: 1', false, '2026-03-05 16:13:20', '2026-03-05 16:13:20');
INSERT INTO "company_names" ("id", "customer_id", "company_name", "is_primary", "sort_order", "created_at", "updated_at") VALUES ('2201b33c-ecad-4af5-ba9c-0d3762d9ebe6', '3069d10b-6677-4699-8922-226768622761', '采邑國際有限公司', true, 1, '2026-03-05 16:13:20', '2026-03-05 16:13:20');
INSERT INTO "locations" ("id", "customer_id", "name", "address", "is_primary", "sort_order", "created_at", "updated_at") VALUES ('36f210a4-c936-4383-847f-21a876433e13', '3069d10b-6677-4699-8922-226768622761', '主要地址', '新北市汐止區新台五路一段77號10樓之7 B棟', true, 1, '2026-03-05 16:13:20', '2026-03-05 16:13:20');
INSERT INTO "contacts" ("id", "customer_id", "name", "phone", "mobile", "email", "fax", "is_primary", "sort_order", "created_at", "updated_at") VALUES ('8383017e-6887-46b4-9104-a6c0e14ec4fc', '3069d10b-6677-4699-8922-226768622761', '莊顯隆 先生', NULL, '0935-098-837', NULL, NULL, true, 1, '2026-03-05 16:13:20', '2026-03-05 16:13:20');
INSERT INTO "customers" ("id", "customer_number", "notes", "is_deleted", "created_at", "updated_at") VALUES ('4adf4a5f-b891-4e7f-be1e-1054edde9be2', '20250731-C01', '原始報價編號: 20250731-003
報價紀錄: 20250731-003
歷史成交數: 1', false, '2026-03-05 16:13:20', '2026-03-05 16:13:20');
INSERT INTO "company_names" ("id", "customer_id", "company_name", "is_primary", "sort_order", "created_at", "updated_at") VALUES ('7fdeb992-bb21-4567-91c5-b715bd6b387a', '4adf4a5f-b891-4e7f-be1e-1054edde9be2', '德潤微電子有限公司', true, 1, '2026-03-05 16:13:20', '2026-03-05 16:13:20');
INSERT INTO "locations" ("id", "customer_id", "name", "address", "is_primary", "sort_order", "created_at", "updated_at") VALUES ('513c482f-76eb-492a-929d-7e11ba495aaa', '4adf4a5f-b891-4e7f-be1e-1054edde9be2', '主要地址', '台北市中正區忠孝東路一段85號7樓之1', true, 1, '2026-03-05 16:13:20', '2026-03-05 16:13:20');
INSERT INTO "contacts" ("id", "customer_id", "name", "phone", "mobile", "email", "fax", "is_primary", "sort_order", "created_at", "updated_at") VALUES ('e24208ab-eee5-49ef-a8cd-e7681a532143', '4adf4a5f-b891-4e7f-be1e-1054edde9be2', '劉先生', '02-3393-1086', '0952-620-712', NULL, NULL, true, 1, '2026-03-05 16:13:20', '2026-03-05 16:13:20');
INSERT INTO "customers" ("id", "customer_number", "notes", "is_deleted", "created_at", "updated_at") VALUES ('30aa8213-95ec-4879-8650-5e1b8c543d98', '20250813-C01', '原始報價編號: 20250813-005
報價紀錄: 20250813-005, 20250814-003
歷史成交數: 2', false, '2026-03-05 16:13:20', '2026-03-05 16:13:20');
INSERT INTO "company_names" ("id", "customer_id", "company_name", "is_primary", "sort_order", "created_at", "updated_at") VALUES ('8ad20bb3-9af3-4622-8e01-e69e7ecc605f', '30aa8213-95ec-4879-8650-5e1b8c543d98', '永達會計事務所', true, 1, '2026-03-05 16:13:20', '2026-03-05 16:13:20');
INSERT INTO "locations" ("id", "customer_id", "name", "address", "is_primary", "sort_order", "created_at", "updated_at") VALUES ('e4c9bd8b-f225-42b9-bffd-37a1c4eee478', '30aa8213-95ec-4879-8650-5e1b8c543d98', '主要地址', '台北市中正區羅斯福路2段136號11樓', true, 1, '2026-03-05 16:13:20', '2026-03-05 16:13:20');
INSERT INTO "contacts" ("id", "customer_id", "name", "phone", "mobile", "email", "fax", "is_primary", "sort_order", "created_at", "updated_at") VALUES ('1550c8a1-ec1a-4382-8af4-6918d7af67b0', '30aa8213-95ec-4879-8650-5e1b8c543d98', '陳先生', '02-2367-0275 #226', NULL, NULL, NULL, true, 1, '2026-03-05 16:13:20', '2026-03-05 16:13:20');
INSERT INTO "customers" ("id", "customer_number", "notes", "is_deleted", "created_at", "updated_at") VALUES ('7b61a882-fd7f-458e-af28-468152e87d6a', '20250820-C01', '原始報價編號: 20250820-003
報價紀錄: 20250820-003, 20250922-003
歷史成交數: 2', false, '2026-03-05 16:13:20', '2026-03-05 16:13:20');
INSERT INTO "company_names" ("id", "customer_id", "company_name", "is_primary", "sort_order", "created_at", "updated_at") VALUES ('611f6a90-9a80-473a-9f16-1c226cc37ec8', '7b61a882-fd7f-458e-af28-468152e87d6a', '蠻聲室內裝修有限公司', true, 1, '2026-03-05 16:13:20', '2026-03-05 16:13:20');
INSERT INTO "locations" ("id", "customer_id", "name", "address", "is_primary", "sort_order", "created_at", "updated_at") VALUES ('cdcf4e11-7ee3-43bc-b24e-70946f155a9a', '7b61a882-fd7f-458e-af28-468152e87d6a', '主要地址', '台北市中山區民族東路336號4樓(北農西側)', true, 1, '2026-03-05 16:13:20', '2026-03-05 16:13:20');
INSERT INTO "locations" ("id", "customer_id", "name", "address", "is_primary", "sort_order", "created_at", "updated_at") VALUES ('336a5d74-0ee4-430d-a235-c53e05d0c34e', '7b61a882-fd7f-458e-af28-468152e87d6a', '分支地址2', '台北市中山區民族東路336號1、2樓(北農3號電梯)', false, 2, '2026-03-05 16:13:20', '2026-03-05 16:13:20');
INSERT INTO "contacts" ("id", "customer_id", "name", "phone", "mobile", "email", "fax", "is_primary", "sort_order", "created_at", "updated_at") VALUES ('78f8916c-8460-4b53-ba0c-06b904b55de7', '7b61a882-fd7f-458e-af28-468152e87d6a', '蔡省思 先生', NULL, NULL, NULL, NULL, true, 1, '2026-03-05 16:13:20', '2026-03-05 16:13:20');
INSERT INTO "customers" ("id", "customer_number", "notes", "is_deleted", "created_at", "updated_at") VALUES ('152ecd9e-6d0d-413b-b12f-3a49cb25aaa9', '20250820-C02', '原始報價編號: 20250820-010
報價紀錄: 20250820-010
歷史成交數: 1', false, '2026-03-05 16:13:20', '2026-03-05 16:13:20');
INSERT INTO "company_names" ("id", "customer_id", "company_name", "is_primary", "sort_order", "created_at", "updated_at") VALUES ('2ba4be7e-6b11-46ae-8bb1-6700973a6e5c', '152ecd9e-6d0d-413b-b12f-3a49cb25aaa9', '磐亞法律事務所', true, 1, '2026-03-05 16:13:20', '2026-03-05 16:13:20');
INSERT INTO "locations" ("id", "customer_id", "name", "address", "is_primary", "sort_order", "created_at", "updated_at") VALUES ('ba42d03c-a687-4e0e-bb2b-61b4d22693e3', '152ecd9e-6d0d-413b-b12f-3a49cb25aaa9', '主要地址', '台北市大安區敦化南路二段1號5樓之1', true, 1, '2026-03-05 16:13:20', '2026-03-05 16:13:20');
INSERT INTO "contacts" ("id", "customer_id", "name", "phone", "mobile", "email", "fax", "is_primary", "sort_order", "created_at", "updated_at") VALUES ('347fe68e-0a51-496c-9497-50971e10e0b5', '152ecd9e-6d0d-413b-b12f-3a49cb25aaa9', '楊紫穎 小姐', '02-2708-3899', NULL, NULL, NULL, true, 1, '2026-03-05 16:13:20', '2026-03-05 16:13:20');
INSERT INTO "customers" ("id", "customer_number", "notes", "is_deleted", "created_at", "updated_at") VALUES ('1bc21510-626b-4362-b55c-bea0b8680ad8', '20250820-C03', '原始報價編號: 20250820-011
報價紀錄: 20250820-011
歷史成交數: 1', false, '2026-03-05 16:13:20', '2026-03-05 16:13:20');
INSERT INTO "company_names" ("id", "customer_id", "company_name", "is_primary", "sort_order", "created_at", "updated_at") VALUES ('ccb8827a-50fa-4b46-afe2-d0e513aa2eb8', '1bc21510-626b-4362-b55c-bea0b8680ad8', '原騰國際有限公司', true, 1, '2026-03-05 16:13:20', '2026-03-05 16:13:20');
INSERT INTO "locations" ("id", "customer_id", "name", "address", "is_primary", "sort_order", "created_at", "updated_at") VALUES ('e065d4a5-ad63-4b1a-a568-3b4feab73a89', '1bc21510-626b-4362-b55c-bea0b8680ad8', '主要地址', '台北市中山區長安東路二段112號3樓', true, 1, '2026-03-05 16:13:20', '2026-03-05 16:13:20');
INSERT INTO "contacts" ("id", "customer_id", "name", "phone", "mobile", "email", "fax", "is_primary", "sort_order", "created_at", "updated_at") VALUES ('b8a19c67-473b-485a-9f12-8d6e34996c5c', '1bc21510-626b-4362-b55c-bea0b8680ad8', '連先生', NULL, '0939-288-278', NULL, NULL, true, 1, '2026-03-05 16:13:20', '2026-03-05 16:13:20');
INSERT INTO "customers" ("id", "customer_number", "notes", "is_deleted", "created_at", "updated_at") VALUES ('ce3fb0f5-87ca-4d80-b56e-f163e01bd93a', '20250821-C01', '原始報價編號: 20250821-012
報價紀錄: 20250821-012, 20250826-005
歷史成交數: 2', false, '2026-03-05 16:13:20', '2026-03-05 16:13:20');
INSERT INTO "company_names" ("id", "customer_id", "company_name", "is_primary", "sort_order", "created_at", "updated_at") VALUES ('db02c119-f1d0-4101-94aa-0bd534730c73', 'ce3fb0f5-87ca-4d80-b56e-f163e01bd93a', '阿爾法餐飲股份有限公司', true, 1, '2026-03-05 16:13:20', '2026-03-05 16:13:20');
INSERT INTO "locations" ("id", "customer_id", "name", "address", "is_primary", "sort_order", "created_at", "updated_at") VALUES ('c68f515b-fdf7-4576-9f79-0b7dde7b9a57', 'ce3fb0f5-87ca-4d80-b56e-f163e01bd93a', '主要地址', '台北市信義區忠孝東路五段410號8樓之3', true, 1, '2026-03-05 16:13:20', '2026-03-05 16:13:20');
INSERT INTO "contacts" ("id", "customer_id", "name", "phone", "mobile", "email", "fax", "is_primary", "sort_order", "created_at", "updated_at") VALUES ('b41ad6d8-5c8d-407f-9fae-99c0b8c553bd', 'ce3fb0f5-87ca-4d80-b56e-f163e01bd93a', '林婉蓁 小姐', '02-2726485 #13', NULL, NULL, NULL, true, 1, '2026-03-05 16:13:20', '2026-03-05 16:13:20');
INSERT INTO "customers" ("id", "customer_number", "notes", "is_deleted", "created_at", "updated_at") VALUES ('34d7799f-5642-40ee-a785-53a936f93b5e', '20250822-C01', '原始報價編號: 20250822-007
報價紀錄: 20250822-007, 20251114-008
歷史成交數: 2', false, '2026-03-05 16:13:20', '2026-03-05 16:13:20');
INSERT INTO "company_names" ("id", "customer_id", "company_name", "is_primary", "sort_order", "created_at", "updated_at") VALUES ('e8858f60-e9a9-421f-a331-c016209717df', '34d7799f-5642-40ee-a785-53a936f93b5e', '台灣富美家股份有限公司', true, 1, '2026-03-05 16:13:20', '2026-03-05 16:13:20');
INSERT INTO "locations" ("id", "customer_id", "name", "address", "is_primary", "sort_order", "created_at", "updated_at") VALUES ('5ba58f95-e568-4a35-ac8c-49dd470388d7', '34d7799f-5642-40ee-a785-53a936f93b5e', '主要地址', '新竹縣新豐鄉中崙村中崙289之1號', true, 1, '2026-03-05 16:13:20', '2026-03-05 16:13:20');
INSERT INTO "contacts" ("id", "customer_id", "name", "phone", "mobile", "email", "fax", "is_primary", "sort_order", "created_at", "updated_at") VALUES ('113ce5b9-f26e-440a-8dbd-e8457a3c4f83', '34d7799f-5642-40ee-a785-53a936f93b5e', '張小姐', '03-599-1102 #2307', '0932-119-988', NULL, NULL, true, 1, '2026-03-05 16:13:20', '2026-03-05 16:13:20');
INSERT INTO "contacts" ("id", "customer_id", "name", "phone", "mobile", "email", "fax", "is_primary", "sort_order", "created_at", "updated_at") VALUES ('ed72c6be-1771-453a-92f9-f52fe5f70436', '34d7799f-5642-40ee-a785-53a936f93b5e', 'Evan', NULL, NULL, NULL, NULL, false, 2, '2026-03-05 16:13:20', '2026-03-05 16:13:20');
INSERT INTO "customers" ("id", "customer_number", "notes", "is_deleted", "created_at", "updated_at") VALUES ('500b966f-bda0-4ab3-95d0-80ac7dd1cd11', '20250901-C01', '原始報價編號: 20250901-003
報價紀錄: 20250901-003
歷史成交數: 1', false, '2026-03-05 16:13:20', '2026-03-05 16:13:20');
INSERT INTO "company_names" ("id", "customer_id", "company_name", "is_primary", "sort_order", "created_at", "updated_at") VALUES ('f0030bc9-57e1-4f1a-9f02-725b8103f128', '500b966f-bda0-4ab3-95d0-80ac7dd1cd11', '鳳凰科技有限公司', true, 1, '2026-03-05 16:13:20', '2026-03-05 16:13:20');
INSERT INTO "locations" ("id", "customer_id", "name", "address", "is_primary", "sort_order", "created_at", "updated_at") VALUES ('3a724383-938d-4203-91ae-c2d8e844ee46', '500b966f-bda0-4ab3-95d0-80ac7dd1cd11', '主要地址', '台北市信義區信義路5段7號28樓之1', true, 1, '2026-03-05 16:13:20', '2026-03-05 16:13:20');
INSERT INTO "contacts" ("id", "customer_id", "name", "phone", "mobile", "email", "fax", "is_primary", "sort_order", "created_at", "updated_at") VALUES ('7e4fee05-9795-4b08-b42f-8210c05b0f70', '500b966f-bda0-4ab3-95d0-80ac7dd1cd11', 'Cindy', NULL, NULL, NULL, NULL, true, 1, '2026-03-05 16:13:20', '2026-03-05 16:13:20');
INSERT INTO "customers" ("id", "customer_number", "notes", "is_deleted", "created_at", "updated_at") VALUES ('fd5a560e-fd0c-48b3-8c18-cf7a18ad7e33', '20250922-C01', '原始報價編號: 20250922-005
報價紀錄: 20250922-005
歷史成交數: 1', false, '2026-03-05 16:13:20', '2026-03-05 16:13:20');
INSERT INTO "company_names" ("id", "customer_id", "company_name", "is_primary", "sort_order", "created_at", "updated_at") VALUES ('81d4c1cf-5dff-4f18-a52f-d60cd5a53985', 'fd5a560e-fd0c-48b3-8c18-cf7a18ad7e33', '榮易數位文化有限公司', true, 1, '2026-03-05 16:13:20', '2026-03-05 16:13:20');
INSERT INTO "locations" ("id", "customer_id", "name", "address", "is_primary", "sort_order", "created_at", "updated_at") VALUES ('94f37a20-8ed3-4400-b786-4f2c13f8ef32', 'fd5a560e-fd0c-48b3-8c18-cf7a18ad7e33', '主要地址', '台北市忠孝東路四段270號10樓之2', true, 1, '2026-03-05 16:13:20', '2026-03-05 16:13:20');
INSERT INTO "contacts" ("id", "customer_id", "name", "phone", "mobile", "email", "fax", "is_primary", "sort_order", "created_at", "updated_at") VALUES ('de9c8c89-9dec-4eb5-8114-6db6f7a89dcd', 'fd5a560e-fd0c-48b3-8c18-cf7a18ad7e33', '黃小姐', '02-8772-0375 #504', NULL, NULL, NULL, true, 1, '2026-03-05 16:13:20', '2026-03-05 16:13:20');
INSERT INTO "customers" ("id", "customer_number", "notes", "is_deleted", "created_at", "updated_at") VALUES ('94d3683f-78be-432d-a141-db48d1a56e4a', '20250922-C02', '原始報價編號: 20250922-006
報價紀錄: 20250922-006
歷史成交數: 1', false, '2026-03-05 16:13:20', '2026-03-05 16:13:20');
INSERT INTO "company_names" ("id", "customer_id", "company_name", "is_primary", "sort_order", "created_at", "updated_at") VALUES ('c4af21a2-14c4-4c1f-9022-9ea2cefa6765', '94d3683f-78be-432d-a141-db48d1a56e4a', '景丰科技股份有限公司', true, 1, '2026-03-05 16:13:20', '2026-03-05 16:13:20');
INSERT INTO "locations" ("id", "customer_id", "name", "address", "is_primary", "sort_order", "created_at", "updated_at") VALUES ('11265983-4615-4064-99d2-ce1921d3df37', '94d3683f-78be-432d-a141-db48d1a56e4a', '主要地址', '台北市大安區復興南路二段286號8樓', true, 1, '2026-03-05 16:13:20', '2026-03-05 16:13:20');
INSERT INTO "contacts" ("id", "customer_id", "name", "phone", "mobile", "email", "fax", "is_primary", "sort_order", "created_at", "updated_at") VALUES ('d1d8c12d-4735-47c8-86e2-76dc734c9e98', '94d3683f-78be-432d-a141-db48d1a56e4a', '黃雯苓 小姐', '02-2377-8011 #204', NULL, NULL, NULL, true, 1, '2026-03-05 16:13:20', '2026-03-05 16:13:20');
INSERT INTO "customers" ("id", "customer_number", "notes", "is_deleted", "created_at", "updated_at") VALUES ('2e105cf2-151e-4083-aee8-872b6a0ff006', '20251011-C01', '原始報價編號: 20251011-005
報價紀錄: 20251011-005, 20251014-005
歷史成交數: 2', false, '2026-03-05 16:13:20', '2026-03-05 16:13:20');
INSERT INTO "locations" ("id", "customer_id", "name", "address", "is_primary", "sort_order", "created_at", "updated_at") VALUES ('7b6871e3-52ff-433a-a4d2-0e70520f49d5', '2e105cf2-151e-4083-aee8-872b6a0ff006', '主要地址', '台北市大安區麗水街9巷8號1樓', true, 1, '2026-03-05 16:13:20', '2026-03-05 16:13:20');
INSERT INTO "contacts" ("id", "customer_id", "name", "phone", "mobile", "email", "fax", "is_primary", "sort_order", "created_at", "updated_at") VALUES ('13e3d3a4-670b-47d0-bb32-ea8839bc8140', '2e105cf2-151e-4083-aee8-872b6a0ff006', '許先生', NULL, '0910-368-369', NULL, NULL, true, 1, '2026-03-05 16:13:20', '2026-03-05 16:13:20');
INSERT INTO "customers" ("id", "customer_number", "notes", "is_deleted", "created_at", "updated_at") VALUES ('284dfe4a-89f5-4552-b8f7-cdd1bb0d7eda', '20251028-C01', '原始報價編號: 20251028-012
報價紀錄: 20251028-012
歷史成交數: 1', false, '2026-03-05 16:13:20', '2026-03-05 16:13:20');
INSERT INTO "locations" ("id", "customer_id", "name", "address", "is_primary", "sort_order", "created_at", "updated_at") VALUES ('7e1173db-5799-42f9-9de1-952f227b205d', '284dfe4a-89f5-4552-b8f7-cdd1bb0d7eda', '主要地址', '新北市三重區長壽西街157號', true, 1, '2026-03-05 16:13:20', '2026-03-05 16:13:20');
INSERT INTO "contacts" ("id", "customer_id", "name", "phone", "mobile", "email", "fax", "is_primary", "sort_order", "created_at", "updated_at") VALUES ('a3e0fb8a-5ba7-4cbd-8558-10da83b9b090', '284dfe4a-89f5-4552-b8f7-cdd1bb0d7eda', '林小姐', NULL, '0916-545-635', NULL, NULL, true, 1, '2026-03-05 16:13:20', '2026-03-05 16:13:20');
INSERT INTO "customers" ("id", "customer_number", "notes", "is_deleted", "created_at", "updated_at") VALUES ('4d266b99-4a73-4c42-ad46-071bf2f4c8ea', '20251029-C01', '原始報價編號: 20251029-003
報價紀錄: 20251029-003
歷史成交數: 1', false, '2026-03-05 16:13:20', '2026-03-05 16:13:20');
INSERT INTO "locations" ("id", "customer_id", "name", "address", "is_primary", "sort_order", "created_at", "updated_at") VALUES ('64d74e48-4ab2-4d09-b3bb-5376756f9b5c', '4d266b99-4a73-4c42-ad46-071bf2f4c8ea', '主要地址', '台北市大安區安和路二段2號', true, 1, '2026-03-05 16:13:20', '2026-03-05 16:13:20');
INSERT INTO "contacts" ("id", "customer_id", "name", "phone", "mobile", "email", "fax", "is_primary", "sort_order", "created_at", "updated_at") VALUES ('8f28adf7-c316-43c8-8d96-fb0d30a2caef', '4d266b99-4a73-4c42-ad46-071bf2f4c8ea', '嘉仁', NULL, '0981-289-297', NULL, NULL, true, 1, '2026-03-05 16:13:20', '2026-03-05 16:13:20');
INSERT INTO "customers" ("id", "customer_number", "notes", "is_deleted", "created_at", "updated_at") VALUES ('4cc057b6-5c79-4905-bf2e-76e35256ec18', '20251029-C02', '原始報價編號: 20251029-007
報價紀錄: 20251029-007
歷史成交數: 1', false, '2026-03-05 16:13:20', '2026-03-05 16:13:20');
INSERT INTO "company_names" ("id", "customer_id", "company_name", "is_primary", "sort_order", "created_at", "updated_at") VALUES ('645f2ee5-0dfd-4b36-b946-a4857548cf1f', '4cc057b6-5c79-4905-bf2e-76e35256ec18', '日光徠卡相機精品有限公司', true, 1, '2026-03-05 16:13:20', '2026-03-05 16:13:20');
INSERT INTO "locations" ("id", "customer_id", "name", "address", "is_primary", "sort_order", "created_at", "updated_at") VALUES ('00e70f4e-7ebe-4f4f-9067-524850657f24', '4cc057b6-5c79-4905-bf2e-76e35256ec18', '主要地址', '台北市大安區麗水街9巷8號1樓', true, 1, '2026-03-05 16:13:20', '2026-03-05 16:13:20');
INSERT INTO "contacts" ("id", "customer_id", "name", "phone", "mobile", "email", "fax", "is_primary", "sort_order", "created_at", "updated_at") VALUES ('6037fe65-3844-466b-9f75-0a40066b0573', '4cc057b6-5c79-4905-bf2e-76e35256ec18', 'Leica', '02-2700-7779', NULL, NULL, NULL, true, 1, '2026-03-05 16:13:20', '2026-03-05 16:13:20');
INSERT INTO "customers" ("id", "customer_number", "notes", "is_deleted", "created_at", "updated_at") VALUES ('c2f1def0-472e-41a2-bc69-05808ced607f', '20251112-C01', '原始報價編號: 20251112-007
報價紀錄: 20251112-007
歷史成交數: 1', false, '2026-03-05 16:13:20', '2026-03-05 16:13:20');
INSERT INTO "company_names" ("id", "customer_id", "company_name", "is_primary", "sort_order", "created_at", "updated_at") VALUES ('9f9b45af-9fd4-44a8-b1e2-733146d42efa', 'c2f1def0-472e-41a2-bc69-05808ced607f', '傑優有限公司', true, 1, '2026-03-05 16:13:20', '2026-03-05 16:13:20');
INSERT INTO "locations" ("id", "customer_id", "name", "address", "is_primary", "sort_order", "created_at", "updated_at") VALUES ('fe505911-728e-4efe-b613-98ac2b85f31c', 'c2f1def0-472e-41a2-bc69-05808ced607f', '主要地址', '台北市中山區吉林路309號1樓', true, 1, '2026-03-05 16:13:20', '2026-03-05 16:13:20');
INSERT INTO "contacts" ("id", "customer_id", "name", "phone", "mobile", "email", "fax", "is_primary", "sort_order", "created_at", "updated_at") VALUES ('64d7338a-830c-40c8-8c02-22ca4e48e100', 'c2f1def0-472e-41a2-bc69-05808ced607f', 'WJ', NULL, NULL, NULL, NULL, true, 1, '2026-03-05 16:13:20', '2026-03-05 16:13:20');
INSERT INTO "customers" ("id", "customer_number", "notes", "is_deleted", "created_at", "updated_at") VALUES ('a10e1f85-451b-4112-989f-fabb1877c416', '20251113-C01', '原始報價編號: 20251113-007
報價紀錄: 20251113-007
歷史成交數: 1', false, '2026-03-05 16:13:20', '2026-03-05 16:13:20');
INSERT INTO "company_names" ("id", "customer_id", "company_name", "is_primary", "sort_order", "created_at", "updated_at") VALUES ('e5caebc7-62b9-4978-8c70-49ab8f0ca0e5', 'a10e1f85-451b-4112-989f-fabb1877c416', '私立小小百合蒙特梭利托嬰中心', true, 1, '2026-03-05 16:13:20', '2026-03-05 16:13:20');
INSERT INTO "locations" ("id", "customer_id", "name", "address", "is_primary", "sort_order", "created_at", "updated_at") VALUES ('a5c3dc94-ab35-4793-b2bb-864b58ed11eb', 'a10e1f85-451b-4112-989f-fabb1877c416', '主要地址', '台北市內湖區星雲街36號1樓', true, 1, '2026-03-05 16:13:20', '2026-03-05 16:13:20');
INSERT INTO "contacts" ("id", "customer_id", "name", "phone", "mobile", "email", "fax", "is_primary", "sort_order", "created_at", "updated_at") VALUES ('1511b905-ccd9-4b60-80c2-4d857986ec1b', 'a10e1f85-451b-4112-989f-fabb1877c416', '吳老師', '02-2792-0986', NULL, NULL, NULL, true, 1, '2026-03-05 16:13:20', '2026-03-05 16:13:20');
INSERT INTO "customers" ("id", "customer_number", "notes", "is_deleted", "created_at", "updated_at") VALUES ('4ba8d650-d070-4b60-a5e9-bacd4caa4fc0', '20251118-C01', '原始報價編號: 20251118-005
報價紀錄: 20251118-005
歷史成交數: 1', false, '2026-03-05 16:13:20', '2026-03-05 16:13:20');
INSERT INTO "company_names" ("id", "customer_id", "company_name", "is_primary", "sort_order", "created_at", "updated_at") VALUES ('1f2d1d8d-724b-408a-8c43-93dcdc15d172', '4ba8d650-d070-4b60-a5e9-bacd4caa4fc0', '恆躍餐飲股份有限公司', true, 1, '2026-03-05 16:13:20', '2026-03-05 16:13:20');
INSERT INTO "locations" ("id", "customer_id", "name", "address", "is_primary", "sort_order", "created_at", "updated_at") VALUES ('413284ba-7bd0-4eb7-8f8e-f7891c5032f6', '4ba8d650-d070-4b60-a5e9-bacd4caa4fc0', '主要地址', '台北市信義區東興路59號1樓', true, 1, '2026-03-05 16:13:20', '2026-03-05 16:13:20');
INSERT INTO "contacts" ("id", "customer_id", "name", "phone", "mobile", "email", "fax", "is_primary", "sort_order", "created_at", "updated_at") VALUES ('923f6f61-f486-4d50-a26d-34052677a782', '4ba8d650-d070-4b60-a5e9-bacd4caa4fc0', 'Rita', NULL, '0930-656-707', NULL, NULL, true, 1, '2026-03-05 16:13:20', '2026-03-05 16:13:20');
INSERT INTO "customers" ("id", "customer_number", "notes", "is_deleted", "created_at", "updated_at") VALUES ('ae211419-4b4a-41a7-8683-2e1e115d0ddc', '20251118-C02', '原始報價編號: 20251118-016
報價紀錄: 20251118-016, 20251203-006, 20260122-006
歷史成交數: 3', false, '2026-03-05 16:13:20', '2026-03-05 16:13:20');
INSERT INTO "company_names" ("id", "customer_id", "company_name", "is_primary", "sort_order", "created_at", "updated_at") VALUES ('af627ad2-ae68-423b-943a-de79f8f57c84', 'ae211419-4b4a-41a7-8683-2e1e115d0ddc', '忠孝喜月泌尿科診所', true, 1, '2026-03-05 16:13:20', '2026-03-05 16:13:20');
INSERT INTO "locations" ("id", "customer_id", "name", "address", "is_primary", "sort_order", "created_at", "updated_at") VALUES ('58222377-e179-4129-8392-8ef2aecc441f', 'ae211419-4b4a-41a7-8683-2e1e115d0ddc', '主要地址', '台北市大安區忠孝東路三段251巷4弄1號', true, 1, '2026-03-05 16:13:20', '2026-03-05 16:13:20');
INSERT INTO "contacts" ("id", "customer_id", "name", "phone", "mobile", "email", "fax", "is_primary", "sort_order", "created_at", "updated_at") VALUES ('7944fde4-8c57-47c4-88e1-85cc3d20fcc1', 'ae211419-4b4a-41a7-8683-2e1e115d0ddc', '吳莉婷 小姐', NULL, '0905-565-969', NULL, NULL, true, 1, '2026-03-05 16:13:20', '2026-03-05 16:13:20');
INSERT INTO "customers" ("id", "customer_number", "notes", "is_deleted", "created_at", "updated_at") VALUES ('d53fe67a-2608-4fa7-892b-5ce00a90ded9', '20251120-C01', '原始報價編號: 20251120-006
報價紀錄: 20251120-006
歷史成交數: 1', false, '2026-03-05 16:13:20', '2026-03-05 16:13:20');
INSERT INTO "company_names" ("id", "customer_id", "company_name", "is_primary", "sort_order", "created_at", "updated_at") VALUES ('946e9ec9-724a-4e85-9732-0121f027a9b3', 'd53fe67a-2608-4fa7-892b-5ce00a90ded9', '歐穎實業有限公司', true, 1, '2026-03-05 16:13:20', '2026-03-05 16:13:20');
INSERT INTO "locations" ("id", "customer_id", "name", "address", "is_primary", "sort_order", "created_at", "updated_at") VALUES ('155bccf4-237b-4863-869a-1239a9eac2c2', 'd53fe67a-2608-4fa7-892b-5ce00a90ded9', '主要地址', '台北市萬華區西藏路199巷69號1樓', true, 1, '2026-03-05 16:13:20', '2026-03-05 16:13:20');
INSERT INTO "contacts" ("id", "customer_id", "name", "phone", "mobile", "email", "fax", "is_primary", "sort_order", "created_at", "updated_at") VALUES ('800f2fe1-70e1-4f69-ad1a-fc7231654838', 'd53fe67a-2608-4fa7-892b-5ce00a90ded9', '黃先生', '02-2307-3018', NULL, NULL, NULL, true, 1, '2026-03-05 16:13:20', '2026-03-05 16:13:20');
INSERT INTO "customers" ("id", "customer_number", "notes", "is_deleted", "created_at", "updated_at") VALUES ('7cfc115d-d364-4cf0-b0d8-6bf4c386455e', '20251124-C01', '原始報價編號: 20251124-005
報價紀錄: 20251124-005
歷史成交數: 1', false, '2026-03-05 16:13:20', '2026-03-05 16:13:20');
INSERT INTO "company_names" ("id", "customer_id", "company_name", "is_primary", "sort_order", "created_at", "updated_at") VALUES ('439731f1-5fa5-4ba8-9661-18c950a28a46', '7cfc115d-d364-4cf0-b0d8-6bf4c386455e', '財團法人臺灣更生保護會', true, 1, '2026-03-05 16:13:20', '2026-03-05 16:13:20');
INSERT INTO "locations" ("id", "customer_id", "name", "address", "is_primary", "sort_order", "created_at", "updated_at") VALUES ('b07b3338-0947-4471-b992-5e7cd38b3c78', '7cfc115d-d364-4cf0-b0d8-6bf4c386455e', '主要地址', '台北市大安區基隆路二段166之1號', true, 1, '2026-03-05 16:13:20', '2026-03-05 16:13:20');
INSERT INTO "contacts" ("id", "customer_id", "name", "phone", "mobile", "email", "fax", "is_primary", "sort_order", "created_at", "updated_at") VALUES ('89ab58f2-1500-4601-91e3-40b3503bc478', '7cfc115d-d364-4cf0-b0d8-6bf4c386455e', '呂衍緯 先生', '02-2737-1232', NULL, NULL, NULL, true, 1, '2026-03-05 16:13:20', '2026-03-05 16:13:20');
INSERT INTO "customers" ("id", "customer_number", "notes", "is_deleted", "created_at", "updated_at") VALUES ('ec00573c-3a1b-4c7b-96a6-5497ced4653f', '20251124-C02', '原始報價編號: 20251124-006
報價紀錄: 20251124-006
歷史成交數: 1', false, '2026-03-05 16:13:20', '2026-03-05 16:13:20');
INSERT INTO "company_names" ("id", "customer_id", "company_name", "is_primary", "sort_order", "created_at", "updated_at") VALUES ('12e59708-1d73-44b5-9c58-1f2558bcdabf', 'ec00573c-3a1b-4c7b-96a6-5497ced4653f', '臺北市私立中山國民小學', true, 1, '2026-03-05 16:13:20', '2026-03-05 16:13:20');
INSERT INTO "locations" ("id", "customer_id", "name", "address", "is_primary", "sort_order", "created_at", "updated_at") VALUES ('3deadd4e-fd71-4615-bd6a-11218d4e87b9', 'ec00573c-3a1b-4c7b-96a6-5497ced4653f', '主要地址', '台北市文山區木柵路一段292號', true, 1, '2026-03-05 16:13:20', '2026-03-05 16:13:20');
INSERT INTO "contacts" ("id", "customer_id", "name", "phone", "mobile", "email", "fax", "is_primary", "sort_order", "created_at", "updated_at") VALUES ('6277c1f4-5099-49ed-b42b-6af3eb612c83', 'ec00573c-3a1b-4c7b-96a6-5497ced4653f', '張小姐', '02-2936-0935 #150', NULL, NULL, NULL, true, 1, '2026-03-05 16:13:20', '2026-03-05 16:13:20');
INSERT INTO "customers" ("id", "customer_number", "notes", "is_deleted", "created_at", "updated_at") VALUES ('6fc9d59e-15d5-4c29-a4ab-951f00029196', '20251125-C01', '原始報價編號: 20251125-007
報價紀錄: 20251125-007
歷史成交數: 1', false, '2026-03-05 16:13:20', '2026-03-05 16:13:20');
INSERT INTO "company_names" ("id", "customer_id", "company_name", "is_primary", "sort_order", "created_at", "updated_at") VALUES ('15a84e7d-0b8b-4048-8220-83cf7351bf48', '6fc9d59e-15d5-4c29-a4ab-951f00029196', '德瑪科技股份有限公司', true, 1, '2026-03-05 16:13:20', '2026-03-05 16:13:20');
INSERT INTO "locations" ("id", "customer_id", "name", "address", "is_primary", "sort_order", "created_at", "updated_at") VALUES ('1fecfb47-7144-4482-a5ac-06975a95ea4a', '6fc9d59e-15d5-4c29-a4ab-951f00029196', '主要地址', '台北市內湖區洲子街107號2樓', true, 1, '2026-03-05 16:13:20', '2026-03-05 16:13:20');
INSERT INTO "contacts" ("id", "customer_id", "name", "phone", "mobile", "email", "fax", "is_primary", "sort_order", "created_at", "updated_at") VALUES ('69a51e0c-7e3e-4e26-a34b-48dc6a2ea1c9', '6fc9d59e-15d5-4c29-a4ab-951f00029196', '陳佳慧 小姐', '02-2657-7759 #610', NULL, NULL, NULL, true, 1, '2026-03-05 16:13:20', '2026-03-05 16:13:20');
INSERT INTO "customers" ("id", "customer_number", "notes", "is_deleted", "created_at", "updated_at") VALUES ('39e4f94b-d861-49b7-a4dc-30c48f71a5b4', '20251125-C02', '原始報價編號: 20251125-011
報價紀錄: 20251125-011, 20251125-012
歷史成交數: 2', false, '2026-03-05 16:13:20', '2026-03-05 16:13:20');
INSERT INTO "company_names" ("id", "customer_id", "company_name", "is_primary", "sort_order", "created_at", "updated_at") VALUES ('10ac7ac8-621a-4ad5-8b08-1703191a1ea3', '39e4f94b-d861-49b7-a4dc-30c48f71a5b4', '完美主義美學診所', true, 1, '2026-03-05 16:13:20', '2026-03-05 16:13:20');
INSERT INTO "locations" ("id", "customer_id", "name", "address", "is_primary", "sort_order", "created_at", "updated_at") VALUES ('0b2381b7-854b-4f25-8d9f-6326bd902be6', '39e4f94b-d861-49b7-a4dc-30c48f71a5b4', '主要地址', '台北市大安區忠孝東路四段177號9樓', true, 1, '2026-03-05 16:13:20', '2026-03-05 16:13:20');
INSERT INTO "contacts" ("id", "customer_id", "name", "phone", "mobile", "email", "fax", "is_primary", "sort_order", "created_at", "updated_at") VALUES ('7fd72668-88ce-4a13-b87e-d625119b341c', '39e4f94b-d861-49b7-a4dc-30c48f71a5b4', '吳聲宏 經理', '02-2778-0027', '0905-772-020', NULL, NULL, true, 1, '2026-03-05 16:13:20', '2026-03-05 16:13:20');
INSERT INTO "customers" ("id", "customer_number", "notes", "is_deleted", "created_at", "updated_at") VALUES ('7edc4c3e-f372-49ba-8ae3-021b1ef9eade', '20251210-C01', '原始報價編號: 20251210-003
報價紀錄: 20251210-003
歷史成交數: 1', false, '2026-03-05 16:13:20', '2026-03-05 16:13:20');
INSERT INTO "company_names" ("id", "customer_id", "company_name", "is_primary", "sort_order", "created_at", "updated_at") VALUES ('a6a26f3c-cb7d-497c-91e8-64b3cafd0e1b', '7edc4c3e-f372-49ba-8ae3-021b1ef9eade', '葛鎂診所', true, 1, '2026-03-05 16:13:20', '2026-03-05 16:13:20');
INSERT INTO "locations" ("id", "customer_id", "name", "address", "is_primary", "sort_order", "created_at", "updated_at") VALUES ('b4931313-dff1-4f8b-95de-f6cb20123e52', '7edc4c3e-f372-49ba-8ae3-021b1ef9eade', '主要地址', '台北市中正區館前路34號9樓', true, 1, '2026-03-05 16:13:20', '2026-03-05 16:13:20');
INSERT INTO "contacts" ("id", "customer_id", "name", "phone", "mobile", "email", "fax", "is_primary", "sort_order", "created_at", "updated_at") VALUES ('781bc52d-ebb5-498a-8fe7-aec554d834ed', '7edc4c3e-f372-49ba-8ae3-021b1ef9eade', 'Lrene', '02-2708-7000', NULL, NULL, NULL, true, 1, '2026-03-05 16:13:20', '2026-03-05 16:13:20');
INSERT INTO "customers" ("id", "customer_number", "notes", "is_deleted", "created_at", "updated_at") VALUES ('fce2a0a2-d9d4-4963-9680-6fd23c3d8910', '20251210-C02', '原始報價編號: 20251210-005
報價紀錄: 20251210-005, 20251210-006
歷史成交數: 2', false, '2026-03-05 16:13:20', '2026-03-05 16:13:20');
INSERT INTO "locations" ("id", "customer_id", "name", "address", "is_primary", "sort_order", "created_at", "updated_at") VALUES ('e0f35151-af9f-4edc-97f9-e50e0084c5a3', 'fce2a0a2-d9d4-4963-9680-6fd23c3d8910', '主要地址', '台北市重慶南路1段121號8樓之8', true, 1, '2026-03-05 16:13:20', '2026-03-05 16:13:20');
INSERT INTO "locations" ("id", "customer_id", "name", "address", "is_primary", "sort_order", "created_at", "updated_at") VALUES ('6bec2f09-45c6-4556-9550-98b8077bc70f', 'fce2a0a2-d9d4-4963-9680-6fd23c3d8910', '分支地址2', '台北市重慶南路一段121號8樓之8', false, 2, '2026-03-05 16:13:20', '2026-03-05 16:13:20');
INSERT INTO "contacts" ("id", "customer_id", "name", "phone", "mobile", "email", "fax", "is_primary", "sort_order", "created_at", "updated_at") VALUES ('6132ad40-0704-4858-b481-6813ce91fce8', 'fce2a0a2-d9d4-4963-9680-6fd23c3d8910', '傅太太', NULL, '0988-317358', NULL, NULL, true, 1, '2026-03-05 16:13:20', '2026-03-05 16:13:20');
INSERT INTO "customers" ("id", "customer_number", "notes", "is_deleted", "created_at", "updated_at") VALUES ('1069ae5e-dbb6-4c73-ac5b-47a1accac63e', '20251230-C01', '原始報價編號: 20251230-003
報價紀錄: 20251230-003
歷史成交數: 1', false, '2026-03-05 16:13:20', '2026-03-05 16:13:20');
INSERT INTO "company_names" ("id", "customer_id", "company_name", "is_primary", "sort_order", "created_at", "updated_at") VALUES ('2ff89a8d-f8d5-4c7d-899a-0540ff3b6a9a', '1069ae5e-dbb6-4c73-ac5b-47a1accac63e', '昇揚國際科技股份有限公司', true, 1, '2026-03-05 16:13:20', '2026-03-05 16:13:20');
INSERT INTO "locations" ("id", "customer_id", "name", "address", "is_primary", "sort_order", "created_at", "updated_at") VALUES ('3dedb75e-5889-497a-9f1b-afce196c2bb3', '1069ae5e-dbb6-4c73-ac5b-47a1accac63e', '主要地址', '台北市內湖區瑞光路478巷18弄30號8樓', true, 1, '2026-03-05 16:13:20', '2026-03-05 16:13:20');
INSERT INTO "contacts" ("id", "customer_id", "name", "phone", "mobile", "email", "fax", "is_primary", "sort_order", "created_at", "updated_at") VALUES ('0766819f-f90c-4ba6-9384-381d70bec03c', '1069ae5e-dbb6-4c73-ac5b-47a1accac63e', '徐伶玟 小姐', '02-2791-6636', NULL, NULL, NULL, true, 1, '2026-03-05 16:13:20', '2026-03-05 16:13:20');
INSERT INTO "customers" ("id", "customer_number", "notes", "is_deleted", "created_at", "updated_at") VALUES ('7335b92b-b9ca-4480-bdb3-a099c4f984e5', '20260120-C01', '原始報價編號: 20260120-005
報價紀錄: 20260120-005
歷史成交數: 1', false, '2026-03-05 16:13:20', '2026-03-05 16:13:20');
INSERT INTO "company_names" ("id", "customer_id", "company_name", "is_primary", "sort_order", "created_at", "updated_at") VALUES ('4bc2908c-f8d9-4ec9-b778-aefcafd5f938', '7335b92b-b9ca-4480-bdb3-a099c4f984e5', '鴻昌工業股份有限公司', true, 1, '2026-03-05 16:13:20', '2026-03-05 16:13:20');
INSERT INTO "locations" ("id", "customer_id", "name", "address", "is_primary", "sort_order", "created_at", "updated_at") VALUES ('3635bac9-3b6a-4f22-ac71-6dbfc3a07364', '7335b92b-b9ca-4480-bdb3-a099c4f984e5', '主要地址', '台北市大安區復興南路一段368-1號13樓', true, 1, '2026-03-05 16:13:20', '2026-03-05 16:13:20');
INSERT INTO "contacts" ("id", "customer_id", "name", "phone", "mobile", "email", "fax", "is_primary", "sort_order", "created_at", "updated_at") VALUES ('ecf2a396-35cd-4d08-a6d7-e7f8eae73858', '7335b92b-b9ca-4480-bdb3-a099c4f984e5', '鄭家姍 小姐', '02-2706-4646 #211', NULL, NULL, NULL, true, 1, '2026-03-05 16:13:20', '2026-03-05 16:13:20');
INSERT INTO "customers" ("id", "customer_number", "notes", "is_deleted", "created_at", "updated_at") VALUES ('8fcde39e-b8dd-4388-9b89-1a1d8d7218c4', '20260122-C01', '原始報價編號: 20260122-004
報價紀錄: 20260122-004
歷史成交數: 1', false, '2026-03-05 16:13:20', '2026-03-05 16:13:20');
INSERT INTO "company_names" ("id", "customer_id", "company_name", "is_primary", "sort_order", "created_at", "updated_at") VALUES ('ae0bff1d-9944-4240-b14e-d997626d0c0f', '8fcde39e-b8dd-4388-9b89-1a1d8d7218c4', '海利普電子科技股份有限公司', true, 1, '2026-03-05 16:13:20', '2026-03-05 16:13:20');
INSERT INTO "locations" ("id", "customer_id", "name", "address", "is_primary", "sort_order", "created_at", "updated_at") VALUES ('2b4d84d7-2185-4519-8be8-06bf6eb08e48', '8fcde39e-b8dd-4388-9b89-1a1d8d7218c4', '主要地址', '新北市三重區重新路五段609巷12號3樓之9', true, 1, '2026-03-05 16:13:20', '2026-03-05 16:13:20');
INSERT INTO "customers" ("id", "customer_number", "notes", "is_deleted", "created_at", "updated_at") VALUES ('1d656e4f-6999-418f-b574-84bf25a21f36', '20260123-C01', '原始報價編號: 20260123-009
報價紀錄: 20260123-009
歷史成交數: 1', false, '2026-03-05 16:13:20', '2026-03-05 16:13:20');
INSERT INTO "company_names" ("id", "customer_id", "company_name", "is_primary", "sort_order", "created_at", "updated_at") VALUES ('39b69343-2ef3-4014-a39f-031c8b2e6364', '1d656e4f-6999-418f-b574-84bf25a21f36', '珅采股份有限公司', true, 1, '2026-03-05 16:13:20', '2026-03-05 16:13:20');
INSERT INTO "locations" ("id", "customer_id", "name", "address", "is_primary", "sort_order", "created_at", "updated_at") VALUES ('030236c1-00f9-4e98-acb4-32047b1222a5', '1d656e4f-6999-418f-b574-84bf25a21f36', '主要地址', '台北市大安區忠孝東路三段96號12樓之1', true, 1, '2026-03-05 16:13:20', '2026-03-05 16:13:20');
INSERT INTO "contacts" ("id", "customer_id", "name", "phone", "mobile", "email", "fax", "is_primary", "sort_order", "created_at", "updated_at") VALUES ('537ce73a-a8a9-4fc9-a5c1-456da8fff3ea', '1d656e4f-6999-418f-b574-84bf25a21f36', '鄧小姐', '02-2771-7200', NULL, NULL, NULL, true, 1, '2026-03-05 16:13:20', '2026-03-05 16:13:20');
INSERT INTO "customers" ("id", "customer_number", "notes", "is_deleted", "created_at", "updated_at") VALUES ('1c0dd146-1b5d-4ead-9f4d-df4cd6922e9d', '20260123-C02', '原始報價編號: 20260123-012
報價紀錄: 20260123-012
歷史成交數: 1', false, '2026-03-05 16:13:20', '2026-03-05 16:13:20');
INSERT INTO "locations" ("id", "customer_id", "name", "address", "is_primary", "sort_order", "created_at", "updated_at") VALUES ('1687d059-330c-40e9-8c91-7820c6eb2450', '1c0dd146-1b5d-4ead-9f4d-df4cd6922e9d', '主要地址', '台北市南京東路四段15號3樓之1', true, 1, '2026-03-05 16:13:20', '2026-03-05 16:13:20');
INSERT INTO "contacts" ("id", "customer_id", "name", "phone", "mobile", "email", "fax", "is_primary", "sort_order", "created_at", "updated_at") VALUES ('72447c2d-f196-4ae3-a350-9b2fe7057e6b', '1c0dd146-1b5d-4ead-9f4d-df4cd6922e9d', '徐子政 先生', NULL, '0975-620-280', NULL, NULL, true, 1, '2026-03-05 16:13:20', '2026-03-05 16:13:20');
INSERT INTO "customers" ("id", "customer_number", "notes", "is_deleted", "created_at", "updated_at") VALUES ('6109c828-74d8-47d8-ace6-cdfa080a5da7', '20260206-C01', '原始報價編號: 20260206-007
報價紀錄: 20260206-007
歷史成交數: 1', false, '2026-03-05 16:13:20', '2026-03-05 16:13:20');
INSERT INTO "locations" ("id", "customer_id", "name", "address", "is_primary", "sort_order", "created_at", "updated_at") VALUES ('b369a85c-34b7-4ac4-83c4-f78278bd4db8', '6109c828-74d8-47d8-ace6-cdfa080a5da7', '主要地址', '台北市大安區信義路四段255號6樓', true, 1, '2026-03-05 16:13:20', '2026-03-05 16:13:20');
INSERT INTO "contacts" ("id", "customer_id", "name", "phone", "mobile", "email", "fax", "is_primary", "sort_order", "created_at", "updated_at") VALUES ('afdcba3b-f875-4bed-8aed-be9e3f3d2934', '6109c828-74d8-47d8-ace6-cdfa080a5da7', '劉建欣 先生', '02-7702-6782', NULL, NULL, NULL, true, 1, '2026-03-05 16:13:20', '2026-03-05 16:13:20');
INSERT INTO "customers" ("id", "customer_number", "notes", "is_deleted", "created_at", "updated_at") VALUES ('4af5a0c0-3943-4198-8e38-474e08a9b7dc', '20260224-C01', '原始報價編號: 20260224-012
報價紀錄: 20260224-012
歷史成交數: 1', false, '2026-03-05 16:13:20', '2026-03-05 16:13:20');
INSERT INTO "company_names" ("id", "customer_id", "company_name", "is_primary", "sort_order", "created_at", "updated_at") VALUES ('8771b7d5-7378-4743-86a0-a789f76d2470', '4af5a0c0-3943-4198-8e38-474e08a9b7dc', '金筆企業股份有限公司', true, 1, '2026-03-05 16:13:20', '2026-03-05 16:13:20');
INSERT INTO "locations" ("id", "customer_id", "name", "address", "is_primary", "sort_order", "created_at", "updated_at") VALUES ('7f06915c-c9cc-485c-9c39-6c5f31ff692b', '4af5a0c0-3943-4198-8e38-474e08a9b7dc', '主要地址', '新北市新北產業園區五工三路106巷7號', true, 1, '2026-03-05 16:13:20', '2026-03-05 16:13:20');
INSERT INTO "contacts" ("id", "customer_id", "name", "phone", "mobile", "email", "fax", "is_primary", "sort_order", "created_at", "updated_at") VALUES ('a143c0d5-5a71-4d13-bfd0-ee1d3f0eae3c', '4af5a0c0-3943-4198-8e38-474e08a9b7dc', '蔡小姐', '02-2298-3178 #213', NULL, NULL, NULL, true, 1, '2026-03-05 16:13:20', '2026-03-05 16:13:20');
INSERT INTO "customers" ("id", "customer_number", "notes", "is_deleted", "created_at", "updated_at") VALUES ('31df14aa-2167-41bd-9ff1-6449c748fd6e', '20260224-C02', '原始報價編號: 20260224-014
報價紀錄: 20260224-014
歷史成交數: 1', false, '2026-03-05 16:13:20', '2026-03-05 16:13:20');
INSERT INTO "company_names" ("id", "customer_id", "company_name", "is_primary", "sort_order", "created_at", "updated_at") VALUES ('f572250e-9038-46f4-868e-afb88ce6556d', '31df14aa-2167-41bd-9ff1-6449c748fd6e', '三星半導體', true, 1, '2026-03-05 16:13:20', '2026-03-05 16:13:20');
INSERT INTO "locations" ("id", "customer_id", "name", "address", "is_primary", "sort_order", "created_at", "updated_at") VALUES ('9373b101-1782-4d08-89fd-da5b66a51840', '31df14aa-2167-41bd-9ff1-6449c748fd6e', '主要地址', '台北市內湖區瑞光路399號10F', true, 1, '2026-03-05 16:13:20', '2026-03-05 16:13:20');
INSERT INTO "contacts" ("id", "customer_id", "name", "phone", "mobile", "email", "fax", "is_primary", "sort_order", "created_at", "updated_at") VALUES ('0ea26b25-d321-4cc4-854d-cf4a34cb3da0', '31df14aa-2167-41bd-9ff1-6449c748fd6e', '甘紅軍', '+86 13712838500', NULL, NULL, NULL, true, 1, '2026-03-05 16:13:20', '2026-03-05 16:13:20');
INSERT INTO "customers" ("id", "customer_number", "notes", "is_deleted", "created_at", "updated_at") VALUES ('77cbb281-7517-499b-8add-fc4f5cbd2812', '20260303-C01', '原始報價編號: 20260303-007
報價紀錄: 20260303-007
歷史成交數: 1', false, '2026-03-05 16:13:20', '2026-03-05 16:13:20');
INSERT INTO "company_names" ("id", "customer_id", "company_name", "is_primary", "sort_order", "created_at", "updated_at") VALUES ('35f495cf-12b5-4c55-b6a4-98c92b8ac26c', '77cbb281-7517-499b-8add-fc4f5cbd2812', '台江化學工業股份有限公司', true, 1, '2026-03-05 16:13:20', '2026-03-05 16:13:20');
INSERT INTO "locations" ("id", "customer_id", "name", "address", "is_primary", "sort_order", "created_at", "updated_at") VALUES ('2d5df2c1-7f11-40fc-a145-8e8688cabc9e', '77cbb281-7517-499b-8add-fc4f5cbd2812', '主要地址', '台北市大安區復興南路一段243號5樓之1', true, 1, '2026-03-05 16:13:20', '2026-03-05 16:13:20');
INSERT INTO "contacts" ("id", "customer_id", "name", "phone", "mobile", "email", "fax", "is_primary", "sort_order", "created_at", "updated_at") VALUES ('722ae1c8-3c05-4d0c-88ae-a086921d7adb', '77cbb281-7517-499b-8add-fc4f5cbd2812', '蔡小姐', '02-2708-4879', NULL, NULL, NULL, true, 1, '2026-03-05 16:13:20', '2026-03-05 16:13:20');
INSERT INTO "customers" ("id", "customer_number", "notes", "is_deleted", "created_at", "updated_at") VALUES ('3d114950-820f-4c3c-8d11-64e492cea09a', '20260305-C01', '原始報價編號: 20260305-008
報價紀錄: 20260305-008
歷史成交數: 1', false, '2026-03-05 16:13:20', '2026-03-05 16:13:20');
INSERT INTO "company_names" ("id", "customer_id", "company_name", "is_primary", "sort_order", "created_at", "updated_at") VALUES ('b14dfffe-f672-42ed-9e29-ef5a5a0b666a', '3d114950-820f-4c3c-8d11-64e492cea09a', '齊科實業股份有限公司', true, 1, '2026-03-05 16:13:20', '2026-03-05 16:13:20');
INSERT INTO "locations" ("id", "customer_id", "name", "address", "is_primary", "sort_order", "created_at", "updated_at") VALUES ('ed343ec8-3783-4e1b-b15c-9978de36213b', '3d114950-820f-4c3c-8d11-64e492cea09a', '主要地址', '台北市大安區敦化南路一段193號10樓', true, 1, '2026-03-05 16:13:20', '2026-03-05 16:13:20');
INSERT INTO "contacts" ("id", "customer_id", "name", "phone", "mobile", "email", "fax", "is_primary", "sort_order", "created_at", "updated_at") VALUES ('7cf8b545-7963-4d72-b33d-d2cc5680e837', '3d114950-820f-4c3c-8d11-64e492cea09a', '林純年 小姐', '02-2776-2629', NULL, NULL, NULL, true, 1, '2026-03-05 16:13:20', '2026-03-05 16:13:20');
COMMIT;